dataset_key,dataset,model_key,model,layer,layer_name,cr_seq_mean,cr_seq_std,cr_seq_se,cr_first_token_mean,cr_first_token_std,cr_first_token_se,kcr_seq_mean,kcr_seq_std,kcr_seq_se,valid_sample_count,valid_restore_forward_count,hidden_std_mean,invalid_reason,valid_for_cma_direct,cma_rank,rank
mmke-visual,MMKE-visual,minigpt-4-vicuna-7b,MiniGPT-4-Vicuna-7B,0,L0,0.9649453405089821,0.07987374080530919,0.011295852752434155,0.6296189973641362,0.5328464713695493,0.09138241593805604,0.9921578727324406,0.005100752832619903,0.0007213553834204048,50,50,2.819066259348504,,True,1,1
mmke-visual,MMKE-visual,minigpt-4-vicuna-7b,MiniGPT-4-Vicuna-7B,1,L1,0.9617033165700467,0.09520589860958653,0.013464147303159505,0.5086596710197894,0.7462125796220923,0.12797440162073054,0.9871061630485607,0.007951268591013246,0.0011244791879482143,50,50,2.8160625150270553,,True,2,2
mmke-visual,MMKE-visual,minigpt-4-vicuna-7b,MiniGPT-4-Vicuna-7B,2,L2,0.9455696058976955,0.1277370039289752,0.018064740337326204,0.587207592021901,0.707423676906362,0.12132215968575238,0.9798008654585665,0.011154260480865005,0.001577450645028153,50,50,2.8104301067156214,,True,3,3
mmke-visual,MMKE-visual,minigpt-4-vicuna-7b,MiniGPT-4-Vicuna-7B,3,L3,0.8646211327382979,0.21828395961849154,0.030870013614097174,0.5892830893410416,0.8882471796404848,0.15233313456516703,0.9483732704034213,0.031724839291660006,0.004486569799037244,50,50,2.795861200751545,,True,4,4
mmke-visual,MMKE-visual,minigpt-4-vicuna-7b,MiniGPT-4-Vicuna-7B,4,L4,0.8228333016618499,0.2724843640428517,0.038535108316400855,0.5249399198464293,0.9740945982542624,0.16705584539556656,0.919407267007263,0.05855124789303359,0.008280396886419721,50,50,2.7826330472375744,,True,5,5
mmke-visual,MMKE-visual,minigpt-4-vicuna-7b,MiniGPT-4-Vicuna-7B,5,L5,0.7773110709042956,0.36432870810253937,0.051523860016047966,0.6233448957585002,0.9886332535172249,0.16954920420303932,0.8867109715613346,0.08137022742304492,0.011507487919505326,50,50,2.760822234866775,,True,6,6
mmke-visual,MMKE-visual,minigpt-4-vicuna-7b,MiniGPT-4-Vicuna-7B,6,L6,0.7577046382744845,0.3934618648365811,0.05564391055285025,0.30138861317564336,0.9816405523447667,0.16834996584563836,0.8483666094573128,0.08397417745948955,0.011875742065233518,50,50,2.7352737645122494,,True,7,7
mmke-visual,MMKE-visual,minigpt-4-vicuna-7b,MiniGPT-4-Vicuna-7B,7,L7,0.7230083970990733,0.44851632076410375,0.06342978637702769,0.363823080162107,0.9575107604849417,0.16421174068189515,0.8050122265605758,0.09588810903716806,0.01356062642706732,50,50,2.7072495567464383,,True,8,8
mmke-visual,MMKE-visual,minigpt-4-vicuna-7b,MiniGPT-4-Vicuna-7B,8,L8,0.703577479373848,0.46283533676297867,0.06545480103957231,0.5061860712507582,1.3585103477101552,0.23298260253374933,0.7703001272426306,0.09621869687952192,0.013607378608088569,50,50,2.669591032456015,,True,9,9
mmke-visual,MMKE-visual,minigpt-4-vicuna-7b,MiniGPT-4-Vicuna-7B,9,L9,0.6755916535153271,0.4623703444241987,0.06538904119238209,0.2451816669120308,0.9223962654046824,0.1581896544576371,0.6770521269016078,0.09938280695007716,0.014054851345550621,50,50,2.6356525064628813,,True,10,10
mmke-visual,MMKE-visual,minigpt-4-vicuna-7b,MiniGPT-4-Vicuna-7B,10,L10,0.6207781341079407,0.46949907295967513,0.06639719565011679,0.03784063845806182,1.1789380688280653,0.2021862107746549,0.6322118915874176,0.09720597479648119,0.013747000790088094,50,50,2.6073536906286936,,True,11,11
mmke-visual,MMKE-visual,minigpt-4-vicuna-7b,MiniGPT-4-Vicuna-7B,11,L11,0.5926756638662716,0.45424491337389433,0.0642399317132353,-0.055060135317214806,1.4666970874646104,0.2515364753328192,0.602036108098599,0.09616590684391907,0.013599912969657799,50,50,2.576022825508474,,True,12,12
mmke-visual,MMKE-visual,minigpt-4-vicuna-7b,MiniGPT-4-Vicuna-7B,12,L12,0.5608614873571134,0.45184465666389256,0.06390048415398915,0.0006048337721784721,1.4593530864711157,0.2502769895531497,0.5690592189581024,0.09912412934858376,0.01401826880831921,50,50,2.5520732536494175,,True,13,13
mmke-visual,MMKE-visual,minigpt-4-vicuna-7b,MiniGPT-4-Vicuna-7B,13,L13,0.552787220282735,0.4373721852868489,0.06185376762374199,-0.01929649594735367,1.5490922603962556,0.2656671309131687,0.515079727033096,0.10247599228590586,0.014492293810836873,50,50,2.5224754554088986,,True,14,14
mmke-visual,MMKE-visual,minigpt-4-vicuna-7b,MiniGPT-4-Vicuna-7B,14,L14,0.4316446294050164,0.4492400871026302,0.06353214239422102,0.12303566945883562,1.3576172070721564,0.23282943017799926,0.42765340854901546,0.11060553946573286,0.015641985398603203,50,50,2.4902032992550147,,True,15,15
mmke-visual,MMKE-visual,minigpt-4-vicuna-7b,MiniGPT-4-Vicuna-7B,15,L15,0.34320615708055924,0.4262317592821454,0.060278273469095436,0.09839701035431991,1.4187965494774084,0.24332160084044907,0.3882628397518515,0.10304695608660847,0.014573040285894644,50,50,2.480815571045207,,True,16,16
mmke-visual,MMKE-visual,minigpt-4-vicuna-7b,MiniGPT-4-Vicuna-7B,16,L16,0.21033097986202645,0.45454033317497033,0.06428171038216283,0.09433560671699691,1.46041066380457,0.25045836256951587,0.32516070356207777,0.10481450897450734,0.014823010012522475,50,50,2.4609933378540467,,True,17,17
mmke-visual,MMKE-visual,minigpt-4-vicuna-7b,MiniGPT-4-Vicuna-7B,17,L17,0.19249631930710043,0.4139238484512971,0.058537672026949,0.010581405607359949,1.5777756131995198,0.27058628533607193,0.2885943252377166,0.10179355854204006,0.014395783105237266,50,50,2.4502828589109615,,True,18,18
mmke-visual,MMKE-visual,minigpt-4-vicuna-7b,MiniGPT-4-Vicuna-7B,18,L18,0.1803658753270753,0.40093369531305256,0.056700586952408115,0.03873185339274223,1.5105338394856256,0.2590544162816663,0.2575528939802686,0.0927876006603597,0.013122148327393942,50,50,2.463397024947906,,True,19,19
mmke-visual,MMKE-visual,minigpt-4-vicuna-7b,MiniGPT-4-Vicuna-7B,19,L19,0.1262255152798675,0.38184676001179807,0.05400128667569092,-0.073795135052111,1.6663108832813531,0.28576995889031626,0.22504498236170656,0.09323696709988906,0.013185698338719716,50,50,2.4881560780177607,,True,20,20
mmke-visual,MMKE-visual,minigpt-4-vicuna-7b,MiniGPT-4-Vicuna-7B,22,L22,0.08361942635728244,0.3250955315853838,0.045975450983494065,0.5120008849905175,1.3361773864670583,0.22915253127851573,0.16023853442486322,0.06410128114689687,0.009065290116343232,50,50,2.6097235846742293,,True,21,21
mmke-visual,MMKE-visual,minigpt-4-vicuna-7b,MiniGPT-4-Vicuna-7B,20,L20,0.07928616649732124,0.35653541985995707,0.0504217226232337,0.17705819932703493,1.3549968500409941,0.2323800426545867,0.19677731912933408,0.07345106684343994,0.010387549490076552,50,50,2.5219696225406967,,True,22,22
mmke-visual,MMKE-visual,minigpt-4-vicuna-7b,MiniGPT-4-Vicuna-7B,21,L21,0.07049741363824479,0.3382549268976614,0.047836470515819254,0.29253778592407553,1.1870500858053639,0.2035774102089136,0.17954014108643193,0.06675473090980646,0.009440544580521475,50,50,2.5724949212831874,,True,23,23
mmke-visual,MMKE-visual,minigpt-4-vicuna-7b,MiniGPT-4-Vicuna-7B,28,L28,0.05690864420665746,0.21313530124787256,0.03014188336452166,0.5191477920729005,0.8542739150870771,0.14650676776158544,0.06322828186350195,0.038494368554216826,0.005443925808436182,50,50,3.076473530207839,,True,24,24
mmke-visual,MMKE-visual,minigpt-4-vicuna-7b,MiniGPT-4-Vicuna-7B,27,L27,0.056456964633164304,0.22155593166115917,0.03133274033794179,0.5490932786461082,0.8716186628405294,0.14948136746095622,0.08166609476082064,0.04363579247360715,0.006171032952107306,50,50,2.964649287339683,,True,25,25
mmke-visual,MMKE-visual,minigpt-4-vicuna-7b,MiniGPT-4-Vicuna-7B,23,L23,0.04405829636751649,0.27353892020069126,0.03868424507847094,0.4415883718451177,1.1511621502724625,0.19742268004133545,0.12026268663927522,0.05175879478789949,0.007319798956113332,50,50,2.6842330337684843,,True,26,26
mmke-visual,MMKE-visual,minigpt-4-vicuna-7b,MiniGPT-4-Vicuna-7B,30,L30,0.04353732570121422,0.1515475488679247,0.02143205989534185,0.11420120777532326,0.3222828420728877,0.05527105143120686,0.035901470866836885,0.026283406836468046,0.0037170350413502835,50,50,3.314632596256577,,True,27,27
mmke-visual,MMKE-visual,minigpt-4-vicuna-7b,MiniGPT-4-Vicuna-7B,26,L26,0.0397833865909183,0.23052733038873846,0.032601487713341724,0.7633981140869028,1.2046720393324855,0.206599550306262,0.08372590539725701,0.042509042060441475,0.0060116863805364665,50,50,2.9021199585121367,,True,28,28
mmke-visual,MMKE-visual,minigpt-4-vicuna-7b,MiniGPT-4-Vicuna-7B,29,L29,0.0379975149572281,0.2065854732643533,0.029215597807971286,0.2690308738394739,0.4002489963133337,0.06864213657244596,0.04863429461913153,0.034738385154593786,0.004912749542056671,50,50,3.187993047393371,,True,29,29
mmke-visual,MMKE-visual,minigpt-4-vicuna-7b,MiniGPT-4-Vicuna-7B,25,L25,0.02524036809974508,0.22910194712505907,0.03239990807903422,0.6950100217405744,1.1566071527309394,0.1983564902590617,0.08760564883000584,0.04248225346507221,0.006007897901047652,50,50,2.832613151764201,,True,30,30
mmke-visual,MMKE-visual,minigpt-4-vicuna-7b,MiniGPT-4-Vicuna-7B,24,L24,0.01918540299203227,0.25669499894107417,0.03630215488958143,0.49747411827452764,1.112842116059743,0.19085084839124153,0.10433738738373499,0.05141948036378491,0.0072718126500641665,50,50,2.7528838320313214,,True,31,31
mmke-visual,MMKE-visual,minigpt-4-vicuna-7b,MiniGPT-4-Vicuna-7B,31,L31,0.0,0.0,0.0,0.0,0.0,0.0,0.0,0.0,0.0,50,50,3.544115892080503,,True,32,32
