dataset,model,method,variant,new_field,old_field,layer_space,score_space,target_parameter_scope,include_bias,layer,layer_name,module_path,param_names,param_count,score,score_raw,score_lga_cos,score_old_grad_norm,score_new_grad_norm,rank,localization_sample_count,processed_sample_count,valid_sample_count,skipped_sample_count,failure_count,failure_reasons,rank_metric,dot_normalization,candidate_conversion,status,failure_reason
MMKE-visual,LLaVA-v1.5-7B,LGA-Param-Direct-AltModelPred,direct,alt,model_pred,text_decoder,param_mlp_ffn,mlp_ffn_weight_only,False,24,L24,language_model.model.layers.24.mlp,gate_proj.weight;up_proj.weight;down_proj.weight,135266304,-0.02392110494090566,-0.02392110494090566,-0.0016952073542418026,2.525840246566182,1.7168013786572318,1,214,214,214,0,0,{},raw_old_new_parameter_gradient_dot,none,direct,ok,
MMKE-visual,LLaVA-v1.5-7B,LGA-Param-Direct-AltModelPred,direct,alt,model_pred,text_decoder,param_mlp_ffn,mlp_ffn_weight_only,False,22,L22,language_model.model.layers.22.mlp,gate_proj.weight;up_proj.weight;down_proj.weight,135266304,-0.03213620923430154,-0.03213620923430154,-0.002857650534091881,2.7421691876236576,1.7914116698005882,2,214,214,214,0,0,{},raw_old_new_parameter_gradient_dot,none,direct,ok,
MMKE-visual,LLaVA-v1.5-7B,LGA-Param-Direct-AltModelPred,direct,alt,model_pred,text_decoder,param_mlp_ffn,mlp_ffn_weight_only,False,27,L27,language_model.model.layers.27.mlp,gate_proj.weight;up_proj.weight;down_proj.weight,135266304,-0.03448163195843395,-0.03448163195843395,-0.003718743450683046,2.4913433406715386,1.657162972223754,3,214,214,214,0,0,{},raw_old_new_parameter_gradient_dot,none,direct,ok,
MMKE-visual,LLaVA-v1.5-7B,LGA-Param-Direct-AltModelPred,direct,alt,model_pred,text_decoder,param_mlp_ffn,mlp_ffn_weight_only,False,25,L25,language_model.model.layers.25.mlp,gate_proj.weight;up_proj.weight;down_proj.weight,135266304,-0.045128195181953566,-0.045128195181953566,-0.008428248823059944,2.49100697708494,1.6879173386211177,4,214,214,214,0,0,{},raw_old_new_parameter_gradient_dot,none,direct,ok,
MMKE-visual,LLaVA-v1.5-7B,LGA-Param-Direct-AltModelPred,direct,alt,model_pred,text_decoder,param_mlp_ffn,mlp_ffn_weight_only,False,23,L23,language_model.model.layers.23.mlp,gate_proj.weight;up_proj.weight;down_proj.weight,135266304,-0.04951289621365113,-0.04951289621365113,-0.005851676273210895,2.662878449986495,1.7582267616403038,5,214,214,214,0,0,{},raw_old_new_parameter_gradient_dot,none,direct,ok,
MMKE-visual,LLaVA-v1.5-7B,LGA-Param-Direct-AltModelPred,direct,alt,model_pred,text_decoder,param_mlp_ffn,mlp_ffn_weight_only,False,20,L20,language_model.model.layers.20.mlp,gate_proj.weight;up_proj.weight;down_proj.weight,135266304,-0.053936021517941544,-0.053936021517941544,-0.00454126612333169,3.1239352809408825,1.9634190624838153,6,214,214,214,0,0,{},raw_old_new_parameter_gradient_dot,none,direct,ok,
MMKE-visual,LLaVA-v1.5-7B,LGA-Param-Direct-AltModelPred,direct,alt,model_pred,text_decoder,param_mlp_ffn,mlp_ffn_weight_only,False,19,L19,language_model.model.layers.19.mlp,gate_proj.weight;up_proj.weight;down_proj.weight,135266304,-0.05579915640453555,-0.05579915640453555,-0.004344636695009826,3.3526871012406216,2.0519737899812407,7,214,214,214,0,0,{},raw_old_new_parameter_gradient_dot,none,direct,ok,
MMKE-visual,LLaVA-v1.5-7B,LGA-Param-Direct-AltModelPred,direct,alt,model_pred,text_decoder,param_mlp_ffn,mlp_ffn_weight_only,False,18,L18,language_model.model.layers.18.mlp,gate_proj.weight;up_proj.weight;down_proj.weight,135266304,-0.056803343749048066,-0.056803343749048066,-0.004150560975858874,3.518726818455038,2.114104368464312,8,214,214,214,0,0,{},raw_old_new_parameter_gradient_dot,none,direct,ok,
MMKE-visual,LLaVA-v1.5-7B,LGA-Param-Direct-AltModelPred,direct,alt,model_pred,text_decoder,param_mlp_ffn,mlp_ffn_weight_only,False,21,L21,language_model.model.layers.21.mlp,gate_proj.weight;up_proj.weight;down_proj.weight,135266304,-0.0574370736734143,-0.0574370736734143,-0.005772080478845202,2.93694072820778,1.859244367355989,9,214,214,214,0,0,{},raw_old_new_parameter_gradient_dot,none,direct,ok,
MMKE-visual,LLaVA-v1.5-7B,LGA-Param-Direct-AltModelPred,direct,alt,model_pred,text_decoder,param_mlp_ffn,mlp_ffn_weight_only,False,17,L17,language_model.model.layers.17.mlp,gate_proj.weight;up_proj.weight;down_proj.weight,135266304,-0.05810483243037885,-0.05810483243037885,-0.004768714711671725,3.8153755913737224,2.149332112741936,10,214,214,214,0,0,{},raw_old_new_parameter_gradient_dot,none,direct,ok,
MMKE-visual,LLaVA-v1.5-7B,LGA-Param-Direct-AltModelPred,direct,alt,model_pred,text_decoder,param_mlp_ffn,mlp_ffn_weight_only,False,26,L26,language_model.model.layers.26.mlp,gate_proj.weight;up_proj.weight;down_proj.weight,135266304,-0.06034490584885967,-0.06034490584885967,-0.008521092703963491,2.5047061104961523,1.633508234744288,11,214,214,214,0,0,{},raw_old_new_parameter_gradient_dot,none,direct,ok,
MMKE-visual,LLaVA-v1.5-7B,LGA-Param-Direct-AltModelPred,direct,alt,model_pred,text_decoder,param_mlp_ffn,mlp_ffn_weight_only,False,28,L28,language_model.model.layers.28.mlp,gate_proj.weight;up_proj.weight;down_proj.weight,135266304,-0.09014757701835517,-0.09014757701835517,-0.011007529169455608,2.828879642341289,1.714563947370886,12,214,214,214,0,0,{},raw_old_new_parameter_gradient_dot,none,direct,ok,
MMKE-visual,LLaVA-v1.5-7B,LGA-Param-Direct-AltModelPred,direct,alt,model_pred,text_decoder,param_mlp_ffn,mlp_ffn_weight_only,False,0,L0,language_model.model.layers.0.mlp,gate_proj.weight;up_proj.weight;down_proj.weight,135266304,-0.09406136514079212,-0.09406136514079212,-0.02916318377894787,1.5218779462436185,0.8499083198065699,13,214,214,214,0,0,{},raw_old_new_parameter_gradient_dot,none,direct,ok,
MMKE-visual,LLaVA-v1.5-7B,LGA-Param-Direct-AltModelPred,direct,alt,model_pred,text_decoder,param_mlp_ffn,mlp_ffn_weight_only,False,16,L16,language_model.model.layers.16.mlp,gate_proj.weight;up_proj.weight;down_proj.weight,135266304,-0.10192165495942034,-0.10192165495942034,-0.008052104526740402,4.139317632201973,2.2790405066454107,14,214,214,214,0,0,{},raw_old_new_parameter_gradient_dot,none,direct,ok,
MMKE-visual,LLaVA-v1.5-7B,LGA-Param-Direct-AltModelPred,direct,alt,model_pred,text_decoder,param_mlp_ffn,mlp_ffn_weight_only,False,29,L29,language_model.model.layers.29.mlp,gate_proj.weight;up_proj.weight;down_proj.weight,135266304,-0.13177199201456002,-0.13177199201456002,-0.014285302526683249,3.072195207629825,1.8236467231027016,15,214,214,214,0,0,{},raw_old_new_parameter_gradient_dot,none,direct,ok,
MMKE-visual,LLaVA-v1.5-7B,LGA-Param-Direct-AltModelPred,direct,alt,model_pred,text_decoder,param_mlp_ffn,mlp_ffn_weight_only,False,15,L15,language_model.model.layers.15.mlp,gate_proj.weight;up_proj.weight;down_proj.weight,135266304,-0.17909715916617625,-0.17909715916617625,-0.015358008447650402,4.368957890726104,2.3305068711929713,16,214,214,214,0,0,{},raw_old_new_parameter_gradient_dot,none,direct,ok,
MMKE-visual,LLaVA-v1.5-7B,LGA-Param-Direct-AltModelPred,direct,alt,model_pred,text_decoder,param_mlp_ffn,mlp_ffn_weight_only,False,14,L14,language_model.model.layers.14.mlp,gate_proj.weight;up_proj.weight;down_proj.weight,135266304,-0.1899840923697496,-0.1899840923697496,-0.016506045394892088,4.486847319772198,2.3233837951829233,17,214,214,214,0,0,{},raw_old_new_parameter_gradient_dot,none,direct,ok,
MMKE-visual,LLaVA-v1.5-7B,LGA-Param-Direct-AltModelPred,direct,alt,model_pred,text_decoder,param_mlp_ffn,mlp_ffn_weight_only,False,2,L2,language_model.model.layers.2.mlp,gate_proj.weight;up_proj.weight;down_proj.weight,135266304,-0.19241420895328515,-0.19241420895328515,-0.03710752358595673,2.63349292616797,1.7110340662517791,18,214,214,214,0,0,{},raw_old_new_parameter_gradient_dot,none,direct,ok,
MMKE-visual,LLaVA-v1.5-7B,LGA-Param-Direct-AltModelPred,direct,alt,model_pred,text_decoder,param_mlp_ffn,mlp_ffn_weight_only,False,3,L3,language_model.model.layers.3.mlp,gate_proj.weight;up_proj.weight;down_proj.weight,135266304,-0.26445414643423526,-0.26445414643423526,-0.03707419016674395,3.169443091678531,1.9478609130794236,19,214,214,214,0,0,{},raw_old_new_parameter_gradient_dot,none,direct,ok,
MMKE-visual,LLaVA-v1.5-7B,LGA-Param-Direct-AltModelPred,direct,alt,model_pred,text_decoder,param_mlp_ffn,mlp_ffn_weight_only,False,13,L13,language_model.model.layers.13.mlp,gate_proj.weight;up_proj.weight;down_proj.weight,135266304,-0.2658453452214272,-0.2658453452214272,-0.024075683219217405,4.656906235766295,2.380404847419967,20,214,214,214,0,0,{},raw_old_new_parameter_gradient_dot,none,direct,ok,
MMKE-visual,LLaVA-v1.5-7B,LGA-Param-Direct-AltModelPred,direct,alt,model_pred,text_decoder,param_mlp_ffn,mlp_ffn_weight_only,False,12,L12,language_model.model.layers.12.mlp,gate_proj.weight;up_proj.weight;down_proj.weight,135266304,-0.28426460358401257,-0.28426460358401257,-0.02758913997170974,4.551436951206865,2.3307956220535635,21,214,214,214,0,0,{},raw_old_new_parameter_gradient_dot,none,direct,ok,
MMKE-visual,LLaVA-v1.5-7B,LGA-Param-Direct-AltModelPred,direct,alt,model_pred,text_decoder,param_mlp_ffn,mlp_ffn_weight_only,False,11,L11,language_model.model.layers.11.mlp,gate_proj.weight;up_proj.weight;down_proj.weight,135266304,-0.30951309871857674,-0.30951309871857674,-0.02829825502699412,4.657180441594551,2.363464001135833,22,214,214,214,0,0,{},raw_old_new_parameter_gradient_dot,none,direct,ok,
MMKE-visual,LLaVA-v1.5-7B,LGA-Param-Direct-AltModelPred,direct,alt,model_pred,text_decoder,param_mlp_ffn,mlp_ffn_weight_only,False,4,L4,language_model.model.layers.4.mlp,gate_proj.weight;up_proj.weight;down_proj.weight,135266304,-0.41630198669246676,-0.41630198669246676,-0.03973301328850539,3.9617978171425796,2.169903456994978,23,214,214,214,0,0,{},raw_old_new_parameter_gradient_dot,none,direct,ok,
MMKE-visual,LLaVA-v1.5-7B,LGA-Param-Direct-AltModelPred,direct,alt,model_pred,text_decoder,param_mlp_ffn,mlp_ffn_weight_only,False,10,L10,language_model.model.layers.10.mlp,gate_proj.weight;up_proj.weight;down_proj.weight,135266304,-0.44448778964823904,-0.44448778964823904,-0.036439833976521264,4.710753479162293,2.375734398760157,24,214,214,214,0,0,{},raw_old_new_parameter_gradient_dot,none,direct,ok,
MMKE-visual,LLaVA-v1.5-7B,LGA-Param-Direct-AltModelPred,direct,alt,model_pred,text_decoder,param_mlp_ffn,mlp_ffn_weight_only,False,5,L5,language_model.model.layers.5.mlp,gate_proj.weight;up_proj.weight;down_proj.weight,135266304,-0.5040376542395015,-0.5040376542395015,-0.04168508670753706,4.231736950543924,2.259186703752145,25,214,214,214,0,0,{},raw_old_new_parameter_gradient_dot,none,direct,ok,
MMKE-visual,LLaVA-v1.5-7B,LGA-Param-Direct-AltModelPred,direct,alt,model_pred,text_decoder,param_mlp_ffn,mlp_ffn_weight_only,False,30,L30,language_model.model.layers.30.mlp,gate_proj.weight;up_proj.weight;down_proj.weight,135266304,-0.5221600185135362,-0.5221600185135362,-0.0512533910926655,4.261125898596087,2.386315984070905,26,214,214,214,0,0,{},raw_old_new_parameter_gradient_dot,none,direct,ok,
MMKE-visual,LLaVA-v1.5-7B,LGA-Param-Direct-AltModelPred,direct,alt,model_pred,text_decoder,param_mlp_ffn,mlp_ffn_weight_only,False,9,L9,language_model.model.layers.9.mlp,gate_proj.weight;up_proj.weight;down_proj.weight,135266304,-0.5529305261612009,-0.5529305261612009,-0.03787661924351353,4.883261705719011,2.425462848372547,27,214,214,214,0,0,{},raw_old_new_parameter_gradient_dot,none,direct,ok,
MMKE-visual,LLaVA-v1.5-7B,LGA-Param-Direct-AltModelPred,direct,alt,model_pred,text_decoder,param_mlp_ffn,mlp_ffn_weight_only,False,6,L6,language_model.model.layers.6.mlp,gate_proj.weight;up_proj.weight;down_proj.weight,135266304,-0.5897999863356795,-0.5897999863356795,-0.041896724185234775,4.570510947774337,2.4420422080382505,28,214,214,214,0,0,{},raw_old_new_parameter_gradient_dot,none,direct,ok,
MMKE-visual,LLaVA-v1.5-7B,LGA-Param-Direct-AltModelPred,direct,alt,model_pred,text_decoder,param_mlp_ffn,mlp_ffn_weight_only,False,8,L8,language_model.model.layers.8.mlp,gate_proj.weight;up_proj.weight;down_proj.weight,135266304,-0.6271999370479178,-0.6271999370479178,-0.040557526110856765,4.900599626927612,2.454007273271595,29,214,214,214,0,0,{},raw_old_new_parameter_gradient_dot,none,direct,ok,
MMKE-visual,LLaVA-v1.5-7B,LGA-Param-Direct-AltModelPred,direct,alt,model_pred,text_decoder,param_mlp_ffn,mlp_ffn_weight_only,False,7,L7,language_model.model.layers.7.mlp,gate_proj.weight;up_proj.weight;down_proj.weight,135266304,-0.6556782267680914,-0.6556782267680914,-0.04168711968189143,4.889609480632049,2.530420272489874,30,214,214,214,0,0,{},raw_old_new_parameter_gradient_dot,none,direct,ok,
MMKE-visual,LLaVA-v1.5-7B,LGA-Param-Direct-AltModelPred,direct,alt,model_pred,text_decoder,param_mlp_ffn,mlp_ffn_weight_only,False,31,L31,language_model.model.layers.31.mlp,gate_proj.weight;up_proj.weight;down_proj.weight,135266304,-1.0356889832569025,-1.0356889832569025,-0.028990450013588572,8.85773853939421,4.451806594399238,31,214,214,214,0,0,{},raw_old_new_parameter_gradient_dot,none,direct,ok,
MMKE-visual,LLaVA-v1.5-7B,LGA-Param-Direct-AltModelPred,direct,alt,model_pred,text_decoder,param_mlp_ffn,mlp_ffn_weight_only,False,1,L1,language_model.model.layers.1.mlp,gate_proj.weight;up_proj.weight;down_proj.weight,135266304,-17.50279586336771,-17.50279586336771,-0.05607981824887292,24.123633175298806,12.334307446062043,32,214,214,214,0,0,{},raw_old_new_parameter_gradient_dot,none,direct,ok,
