dataset_key,dataset,model_key,model,layer,layer_name,score_kl_robust,score_kl_raw_mean,mean_rank,rank_std,valid_alpha_repeat_count,processed_sample_count,hidden_std_mean,hidden_std_min,hidden_std_max,rank
mmke-entity,MMKE-entity,llava-v1.5-7b,LLaVA-v1.5-7B,0,L0,1.0,0.9877101511039332,1.0,0.0,12,636,0.9718115806767026,0.818769633769989,1.305141806602478,1
mmke-entity,MMKE-entity,llava-v1.5-7b,LLaVA-v1.5-7B,1,L1,0.8058036276496905,0.857479339045042,2.0,0.0,12,636,1.002394734313653,0.8541744947433472,1.3295716047286987,2
mmke-entity,MMKE-entity,llava-v1.5-7b,LLaVA-v1.5-7B,2,L2,0.48780637857819203,0.5194233567033768,3.0,0.0,12,636,0.9977663642955277,0.8489271998405457,1.3230129480361938,3
mmke-entity,MMKE-entity,llava-v1.5-7b,LLaVA-v1.5-7B,3,L3,0.3613775022728785,0.3475238156708745,4.0,0.0,12,636,0.9887074828147888,0.8395653963088989,1.3113348484039307,4
mmke-entity,MMKE-entity,llava-v1.5-7b,LLaVA-v1.5-7B,4,L4,0.3017410929213836,0.26403207780474536,5.0,0.0,12,636,0.9766852703859221,0.8289306163787842,1.295093059539795,5
mmke-entity,MMKE-entity,llava-v1.5-7b,LLaVA-v1.5-7B,5,L5,0.2633810506117722,0.22674827633682823,6.0,0.0,12,636,0.958991751074791,0.8152070641517639,1.269500494003296,6
mmke-entity,MMKE-entity,llava-v1.5-7b,LLaVA-v1.5-7B,6,L6,0.24073172855096878,0.21661172960853056,7.0,0.0,12,636,0.9388738250207601,0.8007652759552002,1.2380280494689941,7
mmke-entity,MMKE-entity,llava-v1.5-7b,LLaVA-v1.5-7B,7,L7,0.20532732539510742,0.19996143580480955,8.0,0.0,12,636,0.9189653553115497,0.7866297364234924,1.2043232917785645,8
mmke-entity,MMKE-entity,llava-v1.5-7b,LLaVA-v1.5-7B,8,L8,0.18295322402526895,0.19533377821096787,9.0,0.0,12,636,0.9039171179697948,0.7782310843467712,1.1750860214233398,9
mmke-entity,MMKE-entity,llava-v1.5-7b,LLaVA-v1.5-7B,9,L9,0.1620526535290453,0.18911702212876239,10.333333333333334,0.6236095644623235,12,636,0.8890383945508573,0.7704334855079651,1.1445661783218384,10
mmke-entity,MMKE-entity,llava-v1.5-7b,LLaVA-v1.5-7B,10,L10,0.14582067486739217,0.1862027502875363,11.5,0.8660254037844386,12,636,0.8834302537846115,0.7722452878952026,1.122753620147705,11
mmke-entity,MMKE-entity,llava-v1.5-7b,LLaVA-v1.5-7B,11,L11,0.12159764940636604,0.18531475215665197,11.916666666666666,0.2763853991962833,12,636,0.8723701755955534,0.7679653167724609,1.0944933891296387,12
mmke-entity,MMKE-entity,llava-v1.5-7b,LLaVA-v1.5-7B,12,L12,0.11529031290989035,0.18265986770465595,13.25,0.4330127018922193,12,636,0.8649841076547995,0.7657867670059204,1.0703301429748535,13
mmke-entity,MMKE-entity,llava-v1.5-7b,LLaVA-v1.5-7B,13,L13,0.10412802532239135,0.18272462759530592,13.0,1.7320508075688772,12,636,0.8687601053864701,0.7770448327064514,1.054057002067566,14
mmke-entity,MMKE-entity,llava-v1.5-7b,LLaVA-v1.5-7B,14,L14,0.08999428842602247,0.1671501981937761,15.0,0.0,12,636,0.8605211104424495,0.7708450555801392,1.0330708026885986,15
mmke-entity,MMKE-entity,llava-v1.5-7b,LLaVA-v1.5-7B,15,L15,0.07467815469035378,0.15152725959337612,16.0,0.0,12,636,0.8619684303331675,0.7776786088943481,1.0205042362213135,16
mmke-entity,MMKE-entity,llava-v1.5-7b,LLaVA-v1.5-7B,16,L16,0.061171584496154584,0.12805713210293493,17.0,0.0,12,636,0.8777660261722481,0.7980062365531921,1.0209747552871704,17
mmke-entity,MMKE-entity,llava-v1.5-7b,LLaVA-v1.5-7B,17,L17,0.0511542155108862,0.10827875956470305,18.0,0.0,12,636,0.8864683954970641,0.8111974000930786,1.0192627906799316,18
mmke-entity,MMKE-entity,llava-v1.5-7b,LLaVA-v1.5-7B,18,L18,0.04420541812534945,0.0977228205342331,19.0,0.0,12,636,0.9107021613503402,0.8380693197250366,1.0348331928253174,19
mmke-entity,MMKE-entity,llava-v1.5-7b,LLaVA-v1.5-7B,19,L19,0.03684071808537392,0.08503662112408746,20.0,0.0,12,636,0.9445405937028382,0.8787133693695068,1.063396692276001,20
mmke-entity,MMKE-entity,llava-v1.5-7b,LLaVA-v1.5-7B,20,L20,0.030326146766960684,0.07703918269529042,21.0,0.0,12,636,0.987507960518951,0.9241675138473511,1.101521611213684,21
mmke-entity,MMKE-entity,llava-v1.5-7b,LLaVA-v1.5-7B,21,L21,0.026931276465799115,0.06886817626462581,22.0,0.0,12,636,1.0176341006028577,0.952384889125824,1.1424006223678589,22
mmke-entity,MMKE-entity,llava-v1.5-7b,LLaVA-v1.5-7B,22,L22,0.023440421255522873,0.06086124282090435,24.75,2.0463381929681126,12,636,1.087456963722061,1.0237979888916016,1.2076810598373413,23
mmke-entity,MMKE-entity,llava-v1.5-7b,LLaVA-v1.5-7B,23,L23,0.0204619236826869,0.05181373480908658,25.5,1.5,12,636,1.1323683715466433,1.0674571990966797,1.2509050369262695,24
mmke-entity,MMKE-entity,llava-v1.5-7b,LLaVA-v1.5-7B,24,L24,0.019606282537777412,0.04912214331073659,24.25,0.82915619758885,12,636,1.2226039120611154,1.1465950012207031,1.3656245470046997,25
mmke-entity,MMKE-entity,llava-v1.5-7b,LLaVA-v1.5-7B,25,L25,0.01634753278884273,0.04063326160563413,27.5,1.5,12,636,1.2642477572714008,1.1868114471435547,1.4009705781936646,26
mmke-entity,MMKE-entity,llava-v1.5-7b,LLaVA-v1.5-7B,26,L26,0.011792324907348375,0.02686110134552482,26.75,1.0897247358851685,12,636,1.3623719117926352,1.2726110219955444,1.510940432548523,27
mmke-entity,MMKE-entity,llava-v1.5-7b,LLaVA-v1.5-7B,27,L27,0.009082584224522872,0.01839959087936339,25.75,2.277608394786075,12,636,1.4264433539513521,1.3352670669555664,1.5770537853240967,28
mmke-entity,MMKE-entity,llava-v1.5-7b,LLaVA-v1.5-7B,28,L28,0.005230381401590547,0.010142903944695305,29.5,0.5,12,636,1.5250377177067522,1.41843843460083,1.6781458854675293,29
mmke-entity,MMKE-entity,llava-v1.5-7b,LLaVA-v1.5-7B,29,L29,0.0035655977345924587,0.005090385371971411,28.0,2.0,12,636,1.6521882510410164,1.531235933303833,1.819191336631775,30
mmke-entity,MMKE-entity,llava-v1.5-7b,LLaVA-v1.5-7B,30,L30,0.0016938934266388166,0.0018228561820595708,31.0,0.0,12,636,1.7501709747989223,1.6151314973831177,1.924659013748169,31
mmke-entity,MMKE-entity,llava-v1.5-7b,LLaVA-v1.5-7B,31,L31,0.0,0.0,32.0,0.0,12,636,2.5681906991034933,2.2607805728912354,2.883366823196411,32
