layer,epoch,iter,loss,loss_kind
2,10,300,3.6536,ema_loss
2,20,600,0.1999,ema_loss
2,30,900,0.0977,ema_loss
2,40,1200,0.0748,ema_loss
2,50,1500,0.0689,ema_loss
2,60,1800,0.0397,ema_loss
2,70,2100,0.0375,ema_loss
2,80,2400,0.052,ema_loss
4,10,300,0.3931,ema_loss
4,20,600,0.0411,ema_loss
4,30,900,0.035,ema_loss
4,40,1200,0.0238,ema_loss
4,50,1500,0.0285,ema_loss
4,60,1800,0.0206,ema_loss
4,70,2100,0.0153,ema_loss
4,80,2400,0.0505,ema_loss
6,10,300,0.3683,ema_loss
6,20,600,0.0235,ema_loss
6,30,900,0.0201,ema_loss
6,40,1200,0.0231,ema_loss
6,50,1500,0.0159,ema_loss
6,60,1800,0.01,ema_loss
6,70,2100,0.0144,ema_loss
6,80,2400,0.0173,ema_loss
8,10,300,0.4734,ema_loss
8,20,600,0.0722,ema_loss
8,30,900,0.0324,ema_loss
8,40,1200,0.0123,ema_loss
8,50,1500,0.0189,ema_loss
8,60,1800,0.0111,ema_loss
8,70,2100,0.1623,ema_loss
8,80,2400,0.0444,ema_loss
10,10,300,0.1682,ema_loss
10,20,600,0.0346,ema_loss
10,30,900,0.0188,ema_loss
10,40,1200,0.0356,ema_loss
10,50,1500,0.0175,ema_loss
10,60,1800,0.0118,ema_loss
10,70,2100,0.0264,ema_loss
10,80,2400,0.0118,ema_loss
12,10,300,0.9809,ema_loss
12,20,600,0.0319,ema_loss
12,30,900,0.0271,ema_loss
12,40,1200,0.0211,ema_loss
12,50,1500,0.0176,ema_loss
12,60,1800,0.0099,ema_loss
12,70,2100,0.01,ema_loss
12,80,2400,0.0142,ema_loss
14,10,300,0.1216,ema_loss
14,20,600,0.0179,ema_loss
14,30,900,0.0076,ema_loss
14,40,1200,0.0096,ema_loss
14,50,1500,0.0139,ema_loss
14,60,1800,0.0047,ema_loss
14,70,2100,0.0065,ema_loss
14,80,2400,0.0126,ema_loss
16,10,300,0.0239,ema_loss
16,20,600,0.0085,ema_loss
16,30,900,0.0067,ema_loss
16,40,1200,0.0043,ema_loss
16,50,1500,0.0059,ema_loss
16,60,1800,0.0029,ema_loss
16,70,2100,0.0033,ema_loss
16,80,2400,0.0041,ema_loss
18,10,300,0.065,ema_loss
18,20,600,0.0074,ema_loss
18,30,900,0.0041,ema_loss
18,40,1200,0.0029,ema_loss
18,50,1500,0.0032,ema_loss
18,60,1800,0.0016,ema_loss
18,70,2100,0.0016,ema_loss
18,80,2400,0.0044,ema_loss
20,10,300,0.0208,ema_loss
20,20,600,0.0065,ema_loss
20,30,900,0.0035,ema_loss
20,40,1200,0.0025,ema_loss
20,50,1500,0.0019,ema_loss
20,60,1800,0.0014,ema_loss
20,70,2100,0.0011,ema_loss
20,80,2400,0.0008,ema_loss
22,10,300,0.5438,ema_loss
22,20,600,0.0126,ema_loss
22,30,900,0.0064,ema_loss
22,40,1200,0.0043,ema_loss
22,50,1500,0.0031,ema_loss
22,60,1800,0.0024,ema_loss
22,70,2100,0.0018,ema_loss
22,80,2400,0.0015,ema_loss
24,10,300,0.2396,ema_loss
24,20,600,0.0139,ema_loss
24,30,900,0.0064,ema_loss
24,40,1200,0.0041,ema_loss
24,50,1500,0.0031,ema_loss
24,60,1800,0.0022,ema_loss
24,70,2100,0.0017,ema_loss
24,80,2400,0.0015,ema_loss
26,10,300,0.3301,ema_loss
26,20,600,0.0177,ema_loss
26,30,900,0.0086,ema_loss
26,40,1200,0.0057,ema_loss
26,50,1500,0.0042,ema_loss
26,60,1800,0.0031,ema_loss
26,70,2100,0.0023,ema_loss
26,80,2400,0.0028,ema_loss
28,10,300,2.4582,ema_loss
28,20,600,0.0489,ema_loss
28,30,900,0.0218,ema_loss
28,40,1200,0.0156,ema_loss
28,50,1500,0.0097,ema_loss
28,60,1800,0.0075,ema_loss
28,70,2100,0.0057,ema_loss
28,80,2400,0.0039,ema_loss
30,10,300,1.5634,ema_loss
30,20,600,0.4016,ema_loss
30,30,900,0.0757,ema_loss
30,40,1200,0.0366,ema_loss
30,50,1500,0.0198,ema_loss
30,60,1800,0.0158,ema_loss
30,70,2100,0.0128,ema_loss
30,80,2400,0.0086,ema_loss
