dataset_key,dataset,model_key,model,layer,layer_name,layer_path,n_request,visual_token_start,visual_token_end,text_token_count_mean,answer_loss_position_count_mean,S_v_dot,S_v_conflict,S_v_dot_per_dim,S_v_cos,S_v_old_norm,S_v_new_norm,S_v_joint_norm,S_v_positive_ratio,S_v_zero_grad,S_v_old_nonzero_ratio,S_v_new_nonzero_ratio,median_v_dot,S_t_dot,S_t_conflict,S_t_dot_per_dim,S_t_cos,S_t_old_norm,S_t_new_norm,S_t_joint_norm,S_t_positive_ratio,S_t_zero_grad,S_t_old_nonzero_ratio,S_t_new_nonzero_ratio,median_t_dot,S_v_neg_cos,S_v_depth2,S_ours,invalid_reason,valid_for_ours_direct,ours_rank,candidate_rank_metric
mmke-entity,MMKE-entity,instructblip-vicuna-7b,InstructBLIP-Vicuna-7B,0,L0,language_model.model.layers.0,636,0,32,49.534591194968556,2.0676100628930816,2.0770351793031274,-2.0770351793031274,1.5846520838189144e-05,0.3859519593887843,2.4958256970411576,2.1813988588141195,5.456118640518567,1.0,False,0.9999912669823604,0.9999842733707068,2.074009418487549,1.9389085548625287,-1.9389085548625287,9.587564590015491e-06,0.5225728093582546,2.561876934279436,1.347245344107256,3.4449373376328203,0.9465408805031447,False,0.9798049507838376,0.9798028843957673,1.8237502574920654,0.0,0.0009765625,0.0,,True,,S_ours
mmke-entity,MMKE-entity,instructblip-vicuna-7b,InstructBLIP-Vicuna-7B,1,L1,language_model.model.layers.1,636,0,32,49.534591194968556,2.0676100628930816,2.1194910803962053,-2.1194910803962053,1.6170433657807963e-05,0.390213918035547,2.509224036392176,2.1893304890056826,5.50533853172293,1.0,False,0.9999900194084119,0.9999822700548472,2.122743248939514,1.969961517147058,-1.969961517147058,9.741253632218357e-06,0.5422558707657626,2.523181678551548,1.3306674523361075,3.3519704003930593,0.9528301886792453,False,0.9798047869647823,0.9798025294857206,1.8299092054367065,0.0,0.00390625,0.0,,True,,S_ours
mmke-entity,MMKE-entity,instructblip-vicuna-7b,InstructBLIP-Vicuna-7B,2,L2,language_model.model.layers.2,636,0,32,49.534591194968556,2.0676100628930816,1.9561869761666413,-1.9561869761666413,1.4924522218068247e-05,0.37647934516476916,2.4341481805035152,2.15188363831748,5.252067600200637,1.0,False,0.9999889037894003,0.999981202419449,1.9551684856414795,0.17461053393898332,-0.17461053393898332,8.601557585433508e-07,0.44319963663957507,0.9520698188329643,0.41700360816229814,0.3999551367136763,1.0,False,0.9798017616541881,0.9797946753554374,0.17356552183628082,0.0,0.0087890625,0.0,,True,,S_ours
mmke-entity,MMKE-entity,instructblip-vicuna-7b,InstructBLIP-Vicuna-7B,3,L3,language_model.model.layers.3,636,0,32,49.534591194968556,2.0676100628930816,2.0021428334403715,-2.0021428334403715,1.527513758423135e-05,0.3792608116760473,2.4488721941627047,2.1726472077879517,5.334876917599361,1.0,False,0.9999888917934969,0.9999793910380429,1.999939501285553,0.1372023780197608,-0.1372023780197608,6.758711706154741e-07,0.4341219696588286,0.8688145748240018,0.36616206094154025,0.32075019228329704,1.0,False,0.9798012672917648,0.979793943511615,0.13491294533014297,0.0,0.015625,0.0,,True,,S_ours
mmke-entity,MMKE-entity,instructblip-vicuna-7b,InstructBLIP-Vicuna-7B,4,L4,language_model.model.layers.4,636,0,32,49.534591194968556,2.0676100628930816,1.8866353053013858,-1.8866353053013858,1.4393885080729567e-05,0.3682394318451356,2.4265183594616704,2.1288840946911267,5.179868639905201,1.0,False,0.9999876562154518,0.9999788512223922,1.885072410106659,0.07815661778345516,-0.07815661778345516,3.85032762045211e-07,0.3840541188574911,0.709745114235758,0.2893553526615197,0.2071315197047051,1.0,False,0.9798001949704668,0.9797900319099426,0.0768483616411686,0.0,0.0244140625,0.0,,True,,S_ours
mmke-entity,MMKE-entity,instructblip-vicuna-7b,InstructBLIP-Vicuna-7B,5,L5,language_model.model.layers.5,636,0,32,49.534591194968556,2.0676100628930816,1.7606095479063268,-1.7606095479063268,1.3432384856463065e-05,0.35415771969651755,2.4098096204066426,2.0815152898899414,5.029996668871408,1.0,False,0.9999880880679725,0.9999781194722878,1.7515642046928406,0.07051265404527457,-0.07051265404527457,3.4739061900037234e-07,0.3831788529205678,0.6789453755712734,0.27304912316349317,0.18697698853834582,1.0,False,0.9797993458854327,0.979789636888594,0.0694340281188488,0.0,0.03515625,0.0,,True,,S_ours
mmke-entity,MMKE-entity,instructblip-vicuna-7b,InstructBLIP-Vicuna-7B,6,L6,language_model.model.layers.6,636,0,32,49.534591194968556,2.0676100628930816,1.7402616667110216,-1.7402616667110216,1.3277142842949078e-05,0.3515406761053463,2.4101384590444326,2.072556141599919,5.009243344185077,1.0,False,0.9999869364612507,0.9999758282547477,1.733844816684723,0.06754244236588923,-0.06754244236588923,3.3277039446601363e-07,0.39301453629222505,0.6563275063750129,0.2631939427001671,0.1742186900715845,1.0,False,0.9797992821571961,0.9797894787863366,0.06634699553251266,0.0,0.0478515625,0.0,,True,,S_ours
mmke-entity,MMKE-entity,instructblip-vicuna-7b,InstructBLIP-Vicuna-7B,7,L7,language_model.model.layers.7,636,0,32,49.534591194968556,2.0676100628930816,1.698412715146939,-1.698412715146939,1.295786068074752e-05,0.3477662253665035,2.4060776388307787,2.048134606214439,4.941796666997343,1.0,False,0.9999861567275329,0.9999741728200853,1.6959302425384521,0.05914730079539425,-0.05914730079539425,2.914109755828966e-07,0.39037357544328044,0.6218241929023895,0.24452922736886162,0.15338905114613355,1.0,False,0.9797984293234423,0.979787491308818,0.05794578418135643,0.0,0.0625,0.0,,True,,S_ours
mmke-entity,MMKE-entity,instructblip-vicuna-7b,InstructBLIP-Vicuna-7B,8,L8,language_model.model.layers.8,636,0,32,49.534591194968556,2.0676100628930816,1.7031461579854008,-1.7031461579854008,1.2993973983653265e-05,0.34464202097994306,2.43324324572986,2.04910845913977,5.000150161095756,1.0,False,0.9999851730634581,0.9999736090126278,1.6994149684906006,0.05248382801750862,-0.05248382801750862,2.585842283790808e-07,0.395894569284937,0.584410695675409,0.2269436296942474,0.13379566252242586,1.0,False,0.9797981532302292,0.9797861319293016,0.05151144042611122,0.0,0.0791015625,0.0,,True,,S_ours
mmke-entity,MMKE-entity,instructblip-vicuna-7b,InstructBLIP-Vicuna-7B,9,L9,language_model.model.layers.9,636,0,32,49.534591194968556,2.0676100628930816,1.7237638438460212,-1.7237638438460212,1.3151274443405313e-05,0.34801184446097666,2.436600258515316,2.05011200961077,5.0092702732860355,1.0,False,0.9999842013952867,0.9999731531683004,1.7208831906318665,0.046976074107055725,-0.046976074107055725,2.3145207507354677e-07,0.40531708979122294,0.5497062559819447,0.2104318416062391,0.11667479413800444,1.0,False,0.9797975580272434,0.9797851730067775,0.046399498358368874,0.0,0.09765625,0.0,,True,,S_ours
mmke-entity,MMKE-entity,instructblip-vicuna-7b,InstructBLIP-Vicuna-7B,10,L10,language_model.model.layers.10,636,0,32,49.534591194968556,2.0676100628930816,1.656765656370037,-1.656765656370037,1.2640118838272377e-05,0.34604261377566453,2.404338520652843,2.00787944313865,4.841153176676562,1.0,False,0.999984417321547,0.99997057404908,1.6443544626235962,0.039286041546996636,-0.039286041546996636,1.9357130004755932e-07,0.4100566388886304,0.5052343546735041,0.18878527154337685,0.09618994521578554,1.0,False,0.9797968059403341,0.9797819633528871,0.03888261504471302,0.0,0.1181640625,0.0,,True,,S_ours
mmke-entity,MMKE-entity,instructblip-vicuna-7b,InstructBLIP-Vicuna-7B,11,L11,language_model.model.layers.11,636,0,32,49.534591194968556,2.0676100628930816,1.590015811716798,-1.590015811716798,1.2130857938513168e-05,0.34296566579564486,2.380917918194765,1.963894786324891,4.68874514108261,1.0,False,0.9999835536165057,0.9999696623604253,1.5788334012031555,0.03206416710760187,-0.03206416710760187,1.580016526382591e-07,0.410690951995101,0.4618363394255533,0.1677814785320804,0.0781342283558194,1.0,False,0.9797954812364759,0.9797788692532845,0.031711746007204056,0.0,0.140625,0.0,,True,,S_ours
mmke-entity,MMKE-entity,instructblip-vicuna-7b,InstructBLIP-Vicuna-7B,12,L12,language_model.model.layers.12,636,0,32,49.534591194968556,2.0676100628930816,1.5528480766938542,-1.5528480766938542,1.1847290624190172e-05,0.35074289604912645,2.328718922235681,1.916310117867008,4.474758993277721,1.0,False,0.9999821141081037,0.9999665674173607,1.5422837138175964,0.028058935082356486,-0.028058935082356486,1.3826847622130428e-07,0.4185274113115059,0.4295910743047606,0.15447314478363255,0.06690469992106553,1.0,False,0.9797939940256143,0.9797765448595743,0.027765324339270592,0.0,0.1650390625,0.0,,True,,S_ours
mmke-entity,MMKE-entity,instructblip-vicuna-7b,InstructBLIP-Vicuna-7B,13,L13,language_model.model.layers.13,636,0,32,49.534591194968556,2.0676100628930816,1.510877916132504,-1.510877916132504,1.1527083710727723e-05,0.36180833482991004,2.2655943570271977,1.8566950702067442,4.2180528057831435,1.0,False,0.9999810584686087,0.9999661955443568,1.5115199089050293,0.023738209351109422,-0.023738209351109422,1.1698121146273125e-07,0.4198701321418428,0.3969371085342184,0.14083782486242694,0.0563442925942379,1.0,False,0.9797932397831911,0.9797736434441693,0.023263951763510704,0.0,0.19140625,0.0,,True,,S_ours
mmke-entity,MMKE-entity,instructblip-vicuna-7b,InstructBLIP-Vicuna-7B,14,L14,language_model.model.layers.14,636,0,32,49.534591194968556,2.0676100628930816,1.4497634636109356,-1.4497634636109356,1.106081744087933e-05,0.36732385005225004,2.2039233612002067,1.8042377162279573,3.9878354733743313,1.0,False,0.9999791031363625,0.9999622249003476,1.4467389583587646,0.020859432854446577,-0.020859432854446577,1.027896308069415e-07,0.4230597629892881,0.3706354578054926,0.1313785982183503,0.0490771253276194,1.0,False,0.9797920373813161,0.9797695016711013,0.02059347089380026,0.0,0.2197265625,0.0,,True,,S_ours
mmke-entity,MMKE-entity,instructblip-vicuna-7b,InstructBLIP-Vicuna-7B,15,L15,language_model.model.layers.15,636,0,32,49.534591194968556,2.0676100628930816,1.312701191143982,-1.312701191143982,1.0015115288879258e-05,0.3691528353259081,2.091978875908462,1.7128032644589741,3.5931109131035157,1.0,False,0.9999766319802722,0.9999565508380626,1.3002844452857971,0.017946892921335455,-0.017946892921335455,8.844065795770098e-08,0.4310857825995523,0.34202459161667703,0.12010816403857942,0.04140164103357676,1.0,False,0.9797893161856154,0.9797648568198366,0.0176409762352705,0.0,0.25,0.0,,True,,S_ours
mmke-entity,MMKE-entity,instructblip-vicuna-7b,InstructBLIP-Vicuna-7B,16,L16,language_model.model.layers.16,636,0,32,49.534591194968556,2.0676100628930816,1.2081239443951808,-1.2081239443951808,9.217254214440771e-06,0.3791919389082405,1.96813073735567,1.6303150070913184,3.217515380969564,1.0,False,0.999974676648026,0.9999521123538228,1.1893066763877869,0.015692557349549198,-0.015692557349549198,7.733200085678512e-08,0.44896846869134877,0.3181779035279211,0.10815305990289967,0.034686578871938906,1.0,False,0.9797885608185762,0.9797586294465095,0.015373367816209793,0.0,0.2822265625,0.0,,True,,S_ours
mmke-entity,MMKE-entity,instructblip-vicuna-7b,InstructBLIP-Vicuna-7B,17,L17,language_model.model.layers.17,636,0,32,49.534591194968556,2.0676100628930816,1.07618417897783,-1.07618417897783,8.210633689711227e-06,0.3825802230071945,1.8559917527362235,1.5261794189986944,2.840439073717189,1.0,False,0.99997286526662,0.9999474339515159,1.060800015926361,0.013065582774059684,-0.013065582774059684,6.438939535169659e-08,0.4483974115075274,0.2922887153244056,0.09795670836882771,0.02885904857327225,1.0,False,0.9797850915658399,0.9797530299837485,0.012748233508318663,0.0,0.31640625,0.0,,True,,S_ours
mmke-entity,MMKE-entity,instructblip-vicuna-7b,InstructBLIP-Vicuna-7B,18,L18,language_model.model.layers.18,636,0,32,49.534591194968556,2.0676100628930816,0.9598487585478421,-0.9598487585478421,7.3230648692920084e-06,0.3847478393312,1.747176284591357,1.437872606347192,2.519052825128688,1.0,False,0.9999690625652577,0.9999418318646509,0.949382871389389,0.011288415555111514,-0.011288415555111514,5.5631741504840555e-08,0.4461501938550411,0.2710921121936924,0.0915657155414891,0.0250147477706246,1.0,False,0.9797825716763923,0.9797479505621413,0.01102473447099328,0.0,0.3525390625,0.0,,True,,S_ours
mmke-entity,MMKE-entity,instructblip-vicuna-7b,InstructBLIP-Vicuna-7B,19,L19,language_model.model.layers.19,636,0,32,49.534591194968556,2.0676100628930816,0.8762916607442517,-0.8762916607442517,6.685574804262174e-06,0.3954946966867572,1.646059441022903,1.3549090703515887,2.2361416147043425,1.0,False,0.9999667713477177,0.9999381131346121,0.8688810169696808,0.009738240329696616,-0.009738240329696616,4.7994541788146836e-08,0.4418826065577479,0.25218936339395603,0.08567231349975059,0.021774234677544968,1.0,False,0.9797804077278893,0.9797458371276375,0.009453924838453531,0.0,0.390625,0.0,,True,,S_ours
mmke-entity,MMKE-entity,instructblip-vicuna-7b,InstructBLIP-Vicuna-7B,20,L20,language_model.model.layers.20,636,0,32,49.534591194968556,2.0676100628930816,0.8032499454540651,-0.8032499454540651,6.128310741074105e-06,0.40921684168981265,1.5379520844925874,1.2836529526320644,1.9791496523333652,1.0,False,0.9999624168348012,0.9999318632689662,0.7947295904159546,0.008769040247835454,-0.008769040247835454,4.321773963882146e-08,0.4579130386366507,0.23359904174675356,0.08027927255925704,0.01890207225987147,1.0,False,0.9797781285999706,0.9797389496984722,0.008522788528352976,0.0,0.4306640625,0.0,,True,,S_ours
mmke-entity,MMKE-entity,instructblip-vicuna-7b,InstructBLIP-Vicuna-7B,21,L21,language_model.model.layers.21,636,0,32,49.534591194968556,2.0676100628930816,0.7401655155509336,-0.7401655155509336,5.6470147365641294e-06,0.42641053700957654,1.4318883556333728,1.2187996979966853,1.7499612455120699,1.0,False,0.9999598617073875,0.9999275087560497,0.7342056632041931,0.008541424969048679,-0.008541424969048679,4.2096294653644595e-08,0.4811019259706825,0.2230625725087692,0.07795970815485753,0.017526749724087545,1.0,False,0.979776642326289,0.9797372178836439,0.008366675116121769,0.0,0.47265625,0.0,,True,,S_ours
mmke-entity,MMKE-entity,instructblip-vicuna-7b,InstructBLIP-Vicuna-7B,22,L22,language_model.model.layers.22,636,0,32,49.534591194968556,2.0676100628930816,0.6798848485538982,-0.6798848485538982,5.187109745436845e-06,0.4428171444083267,1.3204603148800023,1.1700245612447366,1.5494743361536374,1.0,False,0.9999589140310228,0.9999217627183447,0.67739138007164,0.008248414845372778,-0.008248414845372778,4.0651766204080105e-08,0.5088689482721034,0.2082775766029954,0.07643746865807839,0.016032689366379606,1.0,False,0.9797726756184356,0.9797330117263134,0.008091852068901062,0.0,0.5166015625,0.0,,True,,S_ours
mmke-entity,MMKE-entity,instructblip-vicuna-7b,InstructBLIP-Vicuna-7B,23,L23,language_model.model.layers.23,636,0,32,49.534591194968556,2.0676100628930816,0.6159725251121435,-0.6159725251121435,4.699497414490841e-06,0.4692910689981492,1.1875077729704995,1.1104031456341534,1.322695596316073,0.9984276729559748,False,0.9999493293042453,0.9999068518104793,0.6159648597240448,0.007067626621317903,-0.007067626621317903,3.483163802166042e-08,0.515884055150025,0.19380294227000303,0.06947007357090149,0.013555099194539422,1.0,False,0.979770282341999,0.9797203965344519,0.006942862877622247,0.0,0.5625,0.0,,True,,S_ours
mmke-entity,MMKE-entity,instructblip-vicuna-7b,InstructBLIP-Vicuna-7B,24,L24,language_model.model.layers.24,636,0,32,49.534591194968556,2.0676100628930816,0.569913234128236,-0.569913234128236,4.348092911744965e-06,0.4903512914517312,1.0955408005594458,1.0648187210537352,1.1700564539892353,0.9984276729559748,False,0.9999420597868146,0.9998951678006154,0.5698600113391876,0.006525662905205651,-0.006525662905205651,3.216205595927953e-08,0.5278890040609049,0.1846954053056971,0.06574705678899333,0.012226843320276974,1.0,False,0.9797678589820862,0.979713388490227,0.006418638397008181,0.0,0.6103515625,0.0,,True,,S_ours
mmke-entity,MMKE-entity,instructblip-vicuna-7b,InstructBLIP-Vicuna-7B,25,L25,language_model.model.layers.25,636,0,32,49.534591194968556,2.0676100628930816,0.5289585237924315,-0.5289585237924315,4.03563326868005e-06,0.5372496326109396,0.9752607310436806,1.0095211984413974,0.9874753403731875,0.9984276729559748,False,0.9999342744455397,0.9998825481102901,0.5224357545375824,0.005608512612433852,-0.005608512612433852,2.7642517146410035e-08,0.5509027582166234,0.16952881727765942,0.05888113976344935,0.010053788426372242,1.0,False,0.9797658389844235,0.9797059977017109,0.0055076791904866695,0.0,0.66015625,0.0,,True,,S_ours
mmke-entity,MMKE-entity,instructblip-vicuna-7b,InstructBLIP-Vicuna-7B,26,L26,language_model.model.layers.26,636,0,32,49.534591194968556,2.0676100628930816,0.48012645407901994,-0.48012645407901994,3.663074143058929e-06,0.5977923302141235,0.8313337030275813,0.9610301899085255,0.801459765197913,0.9984276729559748,False,0.9999270888994325,0.9998704562397123,0.4711987227201462,0.004538093134358162,-0.004538093134358162,2.2364842120692965e-08,0.5733240447449757,0.14718111076116938,0.05264931283422611,0.007805138005271954,1.0,False,0.9797600173162964,0.9796935279601775,0.004490630701184273,0.0,0.7119140625,0.0,,True,,S_ours
mmke-entity,MMKE-entity,instructblip-vicuna-7b,InstructBLIP-Vicuna-7B,27,L27,language_model.model.layers.27,636,0,32,49.534591194968556,2.0676100628930816,0.44217001791141414,-0.44217001791141414,3.3734895165360576e-06,0.6277164702074217,0.7583183017354341,0.9219530326015545,0.7012157695096278,0.9984276729559748,False,0.9999214508248575,0.9998621790664001,0.42823725938796997,0.0026106071329778852,-0.0026106071329778852,1.2862675681851103e-08,0.5932086980722345,0.10609547604379133,0.04086850578281677,0.0043670139837399926,1.0,False,0.9797428563330908,0.9796631871341909,0.002625421737320721,0.0,0.765625,0.0,,True,,S_ours
mmke-entity,MMKE-entity,instructblip-vicuna-7b,InstructBLIP-Vicuna-7B,28,L28,language_model.model.layers.28,636,0,32,49.534591194968556,2.0676100628930816,0.20655988760288138,-0.20655988760288138,1.5759268768530379e-06,0.5993858119611181,0.5834639668230366,0.5874368676318312,0.34412137240749857,0.9984276729559748,False,0.9998591560987556,0.9997886561747616,0.20399894565343857,0.0008547907458499671,-0.0008547907458499671,4.211032814607959e-09,0.5297386965362163,0.06356212765903874,0.02557524105932259,0.0016316883528341426,1.0,False,0.9797124004214065,0.9795759974410699,0.0008676678407937288,0.0,0.8212890625,0.0,,True,,S_ours
mmke-entity,MMKE-entity,instructblip-vicuna-7b,InstructBLIP-Vicuna-7B,29,L29,language_model.model.layers.29,636,0,32,49.534591194968556,2.0676100628930816,0.1988524415712575,-0.1988524415712575,1.5171237302494622e-06,0.6392929708448766,0.535352240334142,0.5753267086433165,0.30927970215135725,0.9984276729559748,False,0.9998361839438384,0.9997597580435891,0.19545136392116547,0.0007338851598130228,-0.0007338851598130228,3.615193484095095e-09,0.5475103937034458,0.05709591000370166,0.02364535946047531,0.0013558647923222727,1.0,False,0.9797022450457579,0.9795446485843299,0.0007493842276744545,0.0,0.87890625,0.0,,True,,S_ours
mmke-entity,MMKE-entity,instructblip-vicuna-7b,InstructBLIP-Vicuna-7B,30,L30,language_model.model.layers.30,636,0,32,49.534591194968556,2.0676100628930816,0.15607125885499445,-0.15607125885499445,1.1907292087935978e-06,0.6301221862707057,0.49601085945588985,0.49458346033246264,0.24657356938481018,1.0,False,0.9997182522179946,0.9995938666961478,0.15392599254846573,0.0006318919003944139,-0.0006318919003944139,3.1113414318674224e-09,0.649859785586024,0.042752277918757416,0.022450182409722755,0.0009659414146765653,1.0,False,0.9796641191596505,0.9794715067500588,0.0006443477177526802,0.0,0.9384765625,0.0,,True,,S_ours
mmke-entity,MMKE-entity,instructblip-vicuna-7b,InstructBLIP-Vicuna-7B,31,L31,language_model.model.layers.31,636,0,32,49.534591194968556,2.0676100628930816,0.0,0.0,0.0,0.0,0.0,0.0,0.0,0.0,True,0.0,0.0,0.0,0.0,0.0,0.0,0.0,0.0,0.0,0.0,0.0,True,0.0,0.0,0.0,0.0,1.0,0.0,S_v_zero_grad,False,,S_ours
