dataset,model,metric_a,metric_b,n_layers,rho
evqa-pilot500,blip2-opt-2.7b,Rel,T-Gen,20,0.992102364255565
evqa-pilot500,blip2-opt-2.7b,Rel,M-Gen,20,0.9909774436090225
evqa-pilot500,blip2-opt-2.7b,Rel,T-Loc,20,
evqa-pilot500,blip2-opt-2.7b,Rel,M-Loc,20,0.3368421052631579
evqa-pilot500,blip2-opt-2.7b,Rel,Average,20,0.9699248120300752
evqa-pilot500,blip2-opt-2.7b,T-Gen,M-Gen,20,0.9830764140121481
evqa-pilot500,blip2-opt-2.7b,T-Gen,T-Loc,20,
evqa-pilot500,blip2-opt-2.7b,T-Gen,M-Loc,20,0.3211733961615817
evqa-pilot500,blip2-opt-2.7b,T-Gen,Average,20,0.9627680259644603
evqa-pilot500,blip2-opt-2.7b,M-Gen,T-Loc,20,
evqa-pilot500,blip2-opt-2.7b,M-Gen,M-Loc,20,0.40150375939849625
evqa-pilot500,blip2-opt-2.7b,M-Gen,Average,20,0.9819548872180451
evqa-pilot500,blip2-opt-2.7b,T-Loc,M-Loc,20,
evqa-pilot500,blip2-opt-2.7b,T-Loc,Average,20,
evqa-pilot500,blip2-opt-2.7b,M-Loc,Average,20,0.5218045112781955
evqa-pilot500,instructblip-vicuna-7b,Rel,T-Gen,15,0.9437001087321427
evqa-pilot500,instructblip-vicuna-7b,Rel,M-Gen,15,0.9168904465522524
evqa-pilot500,instructblip-vicuna-7b,Rel,T-Loc,15,
evqa-pilot500,instructblip-vicuna-7b,Rel,M-Loc,15,-0.2555854461149553
evqa-pilot500,instructblip-vicuna-7b,Rel,Average,15,0.7059877707371144
evqa-pilot500,instructblip-vicuna-7b,T-Gen,M-Gen,15,0.8821428571428571
evqa-pilot500,instructblip-vicuna-7b,T-Gen,T-Loc,15,
evqa-pilot500,instructblip-vicuna-7b,T-Gen,M-Loc,15,-0.21071428571428572
evqa-pilot500,instructblip-vicuna-7b,T-Gen,Average,15,0.7321428571428571
evqa-pilot500,instructblip-vicuna-7b,M-Gen,T-Loc,15,
evqa-pilot500,instructblip-vicuna-7b,M-Gen,M-Loc,15,-0.09642857142857143
evqa-pilot500,instructblip-vicuna-7b,M-Gen,Average,15,0.8285714285714286
evqa-pilot500,instructblip-vicuna-7b,T-Loc,M-Loc,15,
evqa-pilot500,instructblip-vicuna-7b,T-Loc,Average,15,
evqa-pilot500,instructblip-vicuna-7b,M-Loc,Average,15,0.26785714285714285
evqa-pilot500,llava-v1.5-7b,Rel,T-Gen,16,0.9529411764705882
evqa-pilot500,llava-v1.5-7b,Rel,M-Gen,16,0.9088235294117647
evqa-pilot500,llava-v1.5-7b,Rel,T-Loc,16,
evqa-pilot500,llava-v1.5-7b,Rel,M-Loc,16,0.047058823529411764
evqa-pilot500,llava-v1.5-7b,Rel,Average,16,0.95
evqa-pilot500,llava-v1.5-7b,T-Gen,M-Gen,16,0.9029411764705882
evqa-pilot500,llava-v1.5-7b,T-Gen,T-Loc,16,
evqa-pilot500,llava-v1.5-7b,T-Gen,M-Loc,16,0.058823529411764705
evqa-pilot500,llava-v1.5-7b,T-Gen,Average,16,0.9411764705882353
evqa-pilot500,llava-v1.5-7b,M-Gen,T-Loc,16,
evqa-pilot500,llava-v1.5-7b,M-Gen,M-Loc,16,0.11176470588235295
evqa-pilot500,llava-v1.5-7b,M-Gen,Average,16,0.9117647058823529
evqa-pilot500,llava-v1.5-7b,T-Loc,M-Loc,16,
evqa-pilot500,llava-v1.5-7b,T-Loc,Average,16,
evqa-pilot500,llava-v1.5-7b,M-Loc,Average,16,0.2529411764705882
evqa-pilot500,minigpt-4-vicuna-7b,Rel,T-Gen,21,0.9584415584415584
evqa-pilot500,minigpt-4-vicuna-7b,Rel,M-Gen,21,0.9892822866677289
evqa-pilot500,minigpt-4-vicuna-7b,Rel,T-Loc,21,
evqa-pilot500,minigpt-4-vicuna-7b,Rel,M-Loc,21,0.16753246753246753
evqa-pilot500,minigpt-4-vicuna-7b,Rel,Average,21,0.8896103896103896
evqa-pilot500,minigpt-4-vicuna-7b,T-Gen,M-Gen,21,0.9717441240019189
evqa-pilot500,minigpt-4-vicuna-7b,T-Gen,T-Loc,21,
evqa-pilot500,minigpt-4-vicuna-7b,T-Gen,M-Loc,21,0.22467532467532467
evqa-pilot500,minigpt-4-vicuna-7b,T-Gen,Average,21,0.9441558441558442
evqa-pilot500,minigpt-4-vicuna-7b,M-Gen,T-Loc,21,
evqa-pilot500,minigpt-4-vicuna-7b,M-Gen,M-Loc,21,0.20850926724907484
evqa-pilot500,minigpt-4-vicuna-7b,M-Gen,Average,21,0.9191296360044887
evqa-pilot500,minigpt-4-vicuna-7b,T-Loc,M-Loc,21,
evqa-pilot500,minigpt-4-vicuna-7b,T-Loc,Average,21,
evqa-pilot500,minigpt-4-vicuna-7b,M-Loc,Average,21,0.38961038961038963
evqa-pilot500,paligemma-3b,Rel,T-Gen,15,0.9848082574079747
evqa-pilot500,paligemma-3b,Rel,M-Gen,15,0.9848082574079747
evqa-pilot500,paligemma-3b,Rel,T-Loc,15,
evqa-pilot500,paligemma-3b,Rel,M-Loc,15,-0.6457960644007156
evqa-pilot500,paligemma-3b,Rel,Average,15,0.9141323792486583
evqa-pilot500,paligemma-3b,T-Gen,M-Gen,15,0.9678571428571429
evqa-pilot500,paligemma-3b,T-Gen,T-Loc,15,
evqa-pilot500,paligemma-3b,T-Gen,M-Loc,15,-0.7059877707371144
evqa-pilot500,paligemma-3b,T-Gen,Average,15,0.8882934735603693
evqa-pilot500,paligemma-3b,M-Gen,T-Loc,15,
evqa-pilot500,paligemma-3b,M-Gen,M-Loc,15,-0.6523684463773335
evqa-pilot500,paligemma-3b,M-Gen,Average,15,0.89544271680834
evqa-pilot500,paligemma-3b,T-Loc,M-Loc,15,
evqa-pilot500,paligemma-3b,T-Loc,Average,15,
evqa-pilot500,paligemma-3b,M-Loc,Average,15,-0.4597495527728086
evqa-pilot500,qwen2.5-vl-3b,Rel,T-Gen,26,0.7710719893853405
evqa-pilot500,qwen2.5-vl-3b,Rel,M-Gen,26,0.21336980992303878
evqa-pilot500,qwen2.5-vl-3b,Rel,T-Loc,26,
evqa-pilot500,qwen2.5-vl-3b,Rel,M-Loc,26,-0.2970940170940171
evqa-pilot500,qwen2.5-vl-3b,Rel,Average,26,0.4372649572649573
evqa-pilot500,qwen2.5-vl-3b,T-Gen,M-Gen,26,0.35584815321477425
evqa-pilot500,qwen2.5-vl-3b,T-Gen,T-Loc,26,
evqa-pilot500,qwen2.5-vl-3b,T-Gen,M-Loc,26,-0.34911951271061314
evqa-pilot500,qwen2.5-vl-3b,T-Gen,Average,26,0.37989400452643607
evqa-pilot500,qwen2.5-vl-3b,M-Gen,T-Loc,26,
evqa-pilot500,qwen2.5-vl-3b,M-Gen,M-Loc,26,-0.12002051808170931
evqa-pilot500,qwen2.5-vl-3b,M-Gen,Average,26,0.4540947236823646
evqa-pilot500,qwen2.5-vl-3b,T-Loc,M-Loc,26,
evqa-pilot500,qwen2.5-vl-3b,T-Loc,Average,26,
evqa-pilot500,qwen2.5-vl-3b,M-Loc,Average,26,0.5548717948717948
evqa-pilot500,smolvlm-1.7b,Rel,T-Gen,20,0.9669172932330827
evqa-pilot500,smolvlm-1.7b,Rel,M-Gen,20,0.9744360902255639
evqa-pilot500,smolvlm-1.7b,Rel,T-Loc,20,
evqa-pilot500,smolvlm-1.7b,Rel,M-Loc,20,0.23759398496240602
evqa-pilot500,smolvlm-1.7b,Rel,Average,20,0.9578947368421052
evqa-pilot500,smolvlm-1.7b,T-Gen,M-Gen,20,0.9894736842105263
evqa-pilot500,smolvlm-1.7b,T-Gen,T-Loc,20,
evqa-pilot500,smolvlm-1.7b,T-Gen,M-Loc,20,0.281203007518797
evqa-pilot500,smolvlm-1.7b,T-Gen,Average,20,0.9729323308270676
evqa-pilot500,smolvlm-1.7b,M-Gen,T-Loc,20,
evqa-pilot500,smolvlm-1.7b,M-Gen,M-Loc,20,0.22406015037593985
evqa-pilot500,smolvlm-1.7b,M-Gen,Average,20,0.9548872180451128
evqa-pilot500,smolvlm-1.7b,T-Loc,M-Loc,20,
evqa-pilot500,smolvlm-1.7b,T-Loc,Average,20,
evqa-pilot500,smolvlm-1.7b,M-Loc,Average,20,0.3924812030075188
mmke-entity,blip2-opt-2.7b,Rel,T-Gen,21,0.9970770256303111
mmke-entity,blip2-opt-2.7b,Rel,M-Gen,21,0.9948051948051948
mmke-entity,blip2-opt-2.7b,Rel,T-Loc,21,
mmke-entity,blip2-opt-2.7b,Rel,M-Loc,21,-0.6090909090909091
mmke-entity,blip2-opt-2.7b,Rel,Average,21,0.6896103896103896
mmke-entity,blip2-opt-2.7b,T-Gen,M-Gen,21,0.99317965614902
mmke-entity,blip2-opt-2.7b,T-Gen,T-Loc,21,
mmke-entity,blip2-opt-2.7b,T-Gen,M-Loc,21,-0.5885027916749589
mmke-entity,blip2-opt-2.7b,T-Gen,Average,21,0.7112699303356291
mmke-entity,blip2-opt-2.7b,M-Gen,T-Loc,21,
mmke-entity,blip2-opt-2.7b,M-Gen,M-Loc,21,-0.6
mmke-entity,blip2-opt-2.7b,M-Gen,Average,21,0.7194805194805195
mmke-entity,blip2-opt-2.7b,T-Loc,M-Loc,21,
mmke-entity,blip2-opt-2.7b,T-Loc,Average,21,
mmke-entity,blip2-opt-2.7b,M-Loc,Average,21,-0.05974025974025974
mmke-entity,instructblip-vicuna-7b,Rel,T-Gen,23,0.9802371541501976
mmke-entity,instructblip-vicuna-7b,Rel,M-Gen,23,0.9980237154150198
mmke-entity,instructblip-vicuna-7b,Rel,T-Loc,23,
mmke-entity,instructblip-vicuna-7b,Rel,M-Loc,23,-0.20069206604181405
mmke-entity,instructblip-vicuna-7b,Rel,Average,23,0.9950592885375494
mmke-entity,instructblip-vicuna-7b,T-Gen,M-Gen,23,0.983201581027668
mmke-entity,instructblip-vicuna-7b,T-Gen,T-Loc,23,
mmke-entity,instructblip-vicuna-7b,T-Gen,M-Loc,23,-0.20069206604181405
mmke-entity,instructblip-vicuna-7b,T-Gen,Average,23,0.9871541501976284
mmke-entity,instructblip-vicuna-7b,M-Gen,T-Loc,23,
mmke-entity,instructblip-vicuna-7b,M-Gen,M-Loc,23,-0.22441920685463934
mmke-entity,instructblip-vicuna-7b,M-Gen,Average,23,0.9950592885375494
mmke-entity,instructblip-vicuna-7b,T-Loc,M-Loc,23,
mmke-entity,instructblip-vicuna-7b,T-Loc,Average,23,
mmke-entity,instructblip-vicuna-7b,M-Loc,Average,23,-0.1779535560961898
mmke-entity,llava-v1.5-7b,Rel,T-Gen,10,1.0
mmke-entity,llava-v1.5-7b,Rel,M-Gen,10,0.9969650916353059
mmke-entity,llava-v1.5-7b,Rel,T-Loc,10,
mmke-entity,llava-v1.5-7b,Rel,M-Loc,10,0.22424242424242424
mmke-entity,llava-v1.5-7b,Rel,Average,10,0.9878787878787879
mmke-entity,llava-v1.5-7b,T-Gen,M-Gen,10,0.9969650916353059
mmke-entity,llava-v1.5-7b,T-Gen,T-Loc,10,
mmke-entity,llava-v1.5-7b,T-Gen,M-Loc,10,0.22424242424242424
mmke-entity,llava-v1.5-7b,T-Gen,Average,10,0.9878787878787879
mmke-entity,llava-v1.5-7b,M-Gen,T-Loc,10,
mmke-entity,llava-v1.5-7b,M-Gen,M-Loc,10,0.24316221747202582
mmke-entity,llava-v1.5-7b,M-Gen,Average,10,0.9969650916353059
mmke-entity,llava-v1.5-7b,T-Loc,M-Loc,10,
mmke-entity,llava-v1.5-7b,T-Loc,Average,10,
mmke-entity,llava-v1.5-7b,M-Loc,Average,10,0.2606060606060606
mmke-entity,minigpt-4-vicuna-7b,Rel,T-Gen,18,0.9339525283797729
mmke-entity,minigpt-4-vicuna-7b,Rel,M-Gen,18,0.9860610503526437
mmke-entity,minigpt-4-vicuna-7b,Rel,T-Loc,18,
mmke-entity,minigpt-4-vicuna-7b,Rel,M-Loc,18,0.29117195413554503
mmke-entity,minigpt-4-vicuna-7b,Rel,Average,18,0.9834881320949432
mmke-entity,minigpt-4-vicuna-7b,T-Gen,M-Gen,18,0.9272071447295016
mmke-entity,minigpt-4-vicuna-7b,T-Gen,T-Loc,18,
mmke-entity,minigpt-4-vicuna-7b,T-Gen,M-Loc,18,0.11254518794600854
mmke-entity,minigpt-4-vicuna-7b,T-Gen,Average,18,0.9153766769865841
mmke-entity,minigpt-4-vicuna-7b,M-Gen,T-Loc,18,
mmke-entity,minigpt-4-vicuna-7b,M-Gen,M-Loc,18,0.24896694214876033
mmke-entity,minigpt-4-vicuna-7b,M-Gen,Average,18,0.9778008530722027
mmke-entity,minigpt-4-vicuna-7b,T-Loc,M-Loc,18,
mmke-entity,minigpt-4-vicuna-7b,T-Loc,Average,18,
mmke-entity,minigpt-4-vicuna-7b,M-Loc,Average,18,0.36861130363967937
mmke-entity,paligemma-3b,Rel,T-Gen,16,0.9970588235294118
mmke-entity,paligemma-3b,Rel,M-Gen,16,0.9992644353546793
mmke-entity,paligemma-3b,Rel,T-Loc,16,
mmke-entity,paligemma-3b,Rel,M-Loc,16,0.14705882352941177
mmke-entity,paligemma-3b,Rel,Average,16,0.9323529411764706
mmke-entity,paligemma-3b,T-Gen,M-Gen,16,0.996321093866153
mmke-entity,paligemma-3b,T-Gen,T-Loc,16,
mmke-entity,paligemma-3b,T-Gen,M-Loc,16,0.15294117647058825
mmke-entity,paligemma-3b,T-Gen,Average,16,0.9352941176470588
mmke-entity,paligemma-3b,M-Gen,T-Loc,16,
mmke-entity,paligemma-3b,M-Gen,M-Loc,16,0.13245036698368357
mmke-entity,paligemma-3b,M-Gen,Average,16,0.928624239630048
mmke-entity,paligemma-3b,T-Loc,M-Loc,16,
mmke-entity,paligemma-3b,T-Loc,Average,16,
mmke-entity,paligemma-3b,M-Loc,Average,16,0.36470588235294116
mmke-entity,qwen2.5-vl-3b,Rel,T-Gen,21,0.9931752230701798
mmke-entity,qwen2.5-vl-3b,Rel,M-Gen,21,0.9922002473930821
mmke-entity,qwen2.5-vl-3b,Rel,T-Loc,21,
mmke-entity,qwen2.5-vl-3b,Rel,M-Loc,21,-0.18908386057879167
mmke-entity,qwen2.5-vl-3b,Rel,Average,21,0.9395122448020236
mmke-entity,qwen2.5-vl-3b,T-Gen,M-Gen,21,0.9873294346978557
mmke-entity,qwen2.5-vl-3b,T-Gen,T-Loc,21,
mmke-entity,qwen2.5-vl-3b,T-Gen,M-Loc,21,-0.18577461194154332
mmke-entity,qwen2.5-vl-3b,T-Gen,Average,21,0.9414826437410362
mmke-entity,qwen2.5-vl-3b,M-Gen,T-Loc,21,
mmke-entity,qwen2.5-vl-3b,M-Gen,M-Loc,21,-0.2052614593479989
mmke-entity,qwen2.5-vl-3b,M-Gen,Average,21,0.9294540326158917
mmke-entity,qwen2.5-vl-3b,T-Loc,M-Loc,21,
mmke-entity,qwen2.5-vl-3b,T-Loc,Average,21,
mmke-entity,qwen2.5-vl-3b,M-Loc,Average,21,0.08579789583240675
mmke-entity,smolvlm-1.7b,Rel,T-Gen,16,0.9970588235294118
mmke-entity,smolvlm-1.7b,Rel,M-Gen,16,0.9970588235294118
mmke-entity,smolvlm-1.7b,Rel,T-Loc,16,
mmke-entity,smolvlm-1.7b,Rel,M-Loc,16,0.15305375740336766
mmke-entity,smolvlm-1.7b,Rel,Average,16,0.9735294117647059
mmke-entity,smolvlm-1.7b,T-Gen,M-Gen,16,0.9941176470588236
mmke-entity,smolvlm-1.7b,T-Gen,T-Loc,16,
mmke-entity,smolvlm-1.7b,T-Gen,M-Loc,16,0.11184697656399945
mmke-entity,smolvlm-1.7b,T-Gen,Average,16,0.961764705882353
mmke-entity,smolvlm-1.7b,M-Gen,T-Loc,16,
mmke-entity,smolvlm-1.7b,M-Gen,M-Loc,16,0.15599709889189398
mmke-entity,smolvlm-1.7b,M-Gen,Average,16,0.9764705882352941
mmke-entity,smolvlm-1.7b,T-Loc,M-Loc,16,
mmke-entity,smolvlm-1.7b,T-Loc,Average,16,
mmke-entity,smolvlm-1.7b,M-Loc,Average,16,0.25754238024605136
mmke-visual,blip2-opt-2.7b,Rel,T-Gen,19,0.9754385964912281
mmke-visual,blip2-opt-2.7b,Rel,M-Gen,19,0.9609478766242482
mmke-visual,blip2-opt-2.7b,Rel,T-Loc,19,
mmke-visual,blip2-opt-2.7b,Rel,M-Loc,19,0.3
mmke-visual,blip2-opt-2.7b,Rel,Average,19,0.8052631578947368
mmke-visual,blip2-opt-2.7b,T-Gen,M-Gen,19,0.9635806105328077
mmke-visual,blip2-opt-2.7b,T-Gen,T-Loc,19,
mmke-visual,blip2-opt-2.7b,T-Gen,M-Loc,19,0.3736842105263158
mmke-visual,blip2-opt-2.7b,T-Gen,Average,19,0.843859649122807
mmke-visual,blip2-opt-2.7b,M-Gen,T-Loc,19,
mmke-visual,blip2-opt-2.7b,M-Gen,M-Loc,19,0.26941643664259746
mmke-visual,blip2-opt-2.7b,M-Gen,Average,19,0.7810443928726766
mmke-visual,blip2-opt-2.7b,T-Loc,M-Loc,19,
mmke-visual,blip2-opt-2.7b,T-Loc,Average,19,
mmke-visual,blip2-opt-2.7b,M-Loc,Average,19,0.7070175438596491
mmke-visual,instructblip-vicuna-7b,Rel,T-Gen,22,0.8643685001753167
mmke-visual,instructblip-vicuna-7b,Rel,M-Gen,22,0.9728737319724144
mmke-visual,instructblip-vicuna-7b,Rel,T-Loc,22,
mmke-visual,instructblip-vicuna-7b,Rel,M-Loc,22,-0.12032859944127983
mmke-visual,instructblip-vicuna-7b,Rel,Average,22,0.9689267083096788
mmke-visual,instructblip-vicuna-7b,T-Gen,M-Gen,22,0.8661016949152542
mmke-visual,instructblip-vicuna-7b,T-Gen,T-Loc,22,
mmke-visual,instructblip-vicuna-7b,T-Gen,M-Loc,22,0.1316164485452839
mmke-visual,instructblip-vicuna-7b,T-Gen,Average,22,0.9245976081773525
mmke-visual,instructblip-vicuna-7b,M-Gen,T-Loc,22,
mmke-visual,instructblip-vicuna-7b,M-Gen,M-Loc,22,-0.14180610907782198
mmke-visual,instructblip-vicuna-7b,M-Gen,Average,22,0.9596159659702638
mmke-visual,instructblip-vicuna-7b,T-Loc,M-Loc,22,
mmke-visual,instructblip-vicuna-7b,T-Loc,Average,22,
mmke-visual,instructblip-vicuna-7b,M-Loc,Average,22,-0.029428485136444034
mmke-visual,llava-v1.5-7b,Rel,T-Gen,16,1.0
mmke-visual,llava-v1.5-7b,Rel,M-Gen,16,0.9911764705882353
mmke-visual,llava-v1.5-7b,Rel,T-Loc,16,
mmke-visual,llava-v1.5-7b,Rel,M-Loc,16,-0.18529411764705883
mmke-visual,llava-v1.5-7b,Rel,Average,16,0.961764705882353
mmke-visual,llava-v1.5-7b,T-Gen,M-Gen,16,0.9911764705882353
mmke-visual,llava-v1.5-7b,T-Gen,T-Loc,16,
mmke-visual,llava-v1.5-7b,T-Gen,M-Loc,16,-0.18529411764705883
mmke-visual,llava-v1.5-7b,T-Gen,Average,16,0.961764705882353
mmke-visual,llava-v1.5-7b,M-Gen,T-Loc,16,
mmke-visual,llava-v1.5-7b,M-Gen,M-Loc,16,-0.19117647058823528
mmke-visual,llava-v1.5-7b,M-Gen,Average,16,0.9470588235294117
mmke-visual,llava-v1.5-7b,T-Loc,M-Loc,16,
mmke-visual,llava-v1.5-7b,T-Loc,Average,16,
mmke-visual,llava-v1.5-7b,M-Loc,Average,16,0.047058823529411764
mmke-visual,minigpt-4-vicuna-7b,Rel,T-Gen,21,0.9948051948051948
mmke-visual,minigpt-4-vicuna-7b,Rel,M-Gen,21,0.9896103896103896
mmke-visual,minigpt-4-vicuna-7b,Rel,T-Loc,21,
mmke-visual,minigpt-4-vicuna-7b,Rel,M-Loc,21,0.23766233766233766
mmke-visual,minigpt-4-vicuna-7b,Rel,Average,21,0.9896103896103896
mmke-visual,minigpt-4-vicuna-7b,T-Gen,M-Gen,21,0.9935064935064936
mmke-visual,minigpt-4-vicuna-7b,T-Gen,T-Loc,21,
mmke-visual,minigpt-4-vicuna-7b,T-Gen,M-Loc,21,0.24155844155844156
mmke-visual,minigpt-4-vicuna-7b,T-Gen,Average,21,0.990909090909091
mmke-visual,minigpt-4-vicuna-7b,M-Gen,T-Loc,21,
mmke-visual,minigpt-4-vicuna-7b,M-Gen,M-Loc,21,0.23506493506493506
mmke-visual,minigpt-4-vicuna-7b,M-Gen,Average,21,0.9818181818181818
mmke-visual,minigpt-4-vicuna-7b,T-Loc,M-Loc,21,
mmke-visual,minigpt-4-vicuna-7b,T-Loc,Average,21,
mmke-visual,minigpt-4-vicuna-7b,M-Loc,Average,21,0.3038961038961039
mmke-visual,paligemma-3b,Rel,T-Gen,16,0.994104620159861
mmke-visual,paligemma-3b,Rel,M-Gen,16,0.9860193986563109
mmke-visual,paligemma-3b,Rel,T-Loc,16,
mmke-visual,paligemma-3b,Rel,M-Loc,16,0.014705882352941176
mmke-visual,paligemma-3b,Rel,Average,16,0.9058823529411765
mmke-visual,paligemma-3b,T-Gen,M-Gen,16,0.985980276366978
mmke-visual,paligemma-3b,T-Gen,T-Loc,16,
mmke-visual,paligemma-3b,T-Gen,M-Loc,16,0.032448518758927215
mmke-visual,paligemma-3b,T-Gen,Average,16,0.9144582559334032
mmke-visual,paligemma-3b,M-Gen,T-Loc,16,
mmke-visual,paligemma-3b,M-Gen,M-Loc,16,0.033848427118052464
mmke-visual,paligemma-3b,M-Gen,Average,16,0.918322544420206
mmke-visual,paligemma-3b,T-Loc,M-Loc,16,
mmke-visual,paligemma-3b,T-Loc,Average,16,
mmke-visual,paligemma-3b,M-Loc,Average,16,0.28823529411764703
mmke-visual,qwen2.5-vl-3b,Rel,T-Gen,23,0.9693675889328063
mmke-visual,qwen2.5-vl-3b,Rel,M-Gen,23,0.9424265175278485
mmke-visual,qwen2.5-vl-3b,Rel,T-Loc,23,
mmke-visual,qwen2.5-vl-3b,Rel,M-Loc,23,0.5009881422924901
mmke-visual,qwen2.5-vl-3b,Rel,Average,23,0.9201485843389923
mmke-visual,qwen2.5-vl-3b,T-Gen,M-Gen,23,0.9419323242832088
mmke-visual,qwen2.5-vl-3b,T-Gen,T-Loc,23,
mmke-visual,qwen2.5-vl-3b,T-Gen,M-Loc,23,0.49209486166007904
mmke-visual,qwen2.5-vl-3b,T-Gen,Average,23,0.9211374597654716
mmke-visual,qwen2.5-vl-3b,M-Gen,T-Loc,23,
mmke-visual,qwen2.5-vl-3b,M-Gen,M-Loc,23,0.6296021936709381
mmke-visual,qwen2.5-vl-3b,M-Gen,Average,23,0.9584570905080159
mmke-visual,qwen2.5-vl-3b,T-Loc,M-Loc,23,
mmke-visual,qwen2.5-vl-3b,T-Loc,Average,23,
mmke-visual,qwen2.5-vl-3b,M-Loc,Average,23,0.7594563275361054
mmke-visual,smolvlm-1.7b,Rel,T-Gen,21,0.9935064935064936
mmke-visual,smolvlm-1.7b,Rel,M-Gen,21,0.9938292177292352
mmke-visual,smolvlm-1.7b,Rel,T-Loc,21,
mmke-visual,smolvlm-1.7b,Rel,M-Loc,21,0.551948051948052
mmke-visual,smolvlm-1.7b,Rel,Average,21,0.9675324675324676
mmke-visual,smolvlm-1.7b,T-Gen,M-Gen,21,0.9944787793094504
mmke-visual,smolvlm-1.7b,T-Gen,T-Loc,21,
mmke-visual,smolvlm-1.7b,T-Gen,M-Loc,21,0.5896103896103896
mmke-visual,smolvlm-1.7b,T-Gen,Average,21,0.9766233766233766
mmke-visual,smolvlm-1.7b,M-Gen,T-Loc,21,
mmke-visual,smolvlm-1.7b,M-Gen,M-Loc,21,0.5683663826882881
mmke-visual,smolvlm-1.7b,M-Gen,Average,21,0.9710945624217037
mmke-visual,smolvlm-1.7b,T-Loc,M-Loc,21,
mmke-visual,smolvlm-1.7b,T-Loc,Average,21,
mmke-visual,smolvlm-1.7b,M-Loc,Average,21,0.687012987012987
