time,layer,epoch,i,loss,ema_loss,ckpt_path,kept
2026-08-28 14:33:55,14,1,318,5.1873064041137695,4.914862950972453,/datapool/home/ph_teacher3/Lwy/zhounan/Visedit2/server_results/formal_top3_stage2_20260812/job3126082/mmke-entity/llava-v1.5-7b/layer_14/records/vead/llava-v1.5-7b/pilot500_blip2_visedit_L14-lr-1-t-1-v-1/checkpoints/epoch-1-i-318-ema_loss-4.9149,1
2026-08-28 15:58:22,14,2,636,5.620632171630859,5.157353378580848,/datapool/home/ph_teacher3/Lwy/zhounan/Visedit2/server_results/formal_top3_stage2_20260812/job3126082/mmke-entity/llava-v1.5-7b/layer_14/records/vead/llava-v1.5-7b/pilot500_blip2_visedit_L14-lr-1-t-1-v-1/checkpoints/epoch-2-i-636-ema_loss-5.1574,1
2026-08-28 17:25:16,14,3,954,4.094565391540527,4.96158490942414,/datapool/home/ph_teacher3/Lwy/zhounan/Visedit2/server_results/formal_top3_stage2_20260812/job3126082/mmke-entity/llava-v1.5-7b/layer_14/records/vead/llava-v1.5-7b/pilot500_blip2_visedit_L14-lr-1-t-1-v-1/checkpoints/epoch-3-i-954-ema_loss-4.9616,1
2026-08-28 18:39:24,14,4,1272,4.258157730102539,4.5966243200493215,/datapool/home/ph_teacher3/Lwy/zhounan/Visedit2/server_results/formal_top3_stage2_20260812/job3126082/mmke-entity/llava-v1.5-7b/layer_14/records/vead/llava-v1.5-7b/pilot500_blip2_visedit_L14-lr-1-t-1-v-1/checkpoints/epoch-4-i-1272-ema_loss-4.5966,1
2026-08-28 19:44:14,14,5,1590,3.9057183265686035,4.430994441820808,/datapool/home/ph_teacher3/Lwy/zhounan/Visedit2/server_results/formal_top3_stage2_20260812/job3126082/mmke-entity/llava-v1.5-7b/layer_14/records/vead/llava-v1.5-7b/pilot500_blip2_visedit_L14-lr-1-t-1-v-1/checkpoints/epoch-5-i-1590-ema_loss-4.4310,1
2026-08-28 20:49:05,14,6,1908,3.580808639526367,3.9588550871885366,/datapool/home/ph_teacher3/Lwy/zhounan/Visedit2/server_results/formal_top3_stage2_20260812/job3126082/mmke-entity/llava-v1.5-7b/layer_14/records/vead/llava-v1.5-7b/pilot500_blip2_visedit_L14-lr-1-t-1-v-1/checkpoints/epoch-6-i-1908-ema_loss-3.9589,1
2026-08-28 21:53:58,14,7,2226,3.6814563274383545,3.425434518490854,/datapool/home/ph_teacher3/Lwy/zhounan/Visedit2/server_results/formal_top3_stage2_20260812/job3126082/mmke-entity/llava-v1.5-7b/layer_14/records/vead/llava-v1.5-7b/pilot500_blip2_visedit_L14-lr-1-t-1-v-1/checkpoints/epoch-7-i-2226-ema_loss-3.4254,1
2026-08-28 22:58:52,14,8,2544,2.06866455078125,2.550299804996041,/datapool/home/ph_teacher3/Lwy/zhounan/Visedit2/server_results/formal_top3_stage2_20260812/job3126082/mmke-entity/llava-v1.5-7b/layer_14/records/vead/llava-v1.5-7b/pilot500_blip2_visedit_L14-lr-1-t-1-v-1/checkpoints/epoch-8-i-2544-ema_loss-2.5503,1
2026-08-29 00:03:51,14,9,2862,2.729924201965332,2.1478711187828083,/datapool/home/ph_teacher3/Lwy/zhounan/Visedit2/server_results/formal_top3_stage2_20260812/job3126082/mmke-entity/llava-v1.5-7b/layer_14/records/vead/llava-v1.5-7b/pilot500_blip2_visedit_L14-lr-1-t-1-v-1/checkpoints/epoch-9-i-2862-ema_loss-2.1479,1
2026-08-29 01:08:37,14,10,3180,1.1739979982376099,1.4543177757044863,/datapool/home/ph_teacher3/Lwy/zhounan/Visedit2/server_results/formal_top3_stage2_20260812/job3126082/mmke-entity/llava-v1.5-7b/layer_14/records/vead/llava-v1.5-7b/pilot500_blip2_visedit_L14-lr-1-t-1-v-1/checkpoints/epoch-10-i-3180-ema_loss-1.4543,1
2026-08-29 02:13:22,14,11,3498,1.4227097034454346,1.3139520503817108,/datapool/home/ph_teacher3/Lwy/zhounan/Visedit2/server_results/formal_top3_stage2_20260812/job3126082/mmke-entity/llava-v1.5-7b/layer_14/records/vead/llava-v1.5-7b/pilot500_blip2_visedit_L14-lr-1-t-1-v-1/checkpoints/epoch-11-i-3498-ema_loss-1.3140,1
2026-08-29 03:46:18,14,12,3816,1.2803876399993896,1.1636343327112666,/datapool/home/ph_teacher3/Lwy/zhounan/Visedit2/server_results/formal_top3_stage2_20260812/job3126082/mmke-entity/llava-v1.5-7b/layer_14/records/vead/llava-v1.5-7b/pilot500_blip2_visedit_L14-lr-1-t-1-v-1/checkpoints/epoch-12-i-3816-ema_loss-1.1636,1
2026-08-29 04:52:43,14,13,4134,1.0721943378448486,1.0115714874749586,/datapool/home/ph_teacher3/Lwy/zhounan/Visedit2/server_results/formal_top3_stage2_20260812/job3126082/mmke-entity/llava-v1.5-7b/layer_14/records/vead/llava-v1.5-7b/pilot500_blip2_visedit_L14-lr-1-t-1-v-1/checkpoints/epoch-13-i-4134-ema_loss-1.0116,1
2026-08-29 05:57:24,14,14,4452,0.7436482906341553,0.8012993048967145,/datapool/home/ph_teacher3/Lwy/zhounan/Visedit2/server_results/formal_top3_stage2_20260812/job3126082/mmke-entity/llava-v1.5-7b/layer_14/records/vead/llava-v1.5-7b/pilot500_blip2_visedit_L14-lr-1-t-1-v-1/checkpoints/epoch-14-i-4452-ema_loss-0.8013,1
2026-08-29 07:02:08,14,15,4770,0.6229196786880493,0.6759263144543072,/datapool/home/ph_teacher3/Lwy/zhounan/Visedit2/server_results/formal_top3_stage2_20260812/job3126082/mmke-entity/llava-v1.5-7b/layer_14/records/vead/llava-v1.5-7b/pilot500_blip2_visedit_L14-lr-1-t-1-v-1/checkpoints/epoch-15-i-4770-ema_loss-0.6759,1
2026-08-29 08:06:53,14,16,5088,1.502235770225525,0.7929473166264452,/datapool/home/ph_teacher3/Lwy/zhounan/Visedit2/server_results/formal_top3_stage2_20260812/job3126082/mmke-entity/llava-v1.5-7b/layer_14/records/vead/llava-v1.5-7b/pilot500_blip2_visedit_L14-lr-1-t-1-v-1/checkpoints/epoch-16-i-5088-ema_loss-0.7929,1
2026-08-29 09:11:32,14,17,5406,0.7640049457550049,0.7000629470589834,/datapool/home/ph_teacher3/Lwy/zhounan/Visedit2/server_results/formal_top3_stage2_20260812/job3126082/mmke-entity/llava-v1.5-7b/layer_14/records/vead/llava-v1.5-7b/pilot500_blip2_visedit_L14-lr-1-t-1-v-1/checkpoints/epoch-17-i-5406-ema_loss-0.7001,1
2026-08-29 10:16:15,14,18,5724,0.357269287109375,0.4734664024349576,/datapool/home/ph_teacher3/Lwy/zhounan/Visedit2/server_results/formal_top3_stage2_20260812/job3126082/mmke-entity/llava-v1.5-7b/layer_14/records/vead/llava-v1.5-7b/pilot500_blip2_visedit_L14-lr-1-t-1-v-1/checkpoints/epoch-18-i-5724-ema_loss-0.4735,1
2026-08-29 11:20:58,14,19,6042,0.2788812220096588,0.5096834224084169,/datapool/home/ph_teacher3/Lwy/zhounan/Visedit2/server_results/formal_top3_stage2_20260812/job3126082/mmke-entity/llava-v1.5-7b/layer_14/records/vead/llava-v1.5-7b/pilot500_blip2_visedit_L14-lr-1-t-1-v-1/checkpoints/epoch-19-i-6042-ema_loss-0.5097,1
2026-08-29 12:25:45,14,20,6360,0.39935070276260376,0.5076585156302861,/datapool/home/ph_teacher3/Lwy/zhounan/Visedit2/server_results/formal_top3_stage2_20260812/job3126082/mmke-entity/llava-v1.5-7b/layer_14/records/vead/llava-v1.5-7b/pilot500_blip2_visedit_L14-lr-1-t-1-v-1/checkpoints/epoch-20-i-6360-ema_loss-0.5077,1
2026-08-29 13:30:42,14,21,6678,0.36194300651550293,0.4171239290364608,/datapool/home/ph_teacher3/Lwy/zhounan/Visedit2/server_results/formal_top3_stage2_20260812/job3126082/mmke-entity/llava-v1.5-7b/layer_14/records/vead/llava-v1.5-7b/pilot500_blip2_visedit_L14-lr-1-t-1-v-1/checkpoints/epoch-21-i-6678-ema_loss-0.4171,1
2026-08-29 14:54:00,14,22,6996,1.1142538785934448,0.4646269314085827,/datapool/home/ph_teacher3/Lwy/zhounan/Visedit2/server_results/formal_top3_stage2_20260812/job3126082/mmke-entity/llava-v1.5-7b/layer_14/records/vead/llava-v1.5-7b/pilot500_blip2_visedit_L14-lr-1-t-1-v-1/checkpoints/epoch-22-i-6996-ema_loss-0.4646,1
2026-08-29 16:09:55,14,23,7314,0.8193516731262207,0.4921697963592951,/datapool/home/ph_teacher3/Lwy/zhounan/Visedit2/server_results/formal_top3_stage2_20260812/job3126082/mmke-entity/llava-v1.5-7b/layer_14/records/vead/llava-v1.5-7b/pilot500_blip2_visedit_L14-lr-1-t-1-v-1/checkpoints/epoch-23-i-7314-ema_loss-0.4922,1
2026-08-29 17:14:50,14,24,7632,0.34119701385498047,0.510946657416967,/datapool/home/ph_teacher3/Lwy/zhounan/Visedit2/server_results/formal_top3_stage2_20260812/job3126082/mmke-entity/llava-v1.5-7b/layer_14/records/vead/llava-v1.5-7b/pilot500_blip2_visedit_L14-lr-1-t-1-v-1/checkpoints/epoch-24-i-7632-ema_loss-0.5109,1
2026-08-29 18:19:40,14,25,7950,0.22943852841854095,0.34375420169075394,/datapool/home/ph_teacher3/Lwy/zhounan/Visedit2/server_results/formal_top3_stage2_20260812/job3126082/mmke-entity/llava-v1.5-7b/layer_14/records/vead/llava-v1.5-7b/pilot500_blip2_visedit_L14-lr-1-t-1-v-1/checkpoints/epoch-25-i-7950-ema_loss-0.3438,1
2026-08-29 19:24:26,14,26,8268,0.7410047054290771,0.45958989688475427,/datapool/home/ph_teacher3/Lwy/zhounan/Visedit2/server_results/formal_top3_stage2_20260812/job3126082/mmke-entity/llava-v1.5-7b/layer_14/records/vead/llava-v1.5-7b/pilot500_blip2_visedit_L14-lr-1-t-1-v-1/checkpoints/epoch-26-i-8268-ema_loss-0.4596,1
2026-08-29 20:29:21,14,27,8586,0.32081612944602966,0.4790912769581568,/datapool/home/ph_teacher3/Lwy/zhounan/Visedit2/server_results/formal_top3_stage2_20260812/job3126082/mmke-entity/llava-v1.5-7b/layer_14/records/vead/llava-v1.5-7b/pilot500_blip2_visedit_L14-lr-1-t-1-v-1/checkpoints/epoch-27-i-8586-ema_loss-0.4791,1
2026-08-29 21:34:09,14,28,8904,0.5316756367683411,0.4101372065806597,/datapool/home/ph_teacher3/Lwy/zhounan/Visedit2/server_results/formal_top3_stage2_20260812/job3126082/mmke-entity/llava-v1.5-7b/layer_14/records/vead/llava-v1.5-7b/pilot500_blip2_visedit_L14-lr-1-t-1-v-1/checkpoints/epoch-28-i-8904-ema_loss-0.4101,1
2026-08-29 22:38:59,14,29,9222,0.4717974066734314,0.38238044990506453,/datapool/home/ph_teacher3/Lwy/zhounan/Visedit2/server_results/formal_top3_stage2_20260812/job3126082/mmke-entity/llava-v1.5-7b/layer_14/records/vead/llava-v1.5-7b/pilot500_blip2_visedit_L14-lr-1-t-1-v-1/checkpoints/epoch-29-i-9222-ema_loss-0.3824,1
2026-08-29 23:43:44,14,30,9540,0.3755573034286499,0.42382714792624754,/datapool/home/ph_teacher3/Lwy/zhounan/Visedit2/server_results/formal_top3_stage2_20260812/job3126082/mmke-entity/llava-v1.5-7b/layer_14/records/vead/llava-v1.5-7b/pilot500_blip2_visedit_L14-lr-1-t-1-v-1/checkpoints/epoch-30-i-9540-ema_loss-0.4238,1
2026-08-30 01:10:23,14,31,9858,0.5818554162979126,0.4137257963154168,/datapool/home/ph_teacher3/Lwy/zhounan/Visedit2/server_results/formal_top3_stage2_20260812/job3126082/mmke-entity/llava-v1.5-7b/layer_14/records/vead/llava-v1.5-7b/pilot500_blip2_visedit_L14-lr-1-t-1-v-1/checkpoints/epoch-31-i-9858-ema_loss-0.4137,1
2026-08-30 02:23:24,14,32,10176,0.2895403504371643,0.5676505200373371,/datapool/home/ph_teacher3/Lwy/zhounan/Visedit2/server_results/formal_top3_stage2_20260812/job3126082/mmke-entity/llava-v1.5-7b/layer_14/records/vead/llava-v1.5-7b/pilot500_blip2_visedit_L14-lr-1-t-1-v-1/checkpoints/epoch-32-i-10176-ema_loss-0.5677,1
2026-08-30 03:50:17,14,33,10494,0.6230006814002991,0.49990083498836674,/datapool/home/ph_teacher3/Lwy/zhounan/Visedit2/server_results/formal_top3_stage2_20260812/job3126082/mmke-entity/llava-v1.5-7b/layer_14/records/vead/llava-v1.5-7b/pilot500_blip2_visedit_L14-lr-1-t-1-v-1/checkpoints/epoch-33-i-10494-ema_loss-0.4999,1
2026-08-30 05:27:42,14,34,10812,0.21081221103668213,0.36761983585877134,/datapool/home/ph_teacher3/Lwy/zhounan/Visedit2/server_results/formal_top3_stage2_20260812/job3126082/mmke-entity/llava-v1.5-7b/layer_14/records/vead/llava-v1.5-7b/pilot500_blip2_visedit_L14-lr-1-t-1-v-1/checkpoints/epoch-34-i-10812-ema_loss-0.3676,1
2026-08-30 07:01:30,14,35,11130,2.0825119018554688,0.566675611440872,/datapool/home/ph_teacher3/Lwy/zhounan/Visedit2/server_results/formal_top3_stage2_20260812/job3126082/mmke-entity/llava-v1.5-7b/layer_14/records/vead/llava-v1.5-7b/pilot500_blip2_visedit_L14-lr-1-t-1-v-1/checkpoints/epoch-35-i-11130-ema_loss-0.5667,1
2026-08-30 08:23:26,14,36,11448,0.42891979217529297,0.41498311656830267,/datapool/home/ph_teacher3/Lwy/zhounan/Visedit2/server_results/formal_top3_stage2_20260812/job3126082/mmke-entity/llava-v1.5-7b/layer_14/records/vead/llava-v1.5-7b/pilot500_blip2_visedit_L14-lr-1-t-1-v-1/checkpoints/epoch-36-i-11448-ema_loss-0.4150,1
2026-08-30 09:28:19,14,37,11766,0.37968751788139343,0.3761093369437882,/datapool/home/ph_teacher3/Lwy/zhounan/Visedit2/server_results/formal_top3_stage2_20260812/job3126082/mmke-entity/llava-v1.5-7b/layer_14/records/vead/llava-v1.5-7b/pilot500_blip2_visedit_L14-lr-1-t-1-v-1/checkpoints/epoch-37-i-11766-ema_loss-0.3761,1
2026-08-30 10:33:08,14,38,12084,0.2613706588745117,0.30021716301008444,/datapool/home/ph_teacher3/Lwy/zhounan/Visedit2/server_results/formal_top3_stage2_20260812/job3126082/mmke-entity/llava-v1.5-7b/layer_14/records/vead/llava-v1.5-7b/pilot500_blip2_visedit_L14-lr-1-t-1-v-1/checkpoints/epoch-38-i-12084-ema_loss-0.3002,1
2026-08-30 11:38:07,14,39,12402,0.13312773406505585,0.3229104632748373,/datapool/home/ph_teacher3/Lwy/zhounan/Visedit2/server_results/formal_top3_stage2_20260812/job3126082/mmke-entity/llava-v1.5-7b/layer_14/records/vead/llava-v1.5-7b/pilot500_blip2_visedit_L14-lr-1-t-1-v-1/checkpoints/epoch-39-i-12402-ema_loss-0.3229,1
2026-08-30 12:43:10,14,40,12720,0.27625104784965515,0.3688437214284512,/datapool/home/ph_teacher3/Lwy/zhounan/Visedit2/server_results/formal_top3_stage2_20260812/job3126082/mmke-entity/llava-v1.5-7b/layer_14/records/vead/llava-v1.5-7b/pilot500_blip2_visedit_L14-lr-1-t-1-v-1/checkpoints/epoch-40-i-12720-ema_loss-0.3688,1
2026-08-30 13:48:12,14,41,13038,0.26037728786468506,0.32027692740667213,/datapool/home/ph_teacher3/Lwy/zhounan/Visedit2/server_results/formal_top3_stage2_20260812/job3126082/mmke-entity/llava-v1.5-7b/layer_14/records/vead/llava-v1.5-7b/pilot500_blip2_visedit_L14-lr-1-t-1-v-1/checkpoints/epoch-41-i-13038-ema_loss-0.3203,1
2026-08-30 14:54:32,14,42,13356,0.3816929757595062,0.5862593684209279,/datapool/home/ph_teacher3/Lwy/zhounan/Visedit2/server_results/formal_top3_stage2_20260812/job3126082/mmke-entity/llava-v1.5-7b/layer_14/records/vead/llava-v1.5-7b/pilot500_blip2_visedit_L14-lr-1-t-1-v-1/checkpoints/epoch-42-i-13356-ema_loss-0.5863,1
2026-08-30 16:03:39,14,43,13674,0.3173856735229492,0.650443038819554,/datapool/home/ph_teacher3/Lwy/zhounan/Visedit2/server_results/formal_top3_stage2_20260812/job3126082/mmke-entity/llava-v1.5-7b/layer_14/records/vead/llava-v1.5-7b/pilot500_blip2_visedit_L14-lr-1-t-1-v-1/checkpoints/epoch-43-i-13674-ema_loss-0.6504,1
2026-08-30 17:14:24,14,44,13992,0.44730129837989807,0.4339525629421739,/datapool/home/ph_teacher3/Lwy/zhounan/Visedit2/server_results/formal_top3_stage2_20260812/job3126082/mmke-entity/llava-v1.5-7b/layer_14/records/vead/llava-v1.5-7b/pilot500_blip2_visedit_L14-lr-1-t-1-v-1/checkpoints/epoch-44-i-13992-ema_loss-0.4340,1
2026-08-30 18:21:02,14,45,14310,0.35847750306129456,0.3511266533479566,/datapool/home/ph_teacher3/Lwy/zhounan/Visedit2/server_results/formal_top3_stage2_20260812/job3126082/mmke-entity/llava-v1.5-7b/layer_14/records/vead/llava-v1.5-7b/pilot500_blip2_visedit_L14-lr-1-t-1-v-1/checkpoints/epoch-45-i-14310-ema_loss-0.3511,1
2026-08-30 19:25:59,14,46,14628,0.5415385365486145,0.3903685257524583,/datapool/home/ph_teacher3/Lwy/zhounan/Visedit2/server_results/formal_top3_stage2_20260812/job3126082/mmke-entity/llava-v1.5-7b/layer_14/records/vead/llava-v1.5-7b/pilot500_blip2_visedit_L14-lr-1-t-1-v-1/checkpoints/epoch-46-i-14628-ema_loss-0.3904,1
2026-08-30 20:30:52,14,47,14946,0.2600330114364624,0.31457585322297404,/datapool/home/ph_teacher3/Lwy/zhounan/Visedit2/server_results/formal_top3_stage2_20260812/job3126082/mmke-entity/llava-v1.5-7b/layer_14/records/vead/llava-v1.5-7b/pilot500_blip2_visedit_L14-lr-1-t-1-v-1/checkpoints/epoch-47-i-14946-ema_loss-0.3146,1
2026-08-30 21:58:47,14,48,15264,0.2244676798582077,0.3013331611652463,/datapool/home/ph_teacher3/Lwy/zhounan/Visedit2/server_results/formal_top3_stage2_20260812/job3126082/mmke-entity/llava-v1.5-7b/layer_14/records/vead/llava-v1.5-7b/pilot500_blip2_visedit_L14-lr-1-t-1-v-1/checkpoints/epoch-48-i-15264-ema_loss-0.3013,1
2026-08-30 23:46:20,14,49,15582,0.15978243947029114,0.29038055586747613,/datapool/home/ph_teacher3/Lwy/zhounan/Visedit2/server_results/formal_top3_stage2_20260812/job3126082/mmke-entity/llava-v1.5-7b/layer_14/records/vead/llava-v1.5-7b/pilot500_blip2_visedit_L14-lr-1-t-1-v-1/checkpoints/epoch-49-i-15582-ema_loss-0.2904,1
2026-08-31 01:22:52,14,50,15900,0.3525996804237366,0.31151151618904593,/datapool/home/ph_teacher3/Lwy/zhounan/Visedit2/server_results/formal_top3_stage2_20260812/job3126082/mmke-entity/llava-v1.5-7b/layer_14/records/vead/llava-v1.5-7b/pilot500_blip2_visedit_L14-lr-1-t-1-v-1/checkpoints/epoch-50-i-15900-ema_loss-0.3115,1
