profile,dataset,model,formula,coverage,layer_count,spearman,kendall
clean,evqa-pilot500,blip2-opt-2.7b,M_dot,0.93,20,-0.006015037593984962,0.021052631578947368
clean,evqa-pilot500,blip2-opt-2.7b,M_abscos_x_newn,0.93,20,-0.006015037593984962,0.021052631578947368
clean,evqa-pilot500,instructblip-vicuna-7b,M_dot,1.0,11,-0.10000000000000002,-0.0909090909090909
clean,evqa-pilot500,instructblip-vicuna-7b,M_abscos_x_newn,1.0,11,-0.10000000000000002,-0.0909090909090909
clean,evqa-pilot500,llava-v1.5-7b,M_dot,1.0,14,-0.059340659340659345,-0.01098901098901099
clean,evqa-pilot500,llava-v1.5-7b,M_abscos_x_newn,1.0,14,0.02417582417582418,0.05494505494505495
clean,evqa-pilot500,minigpt-4-vicuna-7b,M_dot,0.998,20,0.6330827067669172,0.43157894736842106
clean,evqa-pilot500,minigpt-4-vicuna-7b,M_abscos_x_newn,0.998,20,0.5353383458646617,0.35789473684210527
clean,evqa-pilot500,paligemma-3b,M_dot,1.0,11,0.20000000000000004,0.16363636363636364
clean,evqa-pilot500,paligemma-3b,M_abscos_x_newn,1.0,11,0.20000000000000004,0.16363636363636364
clean,evqa-pilot500,qwen2.5-vl-3b,M_dot,1.0,23,-0.15316205533596838,-0.09090909090909091
clean,evqa-pilot500,qwen2.5-vl-3b,M_abscos_x_newn,1.0,23,0.4150197628458498,0.30434782608695654
clean,evqa-pilot500,smolvlm-1.7b,M_dot,1.0,20,-0.6902255639097743,-0.5684210526315789
clean,evqa-pilot500,smolvlm-1.7b,M_abscos_x_newn,1.0,20,0.6902255639097743,0.5684210526315789
clean,mmke-entity,blip2-opt-2.7b,M_dot,0.44654088050314467,21,0.0571614190589364,0.13842521523975243
clean,mmke-entity,blip2-opt-2.7b,M_abscos_x_newn,0.44654088050314467,21,-0.007794738962582237,-0.052506116125423344
clean,mmke-entity,instructblip-vicuna-7b,M_dot,1.0,21,0.9389610389610389,0.8476190476190477
clean,mmke-entity,instructblip-vicuna-7b,M_abscos_x_newn,1.0,21,0.8597402597402597,0.7047619047619048
clean,mmke-entity,llava-v1.5-7b,M_dot,1.0,9,-0.6833333333333333,-0.5
clean,mmke-entity,llava-v1.5-7b,M_abscos_x_newn,1.0,9,0.11666666666666665,0.0
clean,mmke-entity,minigpt-4-vicuna-7b,M_dot,1.0,16,-0.15,-0.09999999999999999
clean,mmke-entity,minigpt-4-vicuna-7b,M_abscos_x_newn,1.0,16,0.049999999999999996,0.049999999999999996
clean,mmke-entity,paligemma-3b,M_dot,1.0,13,0.5659340659340659,0.3846153846153845
clean,mmke-entity,paligemma-3b,M_abscos_x_newn,1.0,13,0.5659340659340659,0.3846153846153845
clean,mmke-entity,qwen2.5-vl-3b,M_dot,1.0,18,0.01756199284223111,0.03289544874923621
clean,mmke-entity,qwen2.5-vl-3b,M_abscos_x_newn,1.0,18,0.01756199284223111,0.03289544874923621
clean,mmke-entity,smolvlm-1.7b,M_dot,1.0,15,0.2321428571428571,0.18095238095238098
clean,mmke-entity,smolvlm-1.7b,M_abscos_x_newn,1.0,15,0.2321428571428571,0.18095238095238098
clean,mmke-visual,blip2-opt-2.7b,M_dot,0.8177570093457944,19,0.057894736842105256,-0.017543859649122806
clean,mmke-visual,blip2-opt-2.7b,M_abscos_x_newn,0.8177570093457944,19,-0.37719298245614036,-0.3216374269005848
clean,mmke-visual,instructblip-vicuna-7b,M_dot,1.0,20,0.4838225598382746,0.37037555468977446
clean,mmke-visual,instructblip-vicuna-7b,M_abscos_x_newn,1.0,20,0.46952609228473313,0.3492112372789302
clean,mmke-visual,llava-v1.5-7b,M_dot,1.0,16,-0.6823529411764706,-0.5166666666666667
clean,mmke-visual,llava-v1.5-7b,M_abscos_x_newn,1.0,16,0.6088235294117647,0.43333333333333335
clean,mmke-visual,minigpt-4-vicuna-7b,M_dot,1.0,20,-0.8902255639097743,-0.6947368421052632
clean,mmke-visual,minigpt-4-vicuna-7b,M_abscos_x_newn,1.0,20,0.2902255639097744,0.22105263157894736
clean,mmke-visual,paligemma-3b,M_dot,1.0,7,0.5,0.4285714285714286
clean,mmke-visual,paligemma-3b,M_abscos_x_newn,1.0,7,0.5,0.4285714285714286
clean,mmke-visual,qwen2.5-vl-3b,M_dot,1.0,21,0.4666885546035458,0.32135124188016606
clean,mmke-visual,qwen2.5-vl-3b,M_abscos_x_newn,1.0,21,0.4666885546035458,0.32135124188016606
clean,mmke-visual,smolvlm-1.7b,M_dot,1.0,21,0.9272727272727272,0.7714285714285715
clean,mmke-visual,smolvlm-1.7b,M_abscos_x_newn,1.0,21,0.9116883116883117,0.7428571428571429
historical,evqa-pilot500,blip2-opt-2.7b,M_dot,0.93,20,-0.006015037593984962,0.021052631578947368
historical,evqa-pilot500,blip2-opt-2.7b,M_abscos_x_newn,0.93,20,-0.006015037593984962,0.021052631578947368
historical,evqa-pilot500,instructblip-vicuna-7b,M_dot,1.0,15,-0.16785714285714282,-0.14285714285714288
historical,evqa-pilot500,instructblip-vicuna-7b,M_abscos_x_newn,1.0,15,-0.16785714285714282,-0.14285714285714288
historical,evqa-pilot500,llava-v1.5-7b,M_dot,1.0,14,-0.059340659340659345,-0.01098901098901099
historical,evqa-pilot500,llava-v1.5-7b,M_abscos_x_newn,1.0,14,0.02417582417582418,0.05494505494505495
historical,evqa-pilot500,minigpt-4-vicuna-7b,M_dot,0.998,20,0.6330827067669172,0.43157894736842106
historical,evqa-pilot500,minigpt-4-vicuna-7b,M_abscos_x_newn,0.998,20,0.5353383458646617,0.35789473684210527
historical,evqa-pilot500,paligemma-3b,M_dot,1.0,13,0.37912087912087916,0.282051282051282
historical,evqa-pilot500,paligemma-3b,M_abscos_x_newn,1.0,13,0.37912087912087916,0.282051282051282
historical,evqa-pilot500,qwen2.5-vl-3b,M_dot,1.0,23,-0.15316205533596838,-0.09090909090909091
historical,evqa-pilot500,qwen2.5-vl-3b,M_abscos_x_newn,1.0,23,0.4150197628458498,0.30434782608695654
historical,evqa-pilot500,smolvlm-1.7b,M_dot,1.0,20,-0.6902255639097743,-0.5684210526315789
historical,evqa-pilot500,smolvlm-1.7b,M_abscos_x_newn,1.0,20,0.6902255639097743,0.5684210526315789
historical,mmke-entity,blip2-opt-2.7b,M_dot,0.44654088050314467,21,0.0571614190589364,0.13842521523975243
historical,mmke-entity,blip2-opt-2.7b,M_abscos_x_newn,0.44654088050314467,21,-0.007794738962582237,-0.052506116125423344
historical,mmke-entity,instructblip-vicuna-7b,M_dot,1.0,21,0.9389610389610389,0.8476190476190477
historical,mmke-entity,instructblip-vicuna-7b,M_abscos_x_newn,1.0,21,0.8597402597402597,0.7047619047619048
historical,mmke-entity,llava-v1.5-7b,M_dot,1.0,9,-0.6833333333333333,-0.5
historical,mmke-entity,llava-v1.5-7b,M_abscos_x_newn,1.0,9,0.11666666666666665,0.0
historical,mmke-entity,minigpt-4-vicuna-7b,M_dot,1.0,16,-0.15,-0.09999999999999999
historical,mmke-entity,minigpt-4-vicuna-7b,M_abscos_x_newn,1.0,16,0.049999999999999996,0.049999999999999996
historical,mmke-entity,paligemma-3b,M_dot,1.0,15,0.557142857142857,0.37142857142857144
historical,mmke-entity,paligemma-3b,M_abscos_x_newn,1.0,15,0.557142857142857,0.37142857142857144
historical,mmke-entity,qwen2.5-vl-3b,M_dot,1.0,18,0.01756199284223111,0.03289544874923621
historical,mmke-entity,qwen2.5-vl-3b,M_abscos_x_newn,1.0,18,0.01756199284223111,0.03289544874923621
historical,mmke-entity,smolvlm-1.7b,M_dot,1.0,15,0.2321428571428571,0.18095238095238098
historical,mmke-entity,smolvlm-1.7b,M_abscos_x_newn,1.0,15,0.2321428571428571,0.18095238095238098
historical,mmke-visual,blip2-opt-2.7b,M_dot,0.8177570093457944,19,0.057894736842105256,-0.017543859649122806
historical,mmke-visual,blip2-opt-2.7b,M_abscos_x_newn,0.8177570093457944,19,-0.37719298245614036,-0.3216374269005848
historical,mmke-visual,instructblip-vicuna-7b,M_dot,1.0,20,0.4838225598382746,0.37037555468977446
historical,mmke-visual,instructblip-vicuna-7b,M_abscos_x_newn,1.0,20,0.46952609228473313,0.3492112372789302
historical,mmke-visual,llava-v1.5-7b,M_dot,1.0,16,-0.6823529411764706,-0.5166666666666667
historical,mmke-visual,llava-v1.5-7b,M_abscos_x_newn,1.0,16,0.6088235294117647,0.43333333333333335
historical,mmke-visual,minigpt-4-vicuna-7b,M_dot,1.0,20,-0.8902255639097743,-0.6947368421052632
historical,mmke-visual,minigpt-4-vicuna-7b,M_abscos_x_newn,1.0,20,0.2902255639097744,0.22105263157894736
historical,mmke-visual,paligemma-3b,M_dot,1.0,7,0.5,0.4285714285714286
historical,mmke-visual,paligemma-3b,M_abscos_x_newn,1.0,7,0.5,0.4285714285714286
historical,mmke-visual,qwen2.5-vl-3b,M_dot,1.0,21,0.4666885546035458,0.32135124188016606
historical,mmke-visual,qwen2.5-vl-3b,M_abscos_x_newn,1.0,21,0.4666885546035458,0.32135124188016606
historical,mmke-visual,smolvlm-1.7b,M_dot,1.0,21,0.9272727272727272,0.7714285714285715
historical,mmke-visual,smolvlm-1.7b,M_abscos_x_newn,1.0,21,0.9116883116883117,0.7428571428571429
