dataset,model,family,formula,expression,valid_samples,total_samples,coverage,status,top1,top3,top5,raw_score_file
evqa-pilot500,blip2-opt-2.7b,base7,M_dot,S_v_dot,465,500,0.93,done,L0,"L0,L1,L2","L0,L1,L2,L3,L4",md/Location/VisualGradient_11formula_analysis_files_20260720/raw_layer_scores/evqa-pilot500/blip2-opt-2.7b/ours_direct_layer_scores.csv
evqa-pilot500,blip2-opt-2.7b,base7,M_cos,S_v_cos,465,500,0.93,done,L0,"L0,L1,L2","L0,L1,L2,L3,L5",md/Location/VisualGradient_11formula_analysis_files_20260720/raw_layer_scores/evqa-pilot500/blip2-opt-2.7b/ours_direct_layer_scores.csv
evqa-pilot500,blip2-opt-2.7b,base7,M_new_norm,S_v_new_norm,465,500,0.93,done,L0,"L0,L1,L2","L0,L1,L2,L3,L4",md/Location/VisualGradient_11formula_analysis_files_20260720/raw_layer_scores/evqa-pilot500/blip2-opt-2.7b/ours_direct_layer_scores.csv
evqa-pilot500,blip2-opt-2.7b,base7,M_pos_ratio,S_v_positive_ratio,465,500,0.93,done,L11,"L11,L12,L8","L11,L12,L8,L9,L6",md/Location/VisualGradient_11formula_analysis_files_20260720/raw_layer_scores/evqa-pilot500/blip2-opt-2.7b/ours_direct_layer_scores.csv
evqa-pilot500,blip2-opt-2.7b,base7,M_conflict,S_v_conflict,465,500,0.93,done,L30,"L30,L29,L28","L30,L29,L28,L27,L26",md/Location/VisualGradient_11formula_analysis_files_20260720/raw_layer_scores/evqa-pilot500/blip2-opt-2.7b/ours_direct_layer_scores.csv
evqa-pilot500,blip2-opt-2.7b,base7,M_newn_x_1mcos,S_v_new_norm * (1-S_v_cos),465,500,0.93,done,L0,"L0,L1,L2","L0,L1,L2,L3,L4",md/Location/VisualGradient_11formula_analysis_files_20260720/raw_layer_scores/evqa-pilot500/blip2-opt-2.7b/ours_direct_layer_scores.csv
evqa-pilot500,blip2-opt-2.7b,base7,M_abscos_x_newn,abs(S_v_cos) * S_v_new_norm,465,500,0.93,done,L0,"L0,L1,L2","L0,L1,L2,L3,L4",md/Location/VisualGradient_11formula_analysis_files_20260720/raw_layer_scores/evqa-pilot500/blip2-opt-2.7b/ours_direct_layer_scores.csv
evqa-pilot500,blip2-opt-2.7b,ours4,Ours-Direct-Conflict,"max(0,-S_v_cos) * S_v_new_norm * S_v_depth2",465,500,0.93,insufficient_or_unavailable,,,,md/Location/VisualGradient_11formula_analysis_files_20260720/raw_layer_scores/evqa-pilot500/blip2-opt-2.7b/ours_direct_layer_scores.csv
evqa-pilot500,blip2-opt-2.7b,ours4,Ours-AbsDirection-Direct,abs(S_v_cos) * S_v_new_norm * S_v_depth2,465,500,0.93,done,L16,"L16,L17,L15","L16,L17,L15,L18,L14",md/Location/VisualGradient_11formula_analysis_files_20260720/raw_layer_scores/evqa-pilot500/blip2-opt-2.7b/ours_direct_layer_scores.csv
evqa-pilot500,blip2-opt-2.7b,ours4,Ours-NoDirection-Direct,S_v_new_norm * S_v_depth2,465,500,0.93,done,L17,"L17,L18,L16","L17,L18,L16,L19,L15",md/Location/VisualGradient_11formula_analysis_files_20260720/raw_layer_scores/evqa-pilot500/blip2-opt-2.7b/ours_direct_layer_scores.csv
evqa-pilot500,blip2-opt-2.7b,ours4,Ours-1MinusCos-Direct,(1-S_v_cos) * S_v_new_norm * S_v_depth2,465,500,0.93,done,L25,"L25,L26,L19","L25,L26,L19,L27,L23",md/Location/VisualGradient_11formula_analysis_files_20260720/raw_layer_scores/evqa-pilot500/blip2-opt-2.7b/ours_direct_layer_scores.csv
evqa-pilot500,instructblip-vicuna-7b,base7,M_dot,S_v_dot,500,500,1.0,done,L1,"L1,L0,L11","L1,L0,L11,L9,L10",md/Location/VisualGradient_11formula_analysis_files_20260720/raw_layer_scores/evqa-pilot500/instructblip-vicuna-7b/ours_direct_layer_scores.csv
evqa-pilot500,instructblip-vicuna-7b,base7,M_cos,S_v_cos,500,500,1.0,done,L1,"L1,L0,L17","L1,L0,L17,L18,L15",md/Location/VisualGradient_11formula_analysis_files_20260720/raw_layer_scores/evqa-pilot500/instructblip-vicuna-7b/ours_direct_layer_scores.csv
evqa-pilot500,instructblip-vicuna-7b,base7,M_new_norm,S_v_new_norm,500,500,1.0,done,L1,"L1,L0,L9","L1,L0,L9,L11,L10",md/Location/VisualGradient_11formula_analysis_files_20260720/raw_layer_scores/evqa-pilot500/instructblip-vicuna-7b/ours_direct_layer_scores.csv
evqa-pilot500,instructblip-vicuna-7b,base7,M_pos_ratio,S_v_positive_ratio,500,500,1.0,done,L23,"L23,L16,L17","L23,L16,L17,L24,L25",md/Location/VisualGradient_11formula_analysis_files_20260720/raw_layer_scores/evqa-pilot500/instructblip-vicuna-7b/ours_direct_layer_scores.csv
evqa-pilot500,instructblip-vicuna-7b,base7,M_conflict,S_v_conflict,500,500,1.0,done,L30,"L30,L29,L28","L30,L29,L28,L27,L26",md/Location/VisualGradient_11formula_analysis_files_20260720/raw_layer_scores/evqa-pilot500/instructblip-vicuna-7b/ours_direct_layer_scores.csv
evqa-pilot500,instructblip-vicuna-7b,base7,M_newn_x_1mcos,S_v_new_norm * (1-S_v_cos),500,500,1.0,done,L1,"L1,L0,L9","L1,L0,L9,L8,L10",md/Location/VisualGradient_11formula_analysis_files_20260720/raw_layer_scores/evqa-pilot500/instructblip-vicuna-7b/ours_direct_layer_scores.csv
evqa-pilot500,instructblip-vicuna-7b,base7,M_abscos_x_newn,abs(S_v_cos) * S_v_new_norm,500,500,1.0,done,L1,"L1,L0,L11","L1,L0,L11,L9,L10",md/Location/VisualGradient_11formula_analysis_files_20260720/raw_layer_scores/evqa-pilot500/instructblip-vicuna-7b/ours_direct_layer_scores.csv
evqa-pilot500,instructblip-vicuna-7b,ours4,Ours-Direct-Conflict,"max(0,-S_v_cos) * S_v_new_norm * S_v_depth2",500,500,1.0,insufficient_or_unavailable,,,,md/Location/VisualGradient_11formula_analysis_files_20260720/raw_layer_scores/evqa-pilot500/instructblip-vicuna-7b/ours_direct_layer_scores.csv
evqa-pilot500,instructblip-vicuna-7b,ours4,Ours-AbsDirection-Direct,abs(S_v_cos) * S_v_new_norm * S_v_depth2,500,500,1.0,done,L21,"L21,L22,L20","L21,L22,L20,L19,L23",md/Location/VisualGradient_11formula_analysis_files_20260720/raw_layer_scores/evqa-pilot500/instructblip-vicuna-7b/ours_direct_layer_scores.csv
evqa-pilot500,instructblip-vicuna-7b,ours4,Ours-NoDirection-Direct,S_v_new_norm * S_v_depth2,500,500,1.0,done,L21,"L21,L22,L20","L21,L22,L20,L19,L23",md/Location/VisualGradient_11formula_analysis_files_20260720/raw_layer_scores/evqa-pilot500/instructblip-vicuna-7b/ours_direct_layer_scores.csv
evqa-pilot500,instructblip-vicuna-7b,ours4,Ours-1MinusCos-Direct,(1-S_v_cos) * S_v_new_norm * S_v_depth2,500,500,1.0,done,L22,"L22,L21,L20","L22,L21,L20,L23,L19",md/Location/VisualGradient_11formula_analysis_files_20260720/raw_layer_scores/evqa-pilot500/instructblip-vicuna-7b/ours_direct_layer_scores.csv
evqa-pilot500,llava-v1.5-7b,base7,M_dot,S_v_dot,500,500,1.0,done,L30,"L30,L29,L28","L30,L29,L28,L27,L26",md/Location/VisualGradient_11formula_analysis_files_20260720/raw_layer_scores/evqa-pilot500/llava-v1.5-7b/ours_direct_layer_scores.csv
evqa-pilot500,llava-v1.5-7b,base7,M_cos,S_v_cos,500,500,1.0,done,L9,"L9,L10,L6","L9,L10,L6,L7,L11",md/Location/VisualGradient_11formula_analysis_files_20260720/raw_layer_scores/evqa-pilot500/llava-v1.5-7b/ours_direct_layer_scores.csv
evqa-pilot500,llava-v1.5-7b,base7,M_new_norm,S_v_new_norm,500,500,1.0,done,L0,"L0,L1,L3","L0,L1,L3,L2,L5",md/Location/VisualGradient_11formula_analysis_files_20260720/raw_layer_scores/evqa-pilot500/llava-v1.5-7b/ours_direct_layer_scores.csv
evqa-pilot500,llava-v1.5-7b,base7,M_pos_ratio,S_v_positive_ratio,500,500,1.0,done,L8,"L8,L1,L7","L8,L1,L7,L10,L0",md/Location/VisualGradient_11formula_analysis_files_20260720/raw_layer_scores/evqa-pilot500/llava-v1.5-7b/ours_direct_layer_scores.csv
evqa-pilot500,llava-v1.5-7b,base7,M_conflict,S_v_conflict,500,500,1.0,done,L7,"L7,L6,L5","L7,L6,L5,L8,L4",md/Location/VisualGradient_11formula_analysis_files_20260720/raw_layer_scores/evqa-pilot500/llava-v1.5-7b/ours_direct_layer_scores.csv
evqa-pilot500,llava-v1.5-7b,base7,M_newn_x_1mcos,S_v_new_norm * (1-S_v_cos),500,500,1.0,done,L0,"L0,L1,L3","L0,L1,L3,L2,L5",md/Location/VisualGradient_11formula_analysis_files_20260720/raw_layer_scores/evqa-pilot500/llava-v1.5-7b/ours_direct_layer_scores.csv
evqa-pilot500,llava-v1.5-7b,base7,M_abscos_x_newn,abs(S_v_cos) * S_v_new_norm,500,500,1.0,done,L0,"L0,L1,L2","L0,L1,L2,L3,L4",md/Location/VisualGradient_11formula_analysis_files_20260720/raw_layer_scores/evqa-pilot500/llava-v1.5-7b/ours_direct_layer_scores.csv
evqa-pilot500,llava-v1.5-7b,ours4,Ours-Direct-Conflict,"max(0,-S_v_cos) * S_v_new_norm * S_v_depth2",500,500,1.0,done,L17,"L17,L16,L15","L17,L16,L15,L14,L18",md/Location/VisualGradient_11formula_analysis_files_20260720/raw_layer_scores/evqa-pilot500/llava-v1.5-7b/ours_direct_layer_scores.csv
evqa-pilot500,llava-v1.5-7b,ours4,Ours-AbsDirection-Direct,abs(S_v_cos) * S_v_new_norm * S_v_depth2,500,500,1.0,done,L17,"L17,L16,L15","L17,L16,L15,L14,L18",md/Location/VisualGradient_11formula_analysis_files_20260720/raw_layer_scores/evqa-pilot500/llava-v1.5-7b/ours_direct_layer_scores.csv
evqa-pilot500,llava-v1.5-7b,ours4,Ours-NoDirection-Direct,S_v_new_norm * S_v_depth2,500,500,1.0,done,L13,"L13,L16,L15","L13,L16,L15,L14,L12",md/Location/VisualGradient_11formula_analysis_files_20260720/raw_layer_scores/evqa-pilot500/llava-v1.5-7b/ours_direct_layer_scores.csv
evqa-pilot500,llava-v1.5-7b,ours4,Ours-1MinusCos-Direct,(1-S_v_cos) * S_v_new_norm * S_v_depth2,500,500,1.0,done,L13,"L13,L16,L15","L13,L16,L15,L17,L14",md/Location/VisualGradient_11formula_analysis_files_20260720/raw_layer_scores/evqa-pilot500/llava-v1.5-7b/ours_direct_layer_scores.csv
evqa-pilot500,minigpt-4-vicuna-7b,base7,M_dot,S_v_dot,499,500,0.998,done,L8,"L8,L18,L16","L8,L18,L16,L17,L7",md/Location/VisualGradient_11formula_analysis_files_20260720/raw_layer_scores/evqa-pilot500/minigpt-4-vicuna-7b/ours_direct_layer_scores.csv
evqa-pilot500,minigpt-4-vicuna-7b,base7,M_cos,S_v_cos,499,500,0.998,done,L18,"L18,L21,L19","L18,L21,L19,L20,L22",md/Location/VisualGradient_11formula_analysis_files_20260720/raw_layer_scores/evqa-pilot500/minigpt-4-vicuna-7b/ours_direct_layer_scores.csv
evqa-pilot500,minigpt-4-vicuna-7b,base7,M_new_norm,S_v_new_norm,499,500,0.998,done,L0,"L0,L1,L2","L0,L1,L2,L3,L4",md/Location/VisualGradient_11formula_analysis_files_20260720/raw_layer_scores/evqa-pilot500/minigpt-4-vicuna-7b/ours_direct_layer_scores.csv
evqa-pilot500,minigpt-4-vicuna-7b,base7,M_pos_ratio,S_v_positive_ratio,499,500,0.998,done,L22,"L22,L21,L7","L22,L21,L7,L18,L8",md/Location/VisualGradient_11formula_analysis_files_20260720/raw_layer_scores/evqa-pilot500/minigpt-4-vicuna-7b/ours_direct_layer_scores.csv
evqa-pilot500,minigpt-4-vicuna-7b,base7,M_conflict,S_v_conflict,499,500,0.998,done,L24,"L24,L27,L25","L24,L27,L25,L23,L28",md/Location/VisualGradient_11formula_analysis_files_20260720/raw_layer_scores/evqa-pilot500/minigpt-4-vicuna-7b/ours_direct_layer_scores.csv
evqa-pilot500,minigpt-4-vicuna-7b,base7,M_newn_x_1mcos,S_v_new_norm * (1-S_v_cos),499,500,0.998,done,L0,"L0,L1,L2","L0,L1,L2,L3,L4",md/Location/VisualGradient_11formula_analysis_files_20260720/raw_layer_scores/evqa-pilot500/minigpt-4-vicuna-7b/ours_direct_layer_scores.csv
evqa-pilot500,minigpt-4-vicuna-7b,base7,M_abscos_x_newn,abs(S_v_cos) * S_v_new_norm,499,500,0.998,done,L18,"L18,L19,L16","L18,L19,L16,L17,L21",md/Location/VisualGradient_11formula_analysis_files_20260720/raw_layer_scores/evqa-pilot500/minigpt-4-vicuna-7b/ours_direct_layer_scores.csv
evqa-pilot500,minigpt-4-vicuna-7b,ours4,Ours-Direct-Conflict,"max(0,-S_v_cos) * S_v_new_norm * S_v_depth2",499,500,0.998,done,L29,"L29,L28,L30","L29,L28,L30,L27,L24",md/Location/VisualGradient_11formula_analysis_files_20260720/raw_layer_scores/evqa-pilot500/minigpt-4-vicuna-7b/ours_direct_layer_scores.csv
evqa-pilot500,minigpt-4-vicuna-7b,ours4,Ours-AbsDirection-Direct,abs(S_v_cos) * S_v_new_norm * S_v_depth2,499,500,0.998,done,L21,"L21,L18,L22","L21,L18,L22,L19,L20",md/Location/VisualGradient_11formula_analysis_files_20260720/raw_layer_scores/evqa-pilot500/minigpt-4-vicuna-7b/ours_direct_layer_scores.csv
evqa-pilot500,minigpt-4-vicuna-7b,ours4,Ours-NoDirection-Direct,S_v_new_norm * S_v_depth2,499,500,0.998,done,L22,"L22,L21,L20","L22,L21,L20,L19,L23",md/Location/VisualGradient_11formula_analysis_files_20260720/raw_layer_scores/evqa-pilot500/minigpt-4-vicuna-7b/ours_direct_layer_scores.csv
evqa-pilot500,minigpt-4-vicuna-7b,ours4,Ours-1MinusCos-Direct,(1-S_v_cos) * S_v_new_norm * S_v_depth2,499,500,0.998,done,L22,"L22,L21,L20","L22,L21,L20,L23,L19",md/Location/VisualGradient_11formula_analysis_files_20260720/raw_layer_scores/evqa-pilot500/minigpt-4-vicuna-7b/ours_direct_layer_scores.csv
evqa-pilot500,paligemma-3b,base7,M_dot,S_v_dot,500,500,1.0,done,L5,"L5,L4,L3","L5,L4,L3,L6,L7",md/Location/VisualGradient_11formula_analysis_files_20260720/raw_layer_scores/evqa-pilot500/paligemma-3b/ours_direct_layer_scores.csv
evqa-pilot500,paligemma-3b,base7,M_cos,S_v_cos,500,500,1.0,done,L16,"L16,L5,L4","L16,L5,L4,L8,L7",md/Location/VisualGradient_11formula_analysis_files_20260720/raw_layer_scores/evqa-pilot500/paligemma-3b/ours_direct_layer_scores.csv
evqa-pilot500,paligemma-3b,base7,M_new_norm,S_v_new_norm,500,500,1.0,done,L5,"L5,L4,L3","L5,L4,L3,L6,L7",md/Location/VisualGradient_11formula_analysis_files_20260720/raw_layer_scores/evqa-pilot500/paligemma-3b/ours_direct_layer_scores.csv
evqa-pilot500,paligemma-3b,base7,M_pos_ratio,S_v_positive_ratio,500,500,1.0,done,L5,"L5,L16,L1","L5,L16,L1,L2,L8",md/Location/VisualGradient_11formula_analysis_files_20260720/raw_layer_scores/evqa-pilot500/paligemma-3b/ours_direct_layer_scores.csv
evqa-pilot500,paligemma-3b,base7,M_conflict,S_v_conflict,500,500,1.0,done,L16,"L16,L15,L14","L16,L15,L14,L13,L12",md/Location/VisualGradient_11formula_analysis_files_20260720/raw_layer_scores/evqa-pilot500/paligemma-3b/ours_direct_layer_scores.csv
evqa-pilot500,paligemma-3b,base7,M_newn_x_1mcos,S_v_new_norm * (1-S_v_cos),500,500,1.0,done,L4,"L4,L5,L3","L4,L5,L3,L6,L2",md/Location/VisualGradient_11formula_analysis_files_20260720/raw_layer_scores/evqa-pilot500/paligemma-3b/ours_direct_layer_scores.csv
evqa-pilot500,paligemma-3b,base7,M_abscos_x_newn,abs(S_v_cos) * S_v_new_norm,500,500,1.0,done,L5,"L5,L4,L3","L5,L4,L3,L6,L7",md/Location/VisualGradient_11formula_analysis_files_20260720/raw_layer_scores/evqa-pilot500/paligemma-3b/ours_direct_layer_scores.csv
evqa-pilot500,paligemma-3b,ours4,Ours-Direct-Conflict,"max(0,-S_v_cos) * S_v_new_norm * S_v_depth2",500,500,1.0,insufficient_or_unavailable,,,,md/Location/VisualGradient_11formula_analysis_files_20260720/raw_layer_scores/evqa-pilot500/paligemma-3b/ours_direct_layer_scores.csv
evqa-pilot500,paligemma-3b,ours4,Ours-AbsDirection-Direct,abs(S_v_cos) * S_v_new_norm * S_v_depth2,500,500,1.0,done,L7,"L7,L8,L6","L7,L8,L6,L9,L5",md/Location/VisualGradient_11formula_analysis_files_20260720/raw_layer_scores/evqa-pilot500/paligemma-3b/ours_direct_layer_scores.csv
evqa-pilot500,paligemma-3b,ours4,Ours-NoDirection-Direct,S_v_new_norm * S_v_depth2,500,500,1.0,done,L7,"L7,L8,L9","L7,L8,L9,L6,L5",md/Location/VisualGradient_11formula_analysis_files_20260720/raw_layer_scores/evqa-pilot500/paligemma-3b/ours_direct_layer_scores.csv
evqa-pilot500,paligemma-3b,ours4,Ours-1MinusCos-Direct,(1-S_v_cos) * S_v_new_norm * S_v_depth2,500,500,1.0,done,L7,"L7,L9,L8","L7,L9,L8,L6,L10",md/Location/VisualGradient_11formula_analysis_files_20260720/raw_layer_scores/evqa-pilot500/paligemma-3b/ours_direct_layer_scores.csv
evqa-pilot500,qwen2.5-vl-3b,base7,M_dot,S_v_dot,500,500,1.0,done,L6,"L6,L5,L7","L6,L5,L7,L11,L9",md/Location/VisualGradient_11formula_analysis_files_20260720/raw_layer_scores/evqa-pilot500/qwen2.5-vl-3b/ours_direct_layer_scores.csv
evqa-pilot500,qwen2.5-vl-3b,base7,M_cos,S_v_cos,500,500,1.0,done,L24,"L24,L23,L27","L24,L23,L27,L22,L25",md/Location/VisualGradient_11formula_analysis_files_20260720/raw_layer_scores/evqa-pilot500/qwen2.5-vl-3b/ours_direct_layer_scores.csv
evqa-pilot500,qwen2.5-vl-3b,base7,M_new_norm,S_v_new_norm,500,500,1.0,done,L0,"L0,L1,L2","L0,L1,L2,L3,L4",md/Location/VisualGradient_11formula_analysis_files_20260720/raw_layer_scores/evqa-pilot500/qwen2.5-vl-3b/ours_direct_layer_scores.csv
evqa-pilot500,qwen2.5-vl-3b,base7,M_pos_ratio,S_v_positive_ratio,500,500,1.0,done,L29,"L29,L27,L25","L29,L27,L25,L30,L26",md/Location/VisualGradient_11formula_analysis_files_20260720/raw_layer_scores/evqa-pilot500/qwen2.5-vl-3b/ours_direct_layer_scores.csv
evqa-pilot500,qwen2.5-vl-3b,base7,M_conflict,S_v_conflict,500,500,1.0,done,L30,"L30,L31,L32","L30,L31,L32,L34,L33",md/Location/VisualGradient_11formula_analysis_files_20260720/raw_layer_scores/evqa-pilot500/qwen2.5-vl-3b/ours_direct_layer_scores.csv
evqa-pilot500,qwen2.5-vl-3b,base7,M_newn_x_1mcos,S_v_new_norm * (1-S_v_cos),500,500,1.0,done,L0,"L0,L1,L2","L0,L1,L2,L3,L4",md/Location/VisualGradient_11formula_analysis_files_20260720/raw_layer_scores/evqa-pilot500/qwen2.5-vl-3b/ours_direct_layer_scores.csv
evqa-pilot500,qwen2.5-vl-3b,base7,M_abscos_x_newn,abs(S_v_cos) * S_v_new_norm,500,500,1.0,done,L21,"L21,L19,L17","L21,L19,L17,L20,L18",md/Location/VisualGradient_11formula_analysis_files_20260720/raw_layer_scores/evqa-pilot500/qwen2.5-vl-3b/ours_direct_layer_scores.csv
evqa-pilot500,qwen2.5-vl-3b,ours4,Ours-Direct-Conflict,"max(0,-S_v_cos) * S_v_new_norm * S_v_depth2",500,500,1.0,insufficient_or_unavailable,L34,L34,L34,md/Location/VisualGradient_11formula_analysis_files_20260720/raw_layer_scores/evqa-pilot500/qwen2.5-vl-3b/ours_direct_layer_scores.csv
evqa-pilot500,qwen2.5-vl-3b,ours4,Ours-AbsDirection-Direct,abs(S_v_cos) * S_v_new_norm * S_v_depth2,500,500,1.0,done,L24,"L24,L21,L22","L24,L21,L22,L23,L26",md/Location/VisualGradient_11formula_analysis_files_20260720/raw_layer_scores/evqa-pilot500/qwen2.5-vl-3b/ours_direct_layer_scores.csv
evqa-pilot500,qwen2.5-vl-3b,ours4,Ours-NoDirection-Direct,S_v_new_norm * S_v_depth2,500,500,1.0,done,L20,"L20,L18,L19","L20,L18,L19,L21,L17",md/Location/VisualGradient_11formula_analysis_files_20260720/raw_layer_scores/evqa-pilot500/qwen2.5-vl-3b/ours_direct_layer_scores.csv
evqa-pilot500,qwen2.5-vl-3b,ours4,Ours-1MinusCos-Direct,(1-S_v_cos) * S_v_new_norm * S_v_depth2,500,500,1.0,done,L20,"L20,L18,L19","L20,L18,L19,L17,L21",md/Location/VisualGradient_11formula_analysis_files_20260720/raw_layer_scores/evqa-pilot500/qwen2.5-vl-3b/ours_direct_layer_scores.csv
evqa-pilot500,smolvlm-1.7b,base7,M_dot,S_v_dot,500,500,1.0,done,L22,"L22,L21,L20","L22,L21,L20,L19,L18",md/Location/VisualGradient_11formula_analysis_files_20260720/raw_layer_scores/evqa-pilot500/smolvlm-1.7b/ours_direct_layer_scores.csv
evqa-pilot500,smolvlm-1.7b,base7,M_cos,S_v_cos,500,500,1.0,done,L21,"L21,L22,L20","L21,L22,L20,L17,L18",md/Location/VisualGradient_11formula_analysis_files_20260720/raw_layer_scores/evqa-pilot500/smolvlm-1.7b/ours_direct_layer_scores.csv
evqa-pilot500,smolvlm-1.7b,base7,M_new_norm,S_v_new_norm,500,500,1.0,done,L0,"L0,L1,L2","L0,L1,L2,L3,L4",md/Location/VisualGradient_11formula_analysis_files_20260720/raw_layer_scores/evqa-pilot500/smolvlm-1.7b/ours_direct_layer_scores.csv
evqa-pilot500,smolvlm-1.7b,base7,M_pos_ratio,S_v_positive_ratio,500,500,1.0,done,L21,"L21,L20,L22","L21,L20,L22,L17,L16",md/Location/VisualGradient_11formula_analysis_files_20260720/raw_layer_scores/evqa-pilot500/smolvlm-1.7b/ours_direct_layer_scores.csv
evqa-pilot500,smolvlm-1.7b,base7,M_conflict,S_v_conflict,500,500,1.0,done,L0,"L0,L1,L2","L0,L1,L2,L3,L4",md/Location/VisualGradient_11formula_analysis_files_20260720/raw_layer_scores/evqa-pilot500/smolvlm-1.7b/ours_direct_layer_scores.csv
evqa-pilot500,smolvlm-1.7b,base7,M_newn_x_1mcos,S_v_new_norm * (1-S_v_cos),500,500,1.0,done,L0,"L0,L1,L2","L0,L1,L2,L3,L4",md/Location/VisualGradient_11formula_analysis_files_20260720/raw_layer_scores/evqa-pilot500/smolvlm-1.7b/ours_direct_layer_scores.csv
evqa-pilot500,smolvlm-1.7b,base7,M_abscos_x_newn,abs(S_v_cos) * S_v_new_norm,500,500,1.0,done,L0,"L0,L1,L2","L0,L1,L2,L3,L4",md/Location/VisualGradient_11formula_analysis_files_20260720/raw_layer_scores/evqa-pilot500/smolvlm-1.7b/ours_direct_layer_scores.csv
evqa-pilot500,smolvlm-1.7b,ours4,Ours-Direct-Conflict,"max(0,-S_v_cos) * S_v_new_norm * S_v_depth2",500,500,1.0,done,L14,"L14,L13,L12","L14,L13,L12,L11,L10",md/Location/VisualGradient_11formula_analysis_files_20260720/raw_layer_scores/evqa-pilot500/smolvlm-1.7b/ours_direct_layer_scores.csv
evqa-pilot500,smolvlm-1.7b,ours4,Ours-AbsDirection-Direct,abs(S_v_cos) * S_v_new_norm * S_v_depth2,500,500,1.0,done,L14,"L14,L13,L12","L14,L13,L12,L11,L10",md/Location/VisualGradient_11formula_analysis_files_20260720/raw_layer_scores/evqa-pilot500/smolvlm-1.7b/ours_direct_layer_scores.csv
evqa-pilot500,smolvlm-1.7b,ours4,Ours-NoDirection-Direct,S_v_new_norm * S_v_depth2,500,500,1.0,done,L14,"L14,L11,L13","L14,L11,L13,L12,L10",md/Location/VisualGradient_11formula_analysis_files_20260720/raw_layer_scores/evqa-pilot500/smolvlm-1.7b/ours_direct_layer_scores.csv
evqa-pilot500,smolvlm-1.7b,ours4,Ours-1MinusCos-Direct,(1-S_v_cos) * S_v_new_norm * S_v_depth2,500,500,1.0,done,L14,"L14,L11,L13","L14,L11,L13,L12,L10",md/Location/VisualGradient_11formula_analysis_files_20260720/raw_layer_scores/evqa-pilot500/smolvlm-1.7b/ours_direct_layer_scores.csv
mmke-entity,blip2-opt-2.7b,base7,M_dot,S_v_dot,284,636,0.44654088050314467,done,L29,"L29,L30,L28","L29,L30,L28,L27,L26",md/Location/VisualGradient_11formula_analysis_files_20260720/raw_layer_scores/mmke-entity/blip2-opt-2.7b/ours_direct_layer_scores.csv
mmke-entity,blip2-opt-2.7b,base7,M_cos,S_v_cos,284,636,0.44654088050314467,done,L0,"L0,L1,L2","L0,L1,L2,L3,L4",md/Location/VisualGradient_11formula_analysis_files_20260720/raw_layer_scores/mmke-entity/blip2-opt-2.7b/ours_direct_layer_scores.csv
mmke-entity,blip2-opt-2.7b,base7,M_new_norm,S_v_new_norm,284,636,0.44654088050314467,done,L0,"L0,L1,L2","L0,L1,L2,L3,L4",md/Location/VisualGradient_11formula_analysis_files_20260720/raw_layer_scores/mmke-entity/blip2-opt-2.7b/ours_direct_layer_scores.csv
mmke-entity,blip2-opt-2.7b,base7,M_pos_ratio,S_v_positive_ratio,284,636,0.44654088050314467,done,L1,"L1,L0,L2","L1,L0,L2,L3,L4",md/Location/VisualGradient_11formula_analysis_files_20260720/raw_layer_scores/mmke-entity/blip2-opt-2.7b/ours_direct_layer_scores.csv
mmke-entity,blip2-opt-2.7b,base7,M_conflict,S_v_conflict,284,636,0.44654088050314467,done,L0,"L0,L1,L2","L0,L1,L2,L3,L4",md/Location/VisualGradient_11formula_analysis_files_20260720/raw_layer_scores/mmke-entity/blip2-opt-2.7b/ours_direct_layer_scores.csv
mmke-entity,blip2-opt-2.7b,base7,M_newn_x_1mcos,S_v_new_norm * (1-S_v_cos),284,636,0.44654088050314467,done,L0,"L0,L1,L2","L0,L1,L2,L3,L4",md/Location/VisualGradient_11formula_analysis_files_20260720/raw_layer_scores/mmke-entity/blip2-opt-2.7b/ours_direct_layer_scores.csv
mmke-entity,blip2-opt-2.7b,base7,M_abscos_x_newn,abs(S_v_cos) * S_v_new_norm,284,636,0.44654088050314467,done,L0,"L0,L1,L2","L0,L1,L2,L3,L4",md/Location/VisualGradient_11formula_analysis_files_20260720/raw_layer_scores/mmke-entity/blip2-opt-2.7b/ours_direct_layer_scores.csv
mmke-entity,blip2-opt-2.7b,ours4,Ours-Direct-Conflict,"max(0,-S_v_cos) * S_v_new_norm * S_v_depth2",284,636,0.44654088050314467,done,L20,"L20,L19,L18","L20,L19,L18,L17,L22",md/Location/VisualGradient_11formula_analysis_files_20260720/raw_layer_scores/mmke-entity/blip2-opt-2.7b/ours_direct_layer_scores.csv
mmke-entity,blip2-opt-2.7b,ours4,Ours-AbsDirection-Direct,abs(S_v_cos) * S_v_new_norm * S_v_depth2,284,636,0.44654088050314467,done,L20,"L20,L19,L18","L20,L19,L18,L17,L22",md/Location/VisualGradient_11formula_analysis_files_20260720/raw_layer_scores/mmke-entity/blip2-opt-2.7b/ours_direct_layer_scores.csv
mmke-entity,blip2-opt-2.7b,ours4,Ours-NoDirection-Direct,S_v_new_norm * S_v_depth2,284,636,0.44654088050314467,done,L25,"L25,L26,L24","L25,L26,L24,L23,L22",md/Location/VisualGradient_11formula_analysis_files_20260720/raw_layer_scores/mmke-entity/blip2-opt-2.7b/ours_direct_layer_scores.csv
mmke-entity,blip2-opt-2.7b,ours4,Ours-1MinusCos-Direct,(1-S_v_cos) * S_v_new_norm * S_v_depth2,284,636,0.44654088050314467,done,L25,"L25,L24,L23","L25,L24,L23,L26,L22",md/Location/VisualGradient_11formula_analysis_files_20260720/raw_layer_scores/mmke-entity/blip2-opt-2.7b/ours_direct_layer_scores.csv
mmke-entity,instructblip-vicuna-7b,base7,M_dot,S_v_dot,636,636,1.0,done,L1,"L1,L0,L3","L1,L0,L3,L2,L4",md/Location/VisualGradient_11formula_analysis_files_20260720/raw_layer_scores/mmke-entity/instructblip-vicuna-7b/ours_direct_layer_scores.csv
mmke-entity,instructblip-vicuna-7b,base7,M_cos,S_v_cos,636,636,1.0,done,L29,"L29,L30,L27","L29,L30,L27,L28,L26",md/Location/VisualGradient_11formula_analysis_files_20260720/raw_layer_scores/mmke-entity/instructblip-vicuna-7b/ours_direct_layer_scores.csv
mmke-entity,instructblip-vicuna-7b,base7,M_new_norm,S_v_new_norm,636,636,1.0,done,L1,"L1,L0,L3","L1,L0,L3,L2,L4",md/Location/VisualGradient_11formula_analysis_files_20260720/raw_layer_scores/mmke-entity/instructblip-vicuna-7b/ours_direct_layer_scores.csv
mmke-entity,instructblip-vicuna-7b,base7,M_pos_ratio,S_v_positive_ratio,636,636,1.0,done,L0,"L0,L1,L2","L0,L1,L2,L3,L4",md/Location/VisualGradient_11formula_analysis_files_20260720/raw_layer_scores/mmke-entity/instructblip-vicuna-7b/ours_direct_layer_scores.csv
mmke-entity,instructblip-vicuna-7b,base7,M_conflict,S_v_conflict,636,636,1.0,done,L30,"L30,L29,L28","L30,L29,L28,L27,L26",md/Location/VisualGradient_11formula_analysis_files_20260720/raw_layer_scores/mmke-entity/instructblip-vicuna-7b/ours_direct_layer_scores.csv
mmke-entity,instructblip-vicuna-7b,base7,M_newn_x_1mcos,S_v_new_norm * (1-S_v_cos),636,636,1.0,done,L3,"L3,L4,L5","L3,L4,L5,L6,L8",md/Location/VisualGradient_11formula_analysis_files_20260720/raw_layer_scores/mmke-entity/instructblip-vicuna-7b/ours_direct_layer_scores.csv
mmke-entity,instructblip-vicuna-7b,base7,M_abscos_x_newn,abs(S_v_cos) * S_v_new_norm,636,636,1.0,done,L1,"L1,L0,L3","L1,L0,L3,L2,L4",md/Location/VisualGradient_11formula_analysis_files_20260720/raw_layer_scores/mmke-entity/instructblip-vicuna-7b/ours_direct_layer_scores.csv
mmke-entity,instructblip-vicuna-7b,ours4,Ours-Direct-Conflict,"max(0,-S_v_cos) * S_v_new_norm * S_v_depth2",636,636,1.0,insufficient_or_unavailable,,,,md/Location/VisualGradient_11formula_analysis_files_20260720/raw_layer_scores/mmke-entity/instructblip-vicuna-7b/ours_direct_layer_scores.csv
mmke-entity,instructblip-vicuna-7b,ours4,Ours-AbsDirection-Direct,abs(S_v_cos) * S_v_new_norm * S_v_depth2,636,636,1.0,done,L27,"L27,L26,L25","L27,L26,L25,L29,L24",md/Location/VisualGradient_11formula_analysis_files_20260720/raw_layer_scores/mmke-entity/instructblip-vicuna-7b/ours_direct_layer_scores.csv
mmke-entity,instructblip-vicuna-7b,ours4,Ours-NoDirection-Direct,S_v_new_norm * S_v_depth2,636,636,1.0,done,L27,"L27,L26,L25","L27,L26,L25,L24,L23",md/Location/VisualGradient_11formula_analysis_files_20260720/raw_layer_scores/mmke-entity/instructblip-vicuna-7b/ours_direct_layer_scores.csv
mmke-entity,instructblip-vicuna-7b,ours4,Ours-1MinusCos-Direct,(1-S_v_cos) * S_v_new_norm * S_v_depth2,636,636,1.0,done,L22,"L22,L23,L24","L22,L23,L24,L21,L20",md/Location/VisualGradient_11formula_analysis_files_20260720/raw_layer_scores/mmke-entity/instructblip-vicuna-7b/ours_direct_layer_scores.csv
mmke-entity,llava-v1.5-7b,base7,M_dot,S_v_dot,636,636,1.0,done,L29,"L29,L21,L30","L29,L21,L30,L28,L23",md/Location/VisualGradient_11formula_analysis_files_20260720/raw_layer_scores/mmke-entity/llava-v1.5-7b/ours_direct_layer_scores.csv
mmke-entity,llava-v1.5-7b,base7,M_cos,S_v_cos,636,636,1.0,done,L0,"L0,L21,L20","L0,L21,L20,L1,L2",md/Location/VisualGradient_11formula_analysis_files_20260720/raw_layer_scores/mmke-entity/llava-v1.5-7b/ours_direct_layer_scores.csv
mmke-entity,llava-v1.5-7b,base7,M_new_norm,S_v_new_norm,636,636,1.0,done,L0,"L0,L1,L6","L0,L1,L6,L5,L2",md/Location/VisualGradient_11formula_analysis_files_20260720/raw_layer_scores/mmke-entity/llava-v1.5-7b/ours_direct_layer_scores.csv
mmke-entity,llava-v1.5-7b,base7,M_pos_ratio,S_v_positive_ratio,636,636,1.0,done,L21,"L21,L20,L23","L21,L20,L23,L22,L18",md/Location/VisualGradient_11formula_analysis_files_20260720/raw_layer_scores/mmke-entity/llava-v1.5-7b/ours_direct_layer_scores.csv
mmke-entity,llava-v1.5-7b,base7,M_conflict,S_v_conflict,636,636,1.0,done,L5,"L5,L6,L7","L5,L6,L7,L4,L3",md/Location/VisualGradient_11formula_analysis_files_20260720/raw_layer_scores/mmke-entity/llava-v1.5-7b/ours_direct_layer_scores.csv
mmke-entity,llava-v1.5-7b,base7,M_newn_x_1mcos,S_v_new_norm * (1-S_v_cos),636,636,1.0,done,L0,"L0,L1,L6","L0,L1,L6,L5,L2",md/Location/VisualGradient_11formula_analysis_files_20260720/raw_layer_scores/mmke-entity/llava-v1.5-7b/ours_direct_layer_scores.csv
mmke-entity,llava-v1.5-7b,base7,M_abscos_x_newn,abs(S_v_cos) * S_v_new_norm,636,636,1.0,done,L13,"L13,L11,L12","L13,L11,L12,L10,L9",md/Location/VisualGradient_11formula_analysis_files_20260720/raw_layer_scores/mmke-entity/llava-v1.5-7b/ours_direct_layer_scores.csv
mmke-entity,llava-v1.5-7b,ours4,Ours-Direct-Conflict,"max(0,-S_v_cos) * S_v_new_norm * S_v_depth2",636,636,1.0,done,L13,"L13,L30,L12","L13,L30,L12,L14,L15",md/Location/VisualGradient_11formula_analysis_files_20260720/raw_layer_scores/mmke-entity/llava-v1.5-7b/ours_direct_layer_scores.csv
mmke-entity,llava-v1.5-7b,ours4,Ours-AbsDirection-Direct,abs(S_v_cos) * S_v_new_norm * S_v_depth2,636,636,1.0,done,L13,"L13,L30,L12","L13,L30,L12,L14,L15",md/Location/VisualGradient_11formula_analysis_files_20260720/raw_layer_scores/mmke-entity/llava-v1.5-7b/ours_direct_layer_scores.csv
mmke-entity,llava-v1.5-7b,ours4,Ours-NoDirection-Direct,S_v_new_norm * S_v_depth2,636,636,1.0,done,L18,"L18,L15,L13","L18,L15,L13,L19,L17",md/Location/VisualGradient_11formula_analysis_files_20260720/raw_layer_scores/mmke-entity/llava-v1.5-7b/ours_direct_layer_scores.csv
mmke-entity,llava-v1.5-7b,ours4,Ours-1MinusCos-Direct,(1-S_v_cos) * S_v_new_norm * S_v_depth2,636,636,1.0,done,L18,"L18,L13,L15","L18,L13,L15,L19,L17",md/Location/VisualGradient_11formula_analysis_files_20260720/raw_layer_scores/mmke-entity/llava-v1.5-7b/ours_direct_layer_scores.csv
mmke-entity,minigpt-4-vicuna-7b,base7,M_dot,S_v_dot,636,636,1.0,done,L30,"L30,L29,L28","L30,L29,L28,L25,L26",md/Location/VisualGradient_11formula_analysis_files_20260720/raw_layer_scores/mmke-entity/minigpt-4-vicuna-7b/ours_direct_layer_scores.csv
mmke-entity,minigpt-4-vicuna-7b,base7,M_cos,S_v_cos,636,636,1.0,done,L0,"L0,L1,L2","L0,L1,L2,L3,L4",md/Location/VisualGradient_11formula_analysis_files_20260720/raw_layer_scores/mmke-entity/minigpt-4-vicuna-7b/ours_direct_layer_scores.csv
mmke-entity,minigpt-4-vicuna-7b,base7,M_new_norm,S_v_new_norm,636,636,1.0,done,L0,"L0,L1,L2","L0,L1,L2,L3,L4",md/Location/VisualGradient_11formula_analysis_files_20260720/raw_layer_scores/mmke-entity/minigpt-4-vicuna-7b/ours_direct_layer_scores.csv
mmke-entity,minigpt-4-vicuna-7b,base7,M_pos_ratio,S_v_positive_ratio,636,636,1.0,done,L0,"L0,L1,L2","L0,L1,L2,L3,L4",md/Location/VisualGradient_11formula_analysis_files_20260720/raw_layer_scores/mmke-entity/minigpt-4-vicuna-7b/ours_direct_layer_scores.csv
mmke-entity,minigpt-4-vicuna-7b,base7,M_conflict,S_v_conflict,636,636,1.0,done,L9,"L9,L7,L8","L9,L7,L8,L6,L11",md/Location/VisualGradient_11formula_analysis_files_20260720/raw_layer_scores/mmke-entity/minigpt-4-vicuna-7b/ours_direct_layer_scores.csv
mmke-entity,minigpt-4-vicuna-7b,base7,M_newn_x_1mcos,S_v_new_norm * (1-S_v_cos),636,636,1.0,done,L0,"L0,L1,L2","L0,L1,L2,L3,L4",md/Location/VisualGradient_11formula_analysis_files_20260720/raw_layer_scores/mmke-entity/minigpt-4-vicuna-7b/ours_direct_layer_scores.csv
mmke-entity,minigpt-4-vicuna-7b,base7,M_abscos_x_newn,abs(S_v_cos) * S_v_new_norm,636,636,1.0,done,L27,"L27,L28,L26","L27,L28,L26,L25,L29",md/Location/VisualGradient_11formula_analysis_files_20260720/raw_layer_scores/mmke-entity/minigpt-4-vicuna-7b/ours_direct_layer_scores.csv
mmke-entity,minigpt-4-vicuna-7b,ours4,Ours-Direct-Conflict,"max(0,-S_v_cos) * S_v_new_norm * S_v_depth2",636,636,1.0,done,L28,"L28,L29,L27","L28,L29,L27,L26,L25",md/Location/VisualGradient_11formula_analysis_files_20260720/raw_layer_scores/mmke-entity/minigpt-4-vicuna-7b/ours_direct_layer_scores.csv
mmke-entity,minigpt-4-vicuna-7b,ours4,Ours-AbsDirection-Direct,abs(S_v_cos) * S_v_new_norm * S_v_depth2,636,636,1.0,done,L28,"L28,L29,L27","L28,L29,L27,L26,L25",md/Location/VisualGradient_11formula_analysis_files_20260720/raw_layer_scores/mmke-entity/minigpt-4-vicuna-7b/ours_direct_layer_scores.csv
mmke-entity,minigpt-4-vicuna-7b,ours4,Ours-NoDirection-Direct,S_v_new_norm * S_v_depth2,636,636,1.0,done,L27,"L27,L26,L28","L27,L26,L28,L25,L24",md/Location/VisualGradient_11formula_analysis_files_20260720/raw_layer_scores/mmke-entity/minigpt-4-vicuna-7b/ours_direct_layer_scores.csv
mmke-entity,minigpt-4-vicuna-7b,ours4,Ours-1MinusCos-Direct,(1-S_v_cos) * S_v_new_norm * S_v_depth2,636,636,1.0,done,L27,"L27,L28,L26","L27,L28,L26,L29,L25",md/Location/VisualGradient_11formula_analysis_files_20260720/raw_layer_scores/mmke-entity/minigpt-4-vicuna-7b/ours_direct_layer_scores.csv
mmke-entity,paligemma-3b,base7,M_dot,S_v_dot,636,636,1.0,done,L5,"L5,L4,L3","L5,L4,L3,L2,L6",md/Location/VisualGradient_11formula_analysis_files_20260720/raw_layer_scores/mmke-entity/paligemma-3b/ours_direct_layer_scores.csv
mmke-entity,paligemma-3b,base7,M_cos,S_v_cos,636,636,1.0,done,L5,"L5,L4,L16","L5,L4,L16,L7,L6",md/Location/VisualGradient_11formula_analysis_files_20260720/raw_layer_scores/mmke-entity/paligemma-3b/ours_direct_layer_scores.csv
mmke-entity,paligemma-3b,base7,M_new_norm,S_v_new_norm,636,636,1.0,done,L5,"L5,L4,L3","L5,L4,L3,L2,L6",md/Location/VisualGradient_11formula_analysis_files_20260720/raw_layer_scores/mmke-entity/paligemma-3b/ours_direct_layer_scores.csv
mmke-entity,paligemma-3b,base7,M_pos_ratio,S_v_positive_ratio,636,636,1.0,done,L16,"L16,L7,L8","L16,L7,L8,L6,L5",md/Location/VisualGradient_11formula_analysis_files_20260720/raw_layer_scores/mmke-entity/paligemma-3b/ours_direct_layer_scores.csv
mmke-entity,paligemma-3b,base7,M_conflict,S_v_conflict,636,636,1.0,done,L16,"L16,L15,L14","L16,L15,L14,L13,L12",md/Location/VisualGradient_11formula_analysis_files_20260720/raw_layer_scores/mmke-entity/paligemma-3b/ours_direct_layer_scores.csv
mmke-entity,paligemma-3b,base7,M_newn_x_1mcos,S_v_new_norm * (1-S_v_cos),636,636,1.0,done,L4,"L4,L5,L3","L4,L5,L3,L2,L6",md/Location/VisualGradient_11formula_analysis_files_20260720/raw_layer_scores/mmke-entity/paligemma-3b/ours_direct_layer_scores.csv
mmke-entity,paligemma-3b,base7,M_abscos_x_newn,abs(S_v_cos) * S_v_new_norm,636,636,1.0,done,L5,"L5,L4,L3","L5,L4,L3,L2,L6",md/Location/VisualGradient_11formula_analysis_files_20260720/raw_layer_scores/mmke-entity/paligemma-3b/ours_direct_layer_scores.csv
mmke-entity,paligemma-3b,ours4,Ours-Direct-Conflict,"max(0,-S_v_cos) * S_v_new_norm * S_v_depth2",636,636,1.0,insufficient_or_unavailable,,,,md/Location/VisualGradient_11formula_analysis_files_20260720/raw_layer_scores/mmke-entity/paligemma-3b/ours_direct_layer_scores.csv
mmke-entity,paligemma-3b,ours4,Ours-AbsDirection-Direct,abs(S_v_cos) * S_v_new_norm * S_v_depth2,636,636,1.0,done,L7,"L7,L5,L6","L7,L5,L6,L8,L4",md/Location/VisualGradient_11formula_analysis_files_20260720/raw_layer_scores/mmke-entity/paligemma-3b/ours_direct_layer_scores.csv
mmke-entity,paligemma-3b,ours4,Ours-NoDirection-Direct,S_v_new_norm * S_v_depth2,636,636,1.0,done,L7,"L7,L5,L8","L7,L5,L8,L6,L9",md/Location/VisualGradient_11formula_analysis_files_20260720/raw_layer_scores/mmke-entity/paligemma-3b/ours_direct_layer_scores.csv
mmke-entity,paligemma-3b,ours4,Ours-1MinusCos-Direct,(1-S_v_cos) * S_v_new_norm * S_v_depth2,636,636,1.0,done,L7,"L7,L8,L9","L7,L8,L9,L6,L10",md/Location/VisualGradient_11formula_analysis_files_20260720/raw_layer_scores/mmke-entity/paligemma-3b/ours_direct_layer_scores.csv
mmke-entity,qwen2.5-vl-3b,base7,M_dot,S_v_dot,636,636,1.0,done,L0,"L0,L1,L2","L0,L1,L2,L7,L3",md/Location/VisualGradient_11formula_analysis_files_20260720/raw_layer_scores/mmke-entity/qwen2.5-vl-3b/ours_direct_layer_scores.csv
mmke-entity,qwen2.5-vl-3b,base7,M_cos,S_v_cos,636,636,1.0,done,L12,"L12,L11,L10","L12,L11,L10,L13,L7",md/Location/VisualGradient_11formula_analysis_files_20260720/raw_layer_scores/mmke-entity/qwen2.5-vl-3b/ours_direct_layer_scores.csv
mmke-entity,qwen2.5-vl-3b,base7,M_new_norm,S_v_new_norm,636,636,1.0,done,L0,"L0,L1,L2","L0,L1,L2,L3,L4",md/Location/VisualGradient_11formula_analysis_files_20260720/raw_layer_scores/mmke-entity/qwen2.5-vl-3b/ours_direct_layer_scores.csv
mmke-entity,qwen2.5-vl-3b,base7,M_pos_ratio,S_v_positive_ratio,636,636,1.0,done,L17,"L17,L16,L11","L17,L16,L11,L12,L15",md/Location/VisualGradient_11formula_analysis_files_20260720/raw_layer_scores/mmke-entity/qwen2.5-vl-3b/ours_direct_layer_scores.csv
mmke-entity,qwen2.5-vl-3b,base7,M_conflict,S_v_conflict,636,636,1.0,done,L34,"L34,L33,L32","L34,L33,L32,L31,L30",md/Location/VisualGradient_11formula_analysis_files_20260720/raw_layer_scores/mmke-entity/qwen2.5-vl-3b/ours_direct_layer_scores.csv
mmke-entity,qwen2.5-vl-3b,base7,M_newn_x_1mcos,S_v_new_norm * (1-S_v_cos),636,636,1.0,done,L0,"L0,L1,L2","L0,L1,L2,L3,L4",md/Location/VisualGradient_11formula_analysis_files_20260720/raw_layer_scores/mmke-entity/qwen2.5-vl-3b/ours_direct_layer_scores.csv
mmke-entity,qwen2.5-vl-3b,base7,M_abscos_x_newn,abs(S_v_cos) * S_v_new_norm,636,636,1.0,done,L0,"L0,L1,L2","L0,L1,L2,L3,L6",md/Location/VisualGradient_11formula_analysis_files_20260720/raw_layer_scores/mmke-entity/qwen2.5-vl-3b/ours_direct_layer_scores.csv
mmke-entity,qwen2.5-vl-3b,ours4,Ours-Direct-Conflict,"max(0,-S_v_cos) * S_v_new_norm * S_v_depth2",636,636,1.0,insufficient_or_unavailable,,,,md/Location/VisualGradient_11formula_analysis_files_20260720/raw_layer_scores/mmke-entity/qwen2.5-vl-3b/ours_direct_layer_scores.csv
mmke-entity,qwen2.5-vl-3b,ours4,Ours-AbsDirection-Direct,abs(S_v_cos) * S_v_new_norm * S_v_depth2,636,636,1.0,done,L22,"L22,L21,L20","L22,L21,L20,L17,L18",md/Location/VisualGradient_11formula_analysis_files_20260720/raw_layer_scores/mmke-entity/qwen2.5-vl-3b/ours_direct_layer_scores.csv
mmke-entity,qwen2.5-vl-3b,ours4,Ours-NoDirection-Direct,S_v_new_norm * S_v_depth2,636,636,1.0,done,L22,"L22,L20,L21","L22,L20,L21,L18,L19",md/Location/VisualGradient_11formula_analysis_files_20260720/raw_layer_scores/mmke-entity/qwen2.5-vl-3b/ours_direct_layer_scores.csv
mmke-entity,qwen2.5-vl-3b,ours4,Ours-1MinusCos-Direct,(1-S_v_cos) * S_v_new_norm * S_v_depth2,636,636,1.0,done,L26,"L26,L20,L25","L26,L20,L25,L18,L21",md/Location/VisualGradient_11formula_analysis_files_20260720/raw_layer_scores/mmke-entity/qwen2.5-vl-3b/ours_direct_layer_scores.csv
mmke-entity,smolvlm-1.7b,base7,M_dot,S_v_dot,636,636,1.0,done,L0,"L0,L1,L2","L0,L1,L2,L3,L4",md/Location/VisualGradient_11formula_analysis_files_20260720/raw_layer_scores/mmke-entity/smolvlm-1.7b/ours_direct_layer_scores.csv
mmke-entity,smolvlm-1.7b,base7,M_cos,S_v_cos,636,636,1.0,done,L6,"L6,L7,L5","L6,L7,L5,L10,L9",md/Location/VisualGradient_11formula_analysis_files_20260720/raw_layer_scores/mmke-entity/smolvlm-1.7b/ours_direct_layer_scores.csv
mmke-entity,smolvlm-1.7b,base7,M_new_norm,S_v_new_norm,636,636,1.0,done,L0,"L0,L1,L2","L0,L1,L2,L3,L4",md/Location/VisualGradient_11formula_analysis_files_20260720/raw_layer_scores/mmke-entity/smolvlm-1.7b/ours_direct_layer_scores.csv
mmke-entity,smolvlm-1.7b,base7,M_pos_ratio,S_v_positive_ratio,636,636,1.0,done,L7,"L7,L4,L5","L7,L4,L5,L6,L11",md/Location/VisualGradient_11formula_analysis_files_20260720/raw_layer_scores/mmke-entity/smolvlm-1.7b/ours_direct_layer_scores.csv
mmke-entity,smolvlm-1.7b,base7,M_conflict,S_v_conflict,636,636,1.0,done,L22,"L22,L21,L20","L22,L21,L20,L19,L18",md/Location/VisualGradient_11formula_analysis_files_20260720/raw_layer_scores/mmke-entity/smolvlm-1.7b/ours_direct_layer_scores.csv
mmke-entity,smolvlm-1.7b,base7,M_newn_x_1mcos,S_v_new_norm * (1-S_v_cos),636,636,1.0,done,L0,"L0,L1,L2","L0,L1,L2,L3,L4",md/Location/VisualGradient_11formula_analysis_files_20260720/raw_layer_scores/mmke-entity/smolvlm-1.7b/ours_direct_layer_scores.csv
mmke-entity,smolvlm-1.7b,base7,M_abscos_x_newn,abs(S_v_cos) * S_v_new_norm,636,636,1.0,done,L0,"L0,L1,L2","L0,L1,L2,L3,L4",md/Location/VisualGradient_11formula_analysis_files_20260720/raw_layer_scores/mmke-entity/smolvlm-1.7b/ours_direct_layer_scores.csv
mmke-entity,smolvlm-1.7b,ours4,Ours-Direct-Conflict,"max(0,-S_v_cos) * S_v_new_norm * S_v_depth2",636,636,1.0,insufficient_or_unavailable,,,,md/Location/VisualGradient_11formula_analysis_files_20260720/raw_layer_scores/mmke-entity/smolvlm-1.7b/ours_direct_layer_scores.csv
mmke-entity,smolvlm-1.7b,ours4,Ours-AbsDirection-Direct,abs(S_v_cos) * S_v_new_norm * S_v_depth2,636,636,1.0,done,L10,"L10,L11,L9","L10,L11,L9,L8,L7",md/Location/VisualGradient_11formula_analysis_files_20260720/raw_layer_scores/mmke-entity/smolvlm-1.7b/ours_direct_layer_scores.csv
mmke-entity,smolvlm-1.7b,ours4,Ours-NoDirection-Direct,S_v_new_norm * S_v_depth2,636,636,1.0,done,L11,"L11,L10,L9","L11,L10,L9,L14,L13",md/Location/VisualGradient_11formula_analysis_files_20260720/raw_layer_scores/mmke-entity/smolvlm-1.7b/ours_direct_layer_scores.csv
mmke-entity,smolvlm-1.7b,ours4,Ours-1MinusCos-Direct,(1-S_v_cos) * S_v_new_norm * S_v_depth2,636,636,1.0,done,L14,"L14,L13,L11","L14,L13,L11,L12,L15",md/Location/VisualGradient_11formula_analysis_files_20260720/raw_layer_scores/mmke-entity/smolvlm-1.7b/ours_direct_layer_scores.csv
mmke-visual,blip2-opt-2.7b,base7,M_dot,S_v_dot,175,214,0.8177570093457944,done,L4,"L4,L3,L2","L4,L3,L2,L5,L7",md/Location/VisualGradient_11formula_analysis_files_20260720/raw_layer_scores/mmke-visual/blip2-opt-2.7b/ours_direct_layer_scores.csv
mmke-visual,blip2-opt-2.7b,base7,M_cos,S_v_cos,175,214,0.8177570093457944,done,L11,"L11,L5,L4","L11,L5,L4,L12,L10",md/Location/VisualGradient_11formula_analysis_files_20260720/raw_layer_scores/mmke-visual/blip2-opt-2.7b/ours_direct_layer_scores.csv
mmke-visual,blip2-opt-2.7b,base7,M_new_norm,S_v_new_norm,175,214,0.8177570093457944,done,L0,"L0,L1,L2","L0,L1,L2,L3,L4",md/Location/VisualGradient_11formula_analysis_files_20260720/raw_layer_scores/mmke-visual/blip2-opt-2.7b/ours_direct_layer_scores.csv
mmke-visual,blip2-opt-2.7b,base7,M_pos_ratio,S_v_positive_ratio,175,214,0.8177570093457944,done,L6,"L6,L7,L9","L6,L7,L9,L12,L5",md/Location/VisualGradient_11formula_analysis_files_20260720/raw_layer_scores/mmke-visual/blip2-opt-2.7b/ours_direct_layer_scores.csv
mmke-visual,blip2-opt-2.7b,base7,M_conflict,S_v_conflict,175,214,0.8177570093457944,done,L0,"L0,L1,L30","L0,L1,L30,L29,L28",md/Location/VisualGradient_11formula_analysis_files_20260720/raw_layer_scores/mmke-visual/blip2-opt-2.7b/ours_direct_layer_scores.csv
mmke-visual,blip2-opt-2.7b,base7,M_newn_x_1mcos,S_v_new_norm * (1-S_v_cos),175,214,0.8177570093457944,done,L0,"L0,L1,L2","L0,L1,L2,L3,L4",md/Location/VisualGradient_11formula_analysis_files_20260720/raw_layer_scores/mmke-visual/blip2-opt-2.7b/ours_direct_layer_scores.csv
mmke-visual,blip2-opt-2.7b,base7,M_abscos_x_newn,abs(S_v_cos) * S_v_new_norm,175,214,0.8177570093457944,done,L0,"L0,L1,L2","L0,L1,L2,L4,L3",md/Location/VisualGradient_11formula_analysis_files_20260720/raw_layer_scores/mmke-visual/blip2-opt-2.7b/ours_direct_layer_scores.csv
mmke-visual,blip2-opt-2.7b,ours4,Ours-Direct-Conflict,"max(0,-S_v_cos) * S_v_new_norm * S_v_depth2",175,214,0.8177570093457944,insufficient_or_unavailable,L30,L30,L30,md/Location/VisualGradient_11formula_analysis_files_20260720/raw_layer_scores/mmke-visual/blip2-opt-2.7b/ours_direct_layer_scores.csv
mmke-visual,blip2-opt-2.7b,ours4,Ours-AbsDirection-Direct,abs(S_v_cos) * S_v_new_norm * S_v_depth2,175,214,0.8177570093457944,done,L15,"L15,L17,L14","L15,L17,L14,L16,L13",md/Location/VisualGradient_11formula_analysis_files_20260720/raw_layer_scores/mmke-visual/blip2-opt-2.7b/ours_direct_layer_scores.csv
mmke-visual,blip2-opt-2.7b,ours4,Ours-NoDirection-Direct,S_v_new_norm * S_v_depth2,175,214,0.8177570093457944,done,L19,"L19,L20,L18","L19,L20,L18,L21,L22",md/Location/VisualGradient_11formula_analysis_files_20260720/raw_layer_scores/mmke-visual/blip2-opt-2.7b/ours_direct_layer_scores.csv
mmke-visual,blip2-opt-2.7b,ours4,Ours-1MinusCos-Direct,(1-S_v_cos) * S_v_new_norm * S_v_depth2,175,214,0.8177570093457944,done,L25,"L25,L21,L22","L25,L21,L22,L20,L26",md/Location/VisualGradient_11formula_analysis_files_20260720/raw_layer_scores/mmke-visual/blip2-opt-2.7b/ours_direct_layer_scores.csv
mmke-visual,instructblip-vicuna-7b,base7,M_dot,S_v_dot,214,214,1.0,done,L1,"L1,L0,L3","L1,L0,L3,L2,L4",md/Location/VisualGradient_11formula_analysis_files_20260720/raw_layer_scores/mmke-visual/instructblip-vicuna-7b/ours_direct_layer_scores.csv
mmke-visual,instructblip-vicuna-7b,base7,M_cos,S_v_cos,214,214,1.0,done,L30,"L30,L29,L27","L30,L29,L27,L26,L28",md/Location/VisualGradient_11formula_analysis_files_20260720/raw_layer_scores/mmke-visual/instructblip-vicuna-7b/ours_direct_layer_scores.csv
mmke-visual,instructblip-vicuna-7b,base7,M_new_norm,S_v_new_norm,214,214,1.0,done,L1,"L1,L0,L3","L1,L0,L3,L2,L4",md/Location/VisualGradient_11formula_analysis_files_20260720/raw_layer_scores/mmke-visual/instructblip-vicuna-7b/ours_direct_layer_scores.csv
mmke-visual,instructblip-vicuna-7b,base7,M_pos_ratio,S_v_positive_ratio,214,214,1.0,done,L0,"L0,L1,L2","L0,L1,L2,L3,L4",md/Location/VisualGradient_11formula_analysis_files_20260720/raw_layer_scores/mmke-visual/instructblip-vicuna-7b/ours_direct_layer_scores.csv
mmke-visual,instructblip-vicuna-7b,base7,M_conflict,S_v_conflict,214,214,1.0,done,L30,"L30,L29,L28","L30,L29,L28,L27,L26",md/Location/VisualGradient_11formula_analysis_files_20260720/raw_layer_scores/mmke-visual/instructblip-vicuna-7b/ours_direct_layer_scores.csv
mmke-visual,instructblip-vicuna-7b,base7,M_newn_x_1mcos,S_v_new_norm * (1-S_v_cos),214,214,1.0,done,L3,"L3,L2,L4","L3,L2,L4,L5,L6",md/Location/VisualGradient_11formula_analysis_files_20260720/raw_layer_scores/mmke-visual/instructblip-vicuna-7b/ours_direct_layer_scores.csv
mmke-visual,instructblip-vicuna-7b,base7,M_abscos_x_newn,abs(S_v_cos) * S_v_new_norm,214,214,1.0,done,L1,"L1,L0,L3","L1,L0,L3,L2,L4",md/Location/VisualGradient_11formula_analysis_files_20260720/raw_layer_scores/mmke-visual/instructblip-vicuna-7b/ours_direct_layer_scores.csv
mmke-visual,instructblip-vicuna-7b,ours4,Ours-Direct-Conflict,"max(0,-S_v_cos) * S_v_new_norm * S_v_depth2",214,214,1.0,insufficient_or_unavailable,,,,md/Location/VisualGradient_11formula_analysis_files_20260720/raw_layer_scores/mmke-visual/instructblip-vicuna-7b/ours_direct_layer_scores.csv
mmke-visual,instructblip-vicuna-7b,ours4,Ours-AbsDirection-Direct,abs(S_v_cos) * S_v_new_norm * S_v_depth2,214,214,1.0,done,L27,"L27,L26,L25","L27,L26,L25,L24,L23",md/Location/VisualGradient_11formula_analysis_files_20260720/raw_layer_scores/mmke-visual/instructblip-vicuna-7b/ours_direct_layer_scores.csv
mmke-visual,instructblip-vicuna-7b,ours4,Ours-NoDirection-Direct,S_v_new_norm * S_v_depth2,214,214,1.0,done,L27,"L27,L26,L25","L27,L26,L25,L24,L23",md/Location/VisualGradient_11formula_analysis_files_20260720/raw_layer_scores/mmke-visual/instructblip-vicuna-7b/ours_direct_layer_scores.csv
mmke-visual,instructblip-vicuna-7b,ours4,Ours-1MinusCos-Direct,(1-S_v_cos) * S_v_new_norm * S_v_depth2,214,214,1.0,done,L24,"L24,L23,L25","L24,L23,L25,L22,L27",md/Location/VisualGradient_11formula_analysis_files_20260720/raw_layer_scores/mmke-visual/instructblip-vicuna-7b/ours_direct_layer_scores.csv
mmke-visual,llava-v1.5-7b,base7,M_dot,S_v_dot,214,214,1.0,done,L30,"L30,L29,L28","L30,L29,L28,L27,L26",md/Location/VisualGradient_11formula_analysis_files_20260720/raw_layer_scores/mmke-visual/llava-v1.5-7b/ours_direct_layer_scores.csv
mmke-visual,llava-v1.5-7b,base7,M_cos,S_v_cos,214,214,1.0,done,L17,"L17,L20,L18","L17,L20,L18,L12,L6",md/Location/VisualGradient_11formula_analysis_files_20260720/raw_layer_scores/mmke-visual/llava-v1.5-7b/ours_direct_layer_scores.csv
mmke-visual,llava-v1.5-7b,base7,M_new_norm,S_v_new_norm,214,214,1.0,done,L5,"L5,L0,L6","L5,L0,L6,L3,L4",md/Location/VisualGradient_11formula_analysis_files_20260720/raw_layer_scores/mmke-visual/llava-v1.5-7b/ours_direct_layer_scores.csv
mmke-visual,llava-v1.5-7b,base7,M_pos_ratio,S_v_positive_ratio,214,214,1.0,done,L5,"L5,L6,L2","L5,L6,L2,L3,L4",md/Location/VisualGradient_11formula_analysis_files_20260720/raw_layer_scores/mmke-visual/llava-v1.5-7b/ours_direct_layer_scores.csv
mmke-visual,llava-v1.5-7b,base7,M_conflict,S_v_conflict,214,214,1.0,done,L5,"L5,L4,L3","L5,L4,L3,L2,L0",md/Location/VisualGradient_11formula_analysis_files_20260720/raw_layer_scores/mmke-visual/llava-v1.5-7b/ours_direct_layer_scores.csv
mmke-visual,llava-v1.5-7b,base7,M_newn_x_1mcos,S_v_new_norm * (1-S_v_cos),214,214,1.0,done,L0,"L0,L5,L6","L0,L5,L6,L3,L4",md/Location/VisualGradient_11formula_analysis_files_20260720/raw_layer_scores/mmke-visual/llava-v1.5-7b/ours_direct_layer_scores.csv
mmke-visual,llava-v1.5-7b,base7,M_abscos_x_newn,abs(S_v_cos) * S_v_new_norm,214,214,1.0,done,L0,"L0,L3,L1","L0,L3,L1,L2,L5",md/Location/VisualGradient_11formula_analysis_files_20260720/raw_layer_scores/mmke-visual/llava-v1.5-7b/ours_direct_layer_scores.csv
mmke-visual,llava-v1.5-7b,ours4,Ours-Direct-Conflict,"max(0,-S_v_cos) * S_v_new_norm * S_v_depth2",214,214,1.0,done,L13,"L13,L14,L15","L13,L14,L15,L16,L12",md/Location/VisualGradient_11formula_analysis_files_20260720/raw_layer_scores/mmke-visual/llava-v1.5-7b/ours_direct_layer_scores.csv
mmke-visual,llava-v1.5-7b,ours4,Ours-AbsDirection-Direct,abs(S_v_cos) * S_v_new_norm * S_v_depth2,214,214,1.0,done,L13,"L13,L14,L15","L13,L14,L15,L16,L12",md/Location/VisualGradient_11formula_analysis_files_20260720/raw_layer_scores/mmke-visual/llava-v1.5-7b/ours_direct_layer_scores.csv
mmke-visual,llava-v1.5-7b,ours4,Ours-NoDirection-Direct,S_v_new_norm * S_v_depth2,214,214,1.0,done,L13,"L13,L12,L15","L13,L12,L15,L14,L16",md/Location/VisualGradient_11formula_analysis_files_20260720/raw_layer_scores/mmke-visual/llava-v1.5-7b/ours_direct_layer_scores.csv
mmke-visual,llava-v1.5-7b,ours4,Ours-1MinusCos-Direct,(1-S_v_cos) * S_v_new_norm * S_v_depth2,214,214,1.0,done,L13,"L13,L12,L15","L13,L12,L15,L14,L16",md/Location/VisualGradient_11formula_analysis_files_20260720/raw_layer_scores/mmke-visual/llava-v1.5-7b/ours_direct_layer_scores.csv
mmke-visual,minigpt-4-vicuna-7b,base7,M_dot,S_v_dot,214,214,1.0,done,L30,"L30,L29,L28","L30,L29,L28,L26,L25",md/Location/VisualGradient_11formula_analysis_files_20260720/raw_layer_scores/mmke-visual/minigpt-4-vicuna-7b/ours_direct_layer_scores.csv
mmke-visual,minigpt-4-vicuna-7b,base7,M_cos,S_v_cos,214,214,1.0,done,L0,"L0,L1,L2","L0,L1,L2,L3,L4",md/Location/VisualGradient_11formula_analysis_files_20260720/raw_layer_scores/mmke-visual/minigpt-4-vicuna-7b/ours_direct_layer_scores.csv
mmke-visual,minigpt-4-vicuna-7b,base7,M_new_norm,S_v_new_norm,214,214,1.0,done,L0,"L0,L1,L2","L0,L1,L2,L3,L4",md/Location/VisualGradient_11formula_analysis_files_20260720/raw_layer_scores/mmke-visual/minigpt-4-vicuna-7b/ours_direct_layer_scores.csv
mmke-visual,minigpt-4-vicuna-7b,base7,M_pos_ratio,S_v_positive_ratio,214,214,1.0,done,L0,"L0,L1,L2","L0,L1,L2,L3,L4",md/Location/VisualGradient_11formula_analysis_files_20260720/raw_layer_scores/mmke-visual/minigpt-4-vicuna-7b/ours_direct_layer_scores.csv
mmke-visual,minigpt-4-vicuna-7b,base7,M_conflict,S_v_conflict,214,214,1.0,done,L9,"L9,L8,L6","L9,L8,L6,L7,L10",md/Location/VisualGradient_11formula_analysis_files_20260720/raw_layer_scores/mmke-visual/minigpt-4-vicuna-7b/ours_direct_layer_scores.csv
mmke-visual,minigpt-4-vicuna-7b,base7,M_newn_x_1mcos,S_v_new_norm * (1-S_v_cos),214,214,1.0,done,L0,"L0,L1,L2","L0,L1,L2,L3,L4",md/Location/VisualGradient_11formula_analysis_files_20260720/raw_layer_scores/mmke-visual/minigpt-4-vicuna-7b/ours_direct_layer_scores.csv
mmke-visual,minigpt-4-vicuna-7b,base7,M_abscos_x_newn,abs(S_v_cos) * S_v_new_norm,214,214,1.0,done,L9,"L9,L10,L11","L9,L10,L11,L15,L14",md/Location/VisualGradient_11formula_analysis_files_20260720/raw_layer_scores/mmke-visual/minigpt-4-vicuna-7b/ours_direct_layer_scores.csv
mmke-visual,minigpt-4-vicuna-7b,ours4,Ours-Direct-Conflict,"max(0,-S_v_cos) * S_v_new_norm * S_v_depth2",214,214,1.0,done,L29,"L29,L28,L27","L29,L28,L27,L26,L30",md/Location/VisualGradient_11formula_analysis_files_20260720/raw_layer_scores/mmke-visual/minigpt-4-vicuna-7b/ours_direct_layer_scores.csv
mmke-visual,minigpt-4-vicuna-7b,ours4,Ours-AbsDirection-Direct,abs(S_v_cos) * S_v_new_norm * S_v_depth2,214,214,1.0,done,L29,"L29,L28,L27","L29,L28,L27,L26,L30",md/Location/VisualGradient_11formula_analysis_files_20260720/raw_layer_scores/mmke-visual/minigpt-4-vicuna-7b/ours_direct_layer_scores.csv
mmke-visual,minigpt-4-vicuna-7b,ours4,Ours-NoDirection-Direct,S_v_new_norm * S_v_depth2,214,214,1.0,done,L27,"L27,L26,L28","L27,L26,L28,L29,L25",md/Location/VisualGradient_11formula_analysis_files_20260720/raw_layer_scores/mmke-visual/minigpt-4-vicuna-7b/ours_direct_layer_scores.csv
mmke-visual,minigpt-4-vicuna-7b,ours4,Ours-1MinusCos-Direct,(1-S_v_cos) * S_v_new_norm * S_v_depth2,214,214,1.0,done,L27,"L27,L28,L29","L27,L28,L29,L26,L25",md/Location/VisualGradient_11formula_analysis_files_20260720/raw_layer_scores/mmke-visual/minigpt-4-vicuna-7b/ours_direct_layer_scores.csv
mmke-visual,paligemma-3b,base7,M_dot,S_v_dot,214,214,1.0,done,L5,"L5,L4,L3","L5,L4,L3,L2,L1",md/Location/VisualGradient_11formula_analysis_files_20260720/raw_layer_scores/mmke-visual/paligemma-3b/ours_direct_layer_scores.csv
mmke-visual,paligemma-3b,base7,M_cos,S_v_cos,214,214,1.0,done,L5,"L5,L4,L16","L5,L4,L16,L3,L2",md/Location/VisualGradient_11formula_analysis_files_20260720/raw_layer_scores/mmke-visual/paligemma-3b/ours_direct_layer_scores.csv
mmke-visual,paligemma-3b,base7,M_new_norm,S_v_new_norm,214,214,1.0,done,L4,"L4,L5,L3","L4,L5,L3,L2,L6",md/Location/VisualGradient_11formula_analysis_files_20260720/raw_layer_scores/mmke-visual/paligemma-3b/ours_direct_layer_scores.csv
mmke-visual,paligemma-3b,base7,M_pos_ratio,S_v_positive_ratio,214,214,1.0,done,L8,"L8,L6,L7","L8,L6,L7,L9,L13",md/Location/VisualGradient_11formula_analysis_files_20260720/raw_layer_scores/mmke-visual/paligemma-3b/ours_direct_layer_scores.csv
mmke-visual,paligemma-3b,base7,M_conflict,S_v_conflict,214,214,1.0,done,L16,"L16,L15,L14","L16,L15,L14,L13,L12",md/Location/VisualGradient_11formula_analysis_files_20260720/raw_layer_scores/mmke-visual/paligemma-3b/ours_direct_layer_scores.csv
mmke-visual,paligemma-3b,base7,M_newn_x_1mcos,S_v_new_norm * (1-S_v_cos),214,214,1.0,done,L4,"L4,L5,L3","L4,L5,L3,L2,L6",md/Location/VisualGradient_11formula_analysis_files_20260720/raw_layer_scores/mmke-visual/paligemma-3b/ours_direct_layer_scores.csv
mmke-visual,paligemma-3b,base7,M_abscos_x_newn,abs(S_v_cos) * S_v_new_norm,214,214,1.0,done,L5,"L5,L4,L3","L5,L4,L3,L2,L1",md/Location/VisualGradient_11formula_analysis_files_20260720/raw_layer_scores/mmke-visual/paligemma-3b/ours_direct_layer_scores.csv
mmke-visual,paligemma-3b,ours4,Ours-Direct-Conflict,"max(0,-S_v_cos) * S_v_new_norm * S_v_depth2",214,214,1.0,insufficient_or_unavailable,,,,md/Location/VisualGradient_11formula_analysis_files_20260720/raw_layer_scores/mmke-visual/paligemma-3b/ours_direct_layer_scores.csv
mmke-visual,paligemma-3b,ours4,Ours-AbsDirection-Direct,abs(S_v_cos) * S_v_new_norm * S_v_depth2,214,214,1.0,done,L5,"L5,L7,L8","L5,L7,L8,L6,L4",md/Location/VisualGradient_11formula_analysis_files_20260720/raw_layer_scores/mmke-visual/paligemma-3b/ours_direct_layer_scores.csv
mmke-visual,paligemma-3b,ours4,Ours-NoDirection-Direct,S_v_new_norm * S_v_depth2,214,214,1.0,done,L7,"L7,L5,L8","L7,L5,L8,L6,L9",md/Location/VisualGradient_11formula_analysis_files_20260720/raw_layer_scores/mmke-visual/paligemma-3b/ours_direct_layer_scores.csv
mmke-visual,paligemma-3b,ours4,Ours-1MinusCos-Direct,(1-S_v_cos) * S_v_new_norm * S_v_depth2,214,214,1.0,done,L7,"L7,L8,L5","L7,L8,L5,L6,L9",md/Location/VisualGradient_11formula_analysis_files_20260720/raw_layer_scores/mmke-visual/paligemma-3b/ours_direct_layer_scores.csv
mmke-visual,qwen2.5-vl-3b,base7,M_dot,S_v_dot,214,214,1.0,done,L0,"L0,L1,L2","L0,L1,L2,L3,L4",md/Location/VisualGradient_11formula_analysis_files_20260720/raw_layer_scores/mmke-visual/qwen2.5-vl-3b/ours_direct_layer_scores.csv
mmke-visual,qwen2.5-vl-3b,base7,M_cos,S_v_cos,214,214,1.0,done,L12,"L12,L10,L11","L12,L10,L11,L9,L13",md/Location/VisualGradient_11formula_analysis_files_20260720/raw_layer_scores/mmke-visual/qwen2.5-vl-3b/ours_direct_layer_scores.csv
mmke-visual,qwen2.5-vl-3b,base7,M_new_norm,S_v_new_norm,214,214,1.0,done,L0,"L0,L1,L2","L0,L1,L2,L3,L4",md/Location/VisualGradient_11formula_analysis_files_20260720/raw_layer_scores/mmke-visual/qwen2.5-vl-3b/ours_direct_layer_scores.csv
mmke-visual,qwen2.5-vl-3b,base7,M_pos_ratio,S_v_positive_ratio,214,214,1.0,done,L5,"L5,L6,L7","L5,L6,L7,L12,L13",md/Location/VisualGradient_11formula_analysis_files_20260720/raw_layer_scores/mmke-visual/qwen2.5-vl-3b/ours_direct_layer_scores.csv
mmke-visual,qwen2.5-vl-3b,base7,M_conflict,S_v_conflict,214,214,1.0,done,L34,"L34,L33,L32","L34,L33,L32,L31,L30",md/Location/VisualGradient_11formula_analysis_files_20260720/raw_layer_scores/mmke-visual/qwen2.5-vl-3b/ours_direct_layer_scores.csv
mmke-visual,qwen2.5-vl-3b,base7,M_newn_x_1mcos,S_v_new_norm * (1-S_v_cos),214,214,1.0,done,L0,"L0,L1,L2","L0,L1,L2,L3,L4",md/Location/VisualGradient_11formula_analysis_files_20260720/raw_layer_scores/mmke-visual/qwen2.5-vl-3b/ours_direct_layer_scores.csv
mmke-visual,qwen2.5-vl-3b,base7,M_abscos_x_newn,abs(S_v_cos) * S_v_new_norm,214,214,1.0,done,L0,"L0,L1,L2","L0,L1,L2,L3,L4",md/Location/VisualGradient_11formula_analysis_files_20260720/raw_layer_scores/mmke-visual/qwen2.5-vl-3b/ours_direct_layer_scores.csv
mmke-visual,qwen2.5-vl-3b,ours4,Ours-Direct-Conflict,"max(0,-S_v_cos) * S_v_new_norm * S_v_depth2",214,214,1.0,insufficient_or_unavailable,,,,md/Location/VisualGradient_11formula_analysis_files_20260720/raw_layer_scores/mmke-visual/qwen2.5-vl-3b/ours_direct_layer_scores.csv
mmke-visual,qwen2.5-vl-3b,ours4,Ours-AbsDirection-Direct,abs(S_v_cos) * S_v_new_norm * S_v_depth2,214,214,1.0,done,L22,"L22,L17,L18","L22,L17,L18,L20,L21",md/Location/VisualGradient_11formula_analysis_files_20260720/raw_layer_scores/mmke-visual/qwen2.5-vl-3b/ours_direct_layer_scores.csv
mmke-visual,qwen2.5-vl-3b,ours4,Ours-NoDirection-Direct,S_v_new_norm * S_v_depth2,214,214,1.0,done,L20,"L20,L18,L19","L20,L18,L19,L17,L22",md/Location/VisualGradient_11formula_analysis_files_20260720/raw_layer_scores/mmke-visual/qwen2.5-vl-3b/ours_direct_layer_scores.csv
mmke-visual,qwen2.5-vl-3b,ours4,Ours-1MinusCos-Direct,(1-S_v_cos) * S_v_new_norm * S_v_depth2,214,214,1.0,done,L20,"L20,L18,L19","L20,L18,L19,L21,L17",md/Location/VisualGradient_11formula_analysis_files_20260720/raw_layer_scores/mmke-visual/qwen2.5-vl-3b/ours_direct_layer_scores.csv
mmke-visual,smolvlm-1.7b,base7,M_dot,S_v_dot,214,214,1.0,done,L0,"L0,L1,L2","L0,L1,L2,L3,L4",md/Location/VisualGradient_11formula_analysis_files_20260720/raw_layer_scores/mmke-visual/smolvlm-1.7b/ours_direct_layer_scores.csv
mmke-visual,smolvlm-1.7b,base7,M_cos,S_v_cos,214,214,1.0,done,L7,"L7,L6,L5","L7,L6,L5,L4,L3",md/Location/VisualGradient_11formula_analysis_files_20260720/raw_layer_scores/mmke-visual/smolvlm-1.7b/ours_direct_layer_scores.csv
mmke-visual,smolvlm-1.7b,base7,M_new_norm,S_v_new_norm,214,214,1.0,done,L0,"L0,L1,L2","L0,L1,L2,L3,L4",md/Location/VisualGradient_11formula_analysis_files_20260720/raw_layer_scores/mmke-visual/smolvlm-1.7b/ours_direct_layer_scores.csv
mmke-visual,smolvlm-1.7b,base7,M_pos_ratio,S_v_positive_ratio,214,214,1.0,done,L4,"L4,L3,L7","L4,L3,L7,L6,L12",md/Location/VisualGradient_11formula_analysis_files_20260720/raw_layer_scores/mmke-visual/smolvlm-1.7b/ours_direct_layer_scores.csv
mmke-visual,smolvlm-1.7b,base7,M_conflict,S_v_conflict,214,214,1.0,done,L22,"L22,L21,L20","L22,L21,L20,L19,L17",md/Location/VisualGradient_11formula_analysis_files_20260720/raw_layer_scores/mmke-visual/smolvlm-1.7b/ours_direct_layer_scores.csv
mmke-visual,smolvlm-1.7b,base7,M_newn_x_1mcos,S_v_new_norm * (1-S_v_cos),214,214,1.0,done,L0,"L0,L1,L2","L0,L1,L2,L3,L4",md/Location/VisualGradient_11formula_analysis_files_20260720/raw_layer_scores/mmke-visual/smolvlm-1.7b/ours_direct_layer_scores.csv
mmke-visual,smolvlm-1.7b,base7,M_abscos_x_newn,abs(S_v_cos) * S_v_new_norm,214,214,1.0,done,L0,"L0,L1,L2","L0,L1,L2,L3,L4",md/Location/VisualGradient_11formula_analysis_files_20260720/raw_layer_scores/mmke-visual/smolvlm-1.7b/ours_direct_layer_scores.csv
mmke-visual,smolvlm-1.7b,ours4,Ours-Direct-Conflict,"max(0,-S_v_cos) * S_v_new_norm * S_v_depth2",214,214,1.0,insufficient_or_unavailable,,,,md/Location/VisualGradient_11formula_analysis_files_20260720/raw_layer_scores/mmke-visual/smolvlm-1.7b/ours_direct_layer_scores.csv
mmke-visual,smolvlm-1.7b,ours4,Ours-AbsDirection-Direct,abs(S_v_cos) * S_v_new_norm * S_v_depth2,214,214,1.0,done,L10,"L10,L7,L9","L10,L7,L9,L8,L11",md/Location/VisualGradient_11formula_analysis_files_20260720/raw_layer_scores/mmke-visual/smolvlm-1.7b/ours_direct_layer_scores.csv
mmke-visual,smolvlm-1.7b,ours4,Ours-NoDirection-Direct,S_v_new_norm * S_v_depth2,214,214,1.0,done,L11,"L11,L10,L9","L11,L10,L9,L14,L13",md/Location/VisualGradient_11formula_analysis_files_20260720/raw_layer_scores/mmke-visual/smolvlm-1.7b/ours_direct_layer_scores.csv
mmke-visual,smolvlm-1.7b,ours4,Ours-1MinusCos-Direct,(1-S_v_cos) * S_v_new_norm * S_v_depth2,214,214,1.0,done,L11,"L11,L10,L14","L11,L10,L14,L9,L13",md/Location/VisualGradient_11formula_analysis_files_20260720/raw_layer_scores/mmke-visual/smolvlm-1.7b/ours_direct_layer_scores.csv
