dataset,model,variant,cohort,flavor,n,coverage,all_ranking,top1,top3,top5,outlier_layers,lower,upper
evqa-pilot500,blip2-opt-2.7b,none,matched_gradient,raw,465,0.93,"[8, 5, 6, 7, 3, 4, 9, 10, 2, 11, 12, 13, 14, 1, 15, 16, 0, 17, 18, 19, 20, 21, 22, 23, 24, 25, 26, 27, 29, 31, 28, 30]",[8],"[8, 5, 6]","[8, 5, 6, 7, 3]",[],-0.21553973611644517,1.3878059365496198
evqa-pilot500,blip2-opt-2.7b,none,matched_gradient,tukey,465,0.93,"[8, 5, 6, 7, 3, 4, 9, 10, 2, 11, 12, 13, 14, 1, 15, 16, 0, 17, 18, 19, 20, 21, 22, 23, 24, 25, 26, 27, 29, 31, 28, 30]",[8],"[8, 5, 6]","[8, 5, 6, 7, 3]",[],-0.21553973611644517,1.3878059365496198
evqa-pilot500,blip2-opt-2.7b,alt,matched_gradient,raw,465,0.93,"[5, 3, 6, 4, 7, 8, 9, 2, 10, 11, 12, 13, 14, 1, 15, 16, 0, 17, 18, 19, 20, 21, 22, 23, 24, 25, 26, 27, 29, 28, 31, 30]",[5],"[5, 3, 6]","[5, 3, 6, 4, 7]",[],-0.1978688546994017,1.3744343369373744
evqa-pilot500,blip2-opt-2.7b,alt,matched_gradient,tukey,465,0.93,"[5, 3, 6, 4, 7, 8, 9, 2, 10, 11, 12, 13, 14, 1, 15, 16, 0, 17, 18, 19, 20, 21, 22, 23, 24, 25, 26, 27, 29, 28, 31, 30]",[5],"[5, 3, 6]","[5, 3, 6, 4, 7]",[],-0.1978688546994017,1.3744343369373744
evqa-pilot500,blip2-opt-2.7b,model_pred,matched_gradient,raw,465,0.93,"[5, 3, 6, 4, 7, 8, 9, 2, 10, 11, 12, 13, 14, 1, 15, 16, 0, 17, 18, 19, 20, 21, 22, 23, 24, 25, 26, 27, 28, 29, 31, 30]",[5],"[5, 3, 6]","[5, 3, 6, 4, 7]",[],-0.15420165624806986,1.3534298219040974
evqa-pilot500,blip2-opt-2.7b,model_pred,matched_gradient,tukey,465,0.93,"[5, 3, 6, 4, 7, 8, 9, 2, 10, 11, 12, 13, 14, 1, 15, 16, 0, 17, 18, 19, 20, 21, 22, 23, 24, 25, 26, 27, 28, 29, 31, 30]",[5],"[5, 3, 6]","[5, 3, 6, 4, 7]",[],-0.15420165624806986,1.3534298219040974
evqa-pilot500,blip2-opt-2.7b,none,available_train,raw,500,1.0,"[8, 5, 6, 7, 3, 4, 9, 10, 2, 11, 12, 13, 14, 1, 15, 16, 0, 17, 18, 19, 20, 21, 22, 23, 24, 25, 26, 27, 29, 31, 28, 30]",[8],"[8, 5, 6]","[8, 5, 6, 7, 3]",[],-0.21534011779725543,1.387675970993936
evqa-pilot500,blip2-opt-2.7b,none,available_train,tukey,500,1.0,"[8, 5, 6, 7, 3, 4, 9, 10, 2, 11, 12, 13, 14, 1, 15, 16, 0, 17, 18, 19, 20, 21, 22, 23, 24, 25, 26, 27, 29, 31, 28, 30]",[8],"[8, 5, 6]","[8, 5, 6, 7, 3]",[],-0.21534011779725543,1.387675970993936
evqa-pilot500,blip2-opt-2.7b,alt,available_train,raw,500,1.0,"[5, 3, 6, 4, 7, 8, 9, 2, 10, 11, 12, 13, 1, 14, 15, 16, 0, 17, 18, 19, 20, 21, 22, 23, 24, 25, 26, 27, 29, 28, 31, 30]",[5],"[5, 3, 6]","[5, 3, 6, 4, 7]",[],-0.19747000340994975,1.373343213956404
evqa-pilot500,blip2-opt-2.7b,alt,available_train,tukey,500,1.0,"[5, 3, 6, 4, 7, 8, 9, 2, 10, 11, 12, 13, 1, 14, 15, 16, 0, 17, 18, 19, 20, 21, 22, 23, 24, 25, 26, 27, 29, 28, 31, 30]",[5],"[5, 3, 6]","[5, 3, 6, 4, 7]",[],-0.19747000340994975,1.373343213956404
evqa-pilot500,blip2-opt-2.7b,model_pred,available_train,raw,465,0.93,"[5, 3, 6, 4, 7, 8, 9, 2, 10, 11, 12, 13, 14, 1, 15, 16, 0, 17, 18, 19, 20, 21, 22, 23, 24, 25, 26, 27, 28, 29, 31, 30]",[5],"[5, 3, 6]","[5, 3, 6, 4, 7]",[],-0.15420165624806986,1.3534298219040974
evqa-pilot500,blip2-opt-2.7b,model_pred,available_train,tukey,465,0.93,"[5, 3, 6, 4, 7, 8, 9, 2, 10, 11, 12, 13, 14, 1, 15, 16, 0, 17, 18, 19, 20, 21, 22, 23, 24, 25, 26, 27, 28, 29, 31, 30]",[5],"[5, 3, 6]","[5, 3, 6, 4, 7]",[],-0.15420165624806986,1.3534298219040974
evqa-pilot500,instructblip-vicuna-7b,none,matched_gradient,raw,500,1.0,"[22, 24, 23, 27, 26, 29, 25, 5, 4, 28, 21, 6, 14, 7, 8, 18, 19, 13, 15, 20, 12, 10, 9, 17, 16, 11, 3, 2, 31, 30, 1, 0]",[22],"[22, 24, 23]","[22, 24, 23, 27, 26]",[],0.7354153593182564,0.7868045306801795
evqa-pilot500,instructblip-vicuna-7b,none,matched_gradient,tukey,500,1.0,"[22, 24, 23, 27, 26, 29, 25, 5, 4, 28, 21, 6, 14, 7, 8, 18, 19, 13, 15, 20, 12, 10, 9, 17, 16, 11]",[22],"[22, 24, 23]","[22, 24, 23, 27, 26]","[0, 1, 2, 3, 30, 31]",0.7354153593182564,0.7868045306801795
evqa-pilot500,instructblip-vicuna-7b,alt,matched_gradient,raw,500,1.0,"[5, 4, 6, 14, 22, 7, 8, 23, 13, 24, 12, 10, 15, 9, 18, 21, 19, 11, 25, 16, 17, 26, 20, 27, 29, 28, 3, 2, 31, 30, 1, 0]",[5],"[5, 4, 6]","[5, 4, 6, 14, 22]",[],0.7450138685625278,0.7822939103454297
evqa-pilot500,instructblip-vicuna-7b,alt,matched_gradient,tukey,500,1.0,"[5, 4, 6, 14, 22, 7, 8, 23, 13, 24, 12, 10, 15, 9, 18, 21, 19, 11, 25, 16, 17, 26, 20, 27, 29, 28, 3]",[5],"[5, 4, 6]","[5, 4, 6, 14, 22]","[0, 1, 2, 30, 31]",0.7450138685625278,0.7822939103454297
evqa-pilot500,instructblip-vicuna-7b,model_pred,matched_gradient,raw,500,1.0,"[5, 4, 6, 22, 14, 23, 7, 24, 8, 13, 12, 10, 15, 9, 21, 18, 25, 26, 19, 27, 11, 16, 17, 20, 29, 28, 3, 2, 31, 30, 1, 0]",[5],"[5, 4, 6]","[5, 4, 6, 22, 14]",[],0.7463064661378425,0.7816509078226611
evqa-pilot500,instructblip-vicuna-7b,model_pred,matched_gradient,tukey,500,1.0,"[5, 4, 6, 22, 14, 23, 7, 24, 8, 13, 12, 10, 15, 9, 21, 18, 25, 26, 19, 27, 11, 16, 17, 20, 29, 28]",[5],"[5, 4, 6]","[5, 4, 6, 22, 14]","[0, 1, 2, 3, 30, 31]",0.7463064661378425,0.7816509078226611
evqa-pilot500,instructblip-vicuna-7b,none,available_train,raw,500,1.0,"[22, 24, 23, 27, 26, 29, 25, 5, 4, 28, 21, 6, 14, 7, 8, 18, 19, 13, 15, 20, 12, 10, 9, 17, 16, 11, 3, 2, 31, 30, 1, 0]",[22],"[22, 24, 23]","[22, 24, 23, 27, 26]",[],0.7354153593182564,0.7868045306801795
evqa-pilot500,instructblip-vicuna-7b,none,available_train,tukey,500,1.0,"[22, 24, 23, 27, 26, 29, 25, 5, 4, 28, 21, 6, 14, 7, 8, 18, 19, 13, 15, 20, 12, 10, 9, 17, 16, 11]",[22],"[22, 24, 23]","[22, 24, 23, 27, 26]","[0, 1, 2, 3, 30, 31]",0.7354153593182564,0.7868045306801795
evqa-pilot500,instructblip-vicuna-7b,alt,available_train,raw,500,1.0,"[5, 4, 6, 14, 22, 7, 8, 23, 13, 24, 12, 10, 15, 9, 18, 21, 19, 11, 25, 16, 17, 26, 20, 27, 29, 28, 3, 2, 31, 30, 1, 0]",[5],"[5, 4, 6]","[5, 4, 6, 14, 22]",[],0.7450138685625278,0.7822939103454297
evqa-pilot500,instructblip-vicuna-7b,alt,available_train,tukey,500,1.0,"[5, 4, 6, 14, 22, 7, 8, 23, 13, 24, 12, 10, 15, 9, 18, 21, 19, 11, 25, 16, 17, 26, 20, 27, 29, 28, 3]",[5],"[5, 4, 6]","[5, 4, 6, 14, 22]","[0, 1, 2, 30, 31]",0.7450138685625278,0.7822939103454297
evqa-pilot500,instructblip-vicuna-7b,model_pred,available_train,raw,500,1.0,"[5, 4, 6, 22, 14, 23, 7, 24, 8, 13, 12, 10, 15, 9, 21, 18, 25, 26, 19, 27, 11, 16, 17, 20, 29, 28, 3, 2, 31, 30, 1, 0]",[5],"[5, 4, 6]","[5, 4, 6, 22, 14]",[],0.7463064661378425,0.7816509078226611
evqa-pilot500,instructblip-vicuna-7b,model_pred,available_train,tukey,500,1.0,"[5, 4, 6, 22, 14, 23, 7, 24, 8, 13, 12, 10, 15, 9, 21, 18, 25, 26, 19, 27, 11, 16, 17, 20, 29, 28]",[5],"[5, 4, 6]","[5, 4, 6, 22, 14]","[0, 1, 2, 3, 30, 31]",0.7463064661378425,0.7816509078226611
evqa-pilot500,minigpt-4-vicuna-7b,none,matched_gradient,raw,499,0.998,"[29, 28, 30, 27, 26, 25, 24, 23, 31, 22, 21, 20, 19, 18, 17, 16, 15, 14, 13, 12, 0, 11, 3, 10, 1, 7, 2, 6, 8, 9, 5, 4]",[29],"[29, 28, 30]","[29, 28, 30, 27, 26]",[],-0.17597437797409143,0.6473790828515599
evqa-pilot500,minigpt-4-vicuna-7b,none,matched_gradient,tukey,499,0.998,"[29, 28, 30, 27, 26, 25, 24, 23, 31, 22, 21, 20, 19, 18, 17, 16, 15, 14, 13, 12, 0, 11, 3, 10, 1, 7, 2, 6, 8, 9, 5, 4]",[29],"[29, 28, 30]","[29, 28, 30, 27, 26]",[],-0.17597437797409143,0.6473790828515599
evqa-pilot500,minigpt-4-vicuna-7b,alt,matched_gradient,raw,499,0.998,"[29, 28, 30, 27, 26, 25, 24, 23, 31, 22, 21, 20, 19, 18, 17, 16, 15, 14, 13, 12, 0, 11, 10, 1, 7, 3, 8, 6, 2, 9, 5, 4]",[29],"[29, 28, 30]","[29, 28, 30, 27, 26]",[],-0.15881005394235928,0.6249520321655099
evqa-pilot500,minigpt-4-vicuna-7b,alt,matched_gradient,tukey,499,0.998,"[29, 28, 30, 27, 26, 25, 24, 23, 31, 22, 21, 20, 19, 18, 17, 16, 15, 14, 13, 12, 0, 11, 10, 1, 7, 3, 8, 6, 2, 9, 5, 4]",[29],"[29, 28, 30]","[29, 28, 30, 27, 26]",[],-0.15881005394235928,0.6249520321655099
evqa-pilot500,minigpt-4-vicuna-7b,model_pred,matched_gradient,raw,499,0.998,"[29, 28, 30, 27, 26, 25, 24, 23, 31, 22, 21, 20, 19, 18, 17, 16, 15, 14, 13, 0, 12, 5, 6, 7, 4, 3, 2, 11, 8, 10, 1, 9]",[29],"[29, 28, 30]","[29, 28, 30, 27, 26]",[],-0.1005097412528912,0.5579215894573095
evqa-pilot500,minigpt-4-vicuna-7b,model_pred,matched_gradient,tukey,499,0.998,"[29, 28, 30, 27, 26, 25, 24, 23, 31, 22, 21, 20, 19, 18, 17, 16, 15, 14, 13, 0, 12, 5, 6, 7, 4, 3, 2, 11, 8, 10, 1, 9]",[29],"[29, 28, 30]","[29, 28, 30, 27, 26]",[],-0.1005097412528912,0.5579215894573095
evqa-pilot500,minigpt-4-vicuna-7b,none,available_train,raw,500,1.0,"[29, 28, 30, 27, 26, 25, 24, 23, 31, 22, 21, 20, 19, 18, 17, 16, 15, 14, 13, 12, 0, 11, 3, 10, 1, 7, 2, 6, 8, 9, 5, 4]",[29],"[29, 28, 30]","[29, 28, 30, 27, 26]",[],-0.17601560232415803,0.6474496349785478
evqa-pilot500,minigpt-4-vicuna-7b,none,available_train,tukey,500,1.0,"[29, 28, 30, 27, 26, 25, 24, 23, 31, 22, 21, 20, 19, 18, 17, 16, 15, 14, 13, 12, 0, 11, 3, 10, 1, 7, 2, 6, 8, 9, 5, 4]",[29],"[29, 28, 30]","[29, 28, 30, 27, 26]",[],-0.17601560232415803,0.6474496349785478
evqa-pilot500,minigpt-4-vicuna-7b,alt,available_train,raw,500,1.0,"[29, 28, 30, 27, 26, 25, 24, 23, 31, 22, 21, 20, 19, 18, 17, 16, 15, 14, 13, 12, 0, 11, 10, 1, 7, 3, 8, 6, 2, 9, 5, 4]",[29],"[29, 28, 30]","[29, 28, 30, 27, 26]",[],-0.1588628501106315,0.625056059978941
evqa-pilot500,minigpt-4-vicuna-7b,alt,available_train,tukey,500,1.0,"[29, 28, 30, 27, 26, 25, 24, 23, 31, 22, 21, 20, 19, 18, 17, 16, 15, 14, 13, 12, 0, 11, 10, 1, 7, 3, 8, 6, 2, 9, 5, 4]",[29],"[29, 28, 30]","[29, 28, 30, 27, 26]",[],-0.1588628501106315,0.625056059978941
evqa-pilot500,minigpt-4-vicuna-7b,model_pred,available_train,raw,499,0.998,"[29, 28, 30, 27, 26, 25, 24, 23, 31, 22, 21, 20, 19, 18, 17, 16, 15, 14, 13, 0, 12, 5, 6, 7, 4, 3, 2, 11, 8, 10, 1, 9]",[29],"[29, 28, 30]","[29, 28, 30, 27, 26]",[],-0.1005097412528912,0.5579215894573095
evqa-pilot500,minigpt-4-vicuna-7b,model_pred,available_train,tukey,499,0.998,"[29, 28, 30, 27, 26, 25, 24, 23, 31, 22, 21, 20, 19, 18, 17, 16, 15, 14, 13, 0, 12, 5, 6, 7, 4, 3, 2, 11, 8, 10, 1, 9]",[29],"[29, 28, 30]","[29, 28, 30, 27, 26]",[],-0.1005097412528912,0.5579215894573095
evqa-pilot500,llava-v1.5-7b,none,matched_gradient,raw,500,1.0,"[31, 29, 28, 30, 27, 26, 25, 24, 23, 22, 21, 20, 19, 18, 17, 16, 1, 2, 3, 13, 14, 15, 4, 5, 12, 10, 11, 8, 6, 0, 7, 9]",[31],"[31, 29, 28]","[31, 29, 28, 30, 27]",[],-0.16728925207257273,0.7592871469371021
evqa-pilot500,llava-v1.5-7b,none,matched_gradient,tukey,500,1.0,"[31, 29, 28, 30, 27, 26, 25, 24, 23, 22, 21, 20, 19, 18, 17, 16, 1, 2, 3, 13, 14, 15, 4, 5, 12, 10, 11, 8, 6, 0, 7, 9]",[31],"[31, 29, 28]","[31, 29, 28, 30, 27]",[],-0.16728925207257273,0.7592871469371021
evqa-pilot500,llava-v1.5-7b,alt,matched_gradient,raw,500,1.0,"[31, 29, 28, 30, 27, 26, 25, 24, 23, 22, 21, 20, 19, 18, 17, 16, 1, 2, 13, 14, 3, 15, 4, 5, 12, 11, 10, 8, 9, 6, 7, 0]",[31],"[31, 29, 28]","[31, 29, 28, 30, 27]",[],-0.12989686446075455,0.7102188594699792
evqa-pilot500,llava-v1.5-7b,alt,matched_gradient,tukey,500,1.0,"[31, 29, 28, 30, 27, 26, 25, 24, 23, 22, 21, 20, 19, 18, 17, 16, 1, 2, 13, 14, 3, 15, 4, 5, 12, 11, 10, 8, 9, 6, 7, 0]",[31],"[31, 29, 28]","[31, 29, 28, 30, 27]",[],-0.12989686446075455,0.7102188594699792
evqa-pilot500,llava-v1.5-7b,model_pred,matched_gradient,raw,500,1.0,"[31, 29, 28, 30, 27, 26, 25, 24, 23, 22, 21, 20, 19, 18, 17, 16, 1, 2, 13, 14, 15, 3, 4, 12, 11, 5, 10, 8, 9, 6, 7, 0]",[31],"[31, 29, 28]","[31, 29, 28, 30, 27]",[],-0.12409444579699586,0.7101733115217524
evqa-pilot500,llava-v1.5-7b,model_pred,matched_gradient,tukey,500,1.0,"[31, 29, 28, 30, 27, 26, 25, 24, 23, 22, 21, 20, 19, 18, 17, 16, 1, 2, 13, 14, 15, 3, 4, 12, 11, 5, 10, 8, 9, 6, 7, 0]",[31],"[31, 29, 28]","[31, 29, 28, 30, 27]",[],-0.12409444579699586,0.7101733115217524
evqa-pilot500,llava-v1.5-7b,none,available_train,raw,500,1.0,"[31, 29, 28, 30, 27, 26, 25, 24, 23, 22, 21, 20, 19, 18, 17, 16, 1, 2, 3, 13, 14, 15, 4, 5, 12, 10, 11, 8, 6, 0, 7, 9]",[31],"[31, 29, 28]","[31, 29, 28, 30, 27]",[],-0.16728925207257273,0.7592871469371021
evqa-pilot500,llava-v1.5-7b,none,available_train,tukey,500,1.0,"[31, 29, 28, 30, 27, 26, 25, 24, 23, 22, 21, 20, 19, 18, 17, 16, 1, 2, 3, 13, 14, 15, 4, 5, 12, 10, 11, 8, 6, 0, 7, 9]",[31],"[31, 29, 28]","[31, 29, 28, 30, 27]",[],-0.16728925207257273,0.7592871469371021
evqa-pilot500,llava-v1.5-7b,alt,available_train,raw,500,1.0,"[31, 29, 28, 30, 27, 26, 25, 24, 23, 22, 21, 20, 19, 18, 17, 16, 1, 2, 13, 14, 3, 15, 4, 5, 12, 11, 10, 8, 9, 6, 7, 0]",[31],"[31, 29, 28]","[31, 29, 28, 30, 27]",[],-0.12989686446075455,0.7102188594699792
evqa-pilot500,llava-v1.5-7b,alt,available_train,tukey,500,1.0,"[31, 29, 28, 30, 27, 26, 25, 24, 23, 22, 21, 20, 19, 18, 17, 16, 1, 2, 13, 14, 3, 15, 4, 5, 12, 11, 10, 8, 9, 6, 7, 0]",[31],"[31, 29, 28]","[31, 29, 28, 30, 27]",[],-0.12989686446075455,0.7102188594699792
evqa-pilot500,llava-v1.5-7b,model_pred,available_train,raw,500,1.0,"[31, 29, 28, 30, 27, 26, 25, 24, 23, 22, 21, 20, 19, 18, 17, 16, 1, 2, 13, 14, 15, 3, 4, 12, 11, 5, 10, 8, 9, 6, 7, 0]",[31],"[31, 29, 28]","[31, 29, 28, 30, 27]",[],-0.12409444579699586,0.7101733115217524
evqa-pilot500,llava-v1.5-7b,model_pred,available_train,tukey,500,1.0,"[31, 29, 28, 30, 27, 26, 25, 24, 23, 22, 21, 20, 19, 18, 17, 16, 1, 2, 13, 14, 15, 3, 4, 12, 11, 5, 10, 8, 9, 6, 7, 0]",[31],"[31, 29, 28]","[31, 29, 28, 30, 27]",[],-0.12409444579699586,0.7101733115217524
evqa-pilot500,qwen2.5-vl-3b,none,matched_gradient,raw,500,1.0,"[34, 33, 32, 31, 30, 29, 28, 27, 26, 21, 22, 25, 23, 20, 35, 24, 12, 19, 18, 13, 14, 16, 17, 15, 11, 1, 2, 10, 3, 4, 9, 5, 6, 8, 7, 0]",[34],"[34, 33, 32]","[34, 33, 32, 31, 30]",[],0.25244921875000004,0.796931640625
evqa-pilot500,qwen2.5-vl-3b,none,matched_gradient,tukey,500,1.0,"[33, 32, 31, 30, 29, 28, 27, 26, 21, 22, 25, 23, 20, 35, 24, 12, 19, 18, 13, 14, 16, 17, 15, 11, 1, 2, 10, 3, 4, 9, 5, 6, 8, 7]",[33],"[33, 32, 31]","[33, 32, 31, 30, 29]","[0, 34]",0.25244921875000004,0.796931640625
evqa-pilot500,qwen2.5-vl-3b,alt,matched_gradient,raw,500,1.0,"[34, 33, 32, 31, 30, 29, 28, 27, 26, 35, 21, 25, 22, 20, 23, 24, 19, 12, 18, 14, 13, 17, 16, 15, 11, 1, 2, 10, 3, 4, 9, 5, 6, 7, 8, 0]",[34],"[34, 33, 32]","[34, 33, 32, 31, 30]",[],0.2656973397614756,0.7771245912209535
evqa-pilot500,qwen2.5-vl-3b,alt,matched_gradient,tukey,500,1.0,"[33, 32, 31, 30, 29, 28, 27, 26, 35, 21, 25, 22, 20, 23, 24, 19, 12, 18, 14, 13, 17, 16, 15, 11, 1, 2, 10, 3, 4, 9, 5, 6, 7, 8]",[33],"[33, 32, 31]","[33, 32, 31, 30, 29]","[0, 34]",0.2656973397614756,0.7771245912209535
evqa-pilot500,qwen2.5-vl-3b,model_pred,matched_gradient,raw,500,1.0,"[34, 33, 32, 31, 30, 29, 28, 27, 35, 21, 25, 24, 23, 26, 22, 20, 19, 12, 18, 14, 13, 15, 17, 16, 11, 10, 1, 2, 3, 9, 4, 8, 7, 5, 6, 0]",[34],"[34, 33, 32]","[34, 33, 32, 31, 30]",[],0.2963387100491346,0.7287335907867516
evqa-pilot500,qwen2.5-vl-3b,model_pred,matched_gradient,tukey,500,1.0,"[31, 30, 29, 28, 27, 35, 21, 25, 24, 23, 26, 22, 20, 19, 12, 18, 14, 13, 15, 17, 16, 11, 10, 1, 2, 3, 9, 4, 8, 7, 5, 6]",[31],"[31, 30, 29]","[31, 30, 29, 28, 27]","[0, 32, 33, 34]",0.2963387100491346,0.7287335907867516
evqa-pilot500,qwen2.5-vl-3b,none,available_train,raw,500,1.0,"[34, 33, 32, 31, 30, 29, 28, 27, 26, 21, 22, 25, 23, 20, 35, 24, 12, 19, 18, 13, 14, 16, 17, 15, 11, 1, 2, 10, 3, 4, 9, 5, 6, 8, 7, 0]",[34],"[34, 33, 32]","[34, 33, 32, 31, 30]",[],0.25244921875000004,0.796931640625
evqa-pilot500,qwen2.5-vl-3b,none,available_train,tukey,500,1.0,"[33, 32, 31, 30, 29, 28, 27, 26, 21, 22, 25, 23, 20, 35, 24, 12, 19, 18, 13, 14, 16, 17, 15, 11, 1, 2, 10, 3, 4, 9, 5, 6, 8, 7]",[33],"[33, 32, 31]","[33, 32, 31, 30, 29]","[0, 34]",0.25244921875000004,0.796931640625
evqa-pilot500,qwen2.5-vl-3b,alt,available_train,raw,500,1.0,"[34, 33, 32, 31, 30, 29, 28, 27, 26, 35, 21, 25, 22, 20, 23, 24, 19, 12, 18, 14, 13, 17, 16, 15, 11, 1, 2, 10, 3, 4, 9, 5, 6, 7, 8, 0]",[34],"[34, 33, 32]","[34, 33, 32, 31, 30]",[],0.2656973397614756,0.7771245912209535
evqa-pilot500,qwen2.5-vl-3b,alt,available_train,tukey,500,1.0,"[33, 32, 31, 30, 29, 28, 27, 26, 35, 21, 25, 22, 20, 23, 24, 19, 12, 18, 14, 13, 17, 16, 15, 11, 1, 2, 10, 3, 4, 9, 5, 6, 7, 8]",[33],"[33, 32, 31]","[33, 32, 31, 30, 29]","[0, 34]",0.2656973397614756,0.7771245912209535
evqa-pilot500,qwen2.5-vl-3b,model_pred,available_train,raw,500,1.0,"[34, 33, 32, 31, 30, 29, 28, 27, 35, 21, 25, 24, 23, 26, 22, 20, 19, 12, 18, 14, 13, 15, 17, 16, 11, 10, 1, 2, 3, 9, 4, 8, 7, 5, 6, 0]",[34],"[34, 33, 32]","[34, 33, 32, 31, 30]",[],0.2963387100491346,0.7287335907867516
evqa-pilot500,qwen2.5-vl-3b,model_pred,available_train,tukey,500,1.0,"[31, 30, 29, 28, 27, 35, 21, 25, 24, 23, 26, 22, 20, 19, 12, 18, 14, 13, 15, 17, 16, 11, 10, 1, 2, 3, 9, 4, 8, 7, 5, 6]",[31],"[31, 30, 29]","[31, 30, 29, 28, 27]","[0, 32, 33, 34]",0.2963387100491346,0.7287335907867516
evqa-pilot500,paligemma-3b,none,matched_gradient,raw,500,1.0,"[2, 1, 3, 16, 4, 17, 5, 6, 7, 9, 0, 8, 10, 11, 12, 13, 14, 15]",[2],"[2, 1, 3]","[2, 1, 3, 16, 4]",[],0.8358789062499998,0.9550234375000002
evqa-pilot500,paligemma-3b,none,matched_gradient,tukey,500,1.0,"[2, 1, 3, 16, 4, 17, 5, 6, 7, 9, 0, 8, 10, 11, 12, 13, 14, 15]",[2],"[2, 1, 3]","[2, 1, 3, 16, 4]",[],0.8358789062499998,0.9550234375000002
evqa-pilot500,paligemma-3b,alt,matched_gradient,raw,500,1.0,"[2, 1, 3, 16, 17, 4, 5, 6, 7, 9, 8, 10, 11, 0, 12, 13, 14, 15]",[2],"[2, 1, 3]","[2, 1, 3, 16, 17]",[],0.82651251788576,0.9656053363953756
evqa-pilot500,paligemma-3b,alt,matched_gradient,tukey,500,1.0,"[2, 1, 3, 16, 17, 4, 5, 6, 7, 9, 8, 10, 11, 0, 12, 13, 14, 15]",[2],"[2, 1, 3]","[2, 1, 3, 16, 17]",[],0.82651251788576,0.9656053363953756
evqa-pilot500,paligemma-3b,model_pred,matched_gradient,raw,500,1.0,"[2, 1, 3, 16, 17, 4, 5, 6, 7, 9, 8, 10, 11, 0, 12, 13, 14, 15]",[2],"[2, 1, 3]","[2, 1, 3, 16, 17]",[],0.8337252994076235,0.9604458179515798
evqa-pilot500,paligemma-3b,model_pred,matched_gradient,tukey,500,1.0,"[2, 1, 3, 16, 17, 4, 5, 6, 7, 9, 8, 10, 11, 0, 12, 13, 14, 15]",[2],"[2, 1, 3]","[2, 1, 3, 16, 17]",[],0.8337252994076235,0.9604458179515798
evqa-pilot500,paligemma-3b,none,available_train,raw,500,1.0,"[2, 1, 3, 16, 4, 17, 5, 6, 7, 9, 0, 8, 10, 11, 12, 13, 14, 15]",[2],"[2, 1, 3]","[2, 1, 3, 16, 4]",[],0.8358789062499998,0.9550234375000002
evqa-pilot500,paligemma-3b,none,available_train,tukey,500,1.0,"[2, 1, 3, 16, 4, 17, 5, 6, 7, 9, 0, 8, 10, 11, 12, 13, 14, 15]",[2],"[2, 1, 3]","[2, 1, 3, 16, 4]",[],0.8358789062499998,0.9550234375000002
evqa-pilot500,paligemma-3b,alt,available_train,raw,500,1.0,"[2, 1, 3, 16, 17, 4, 5, 6, 7, 9, 8, 10, 11, 0, 12, 13, 14, 15]",[2],"[2, 1, 3]","[2, 1, 3, 16, 17]",[],0.82651251788576,0.9656053363953756
evqa-pilot500,paligemma-3b,alt,available_train,tukey,500,1.0,"[2, 1, 3, 16, 17, 4, 5, 6, 7, 9, 8, 10, 11, 0, 12, 13, 14, 15]",[2],"[2, 1, 3]","[2, 1, 3, 16, 17]",[],0.82651251788576,0.9656053363953756
evqa-pilot500,paligemma-3b,model_pred,available_train,raw,500,1.0,"[2, 1, 3, 16, 17, 4, 5, 6, 7, 9, 8, 10, 11, 0, 12, 13, 14, 15]",[2],"[2, 1, 3]","[2, 1, 3, 16, 17]",[],0.8337252994076235,0.9604458179515798
evqa-pilot500,paligemma-3b,model_pred,available_train,tukey,500,1.0,"[2, 1, 3, 16, 17, 4, 5, 6, 7, 9, 8, 10, 11, 0, 12, 13, 14, 15]",[2],"[2, 1, 3]","[2, 1, 3, 16, 17]",[],0.8337252994076235,0.9604458179515798
evqa-pilot500,smolvlm-1.7b,none,matched_gradient,raw,500,1.0,"[22, 21, 20, 19, 17, 18, 3, 16, 23, 5, 15, 2, 1, 6, 4, 7, 8, 14, 11, 13, 12, 9, 10, 0]",[22],"[22, 21, 20]","[22, 21, 20, 19, 17]",[],0.3498056640624999,0.65983984375
evqa-pilot500,smolvlm-1.7b,none,matched_gradient,tukey,500,1.0,"[20, 19, 17, 18, 3, 16, 23, 5, 15, 2, 1, 6, 4, 7, 8, 14, 11, 13, 12, 9, 10, 0]",[20],"[20, 19, 17]","[20, 19, 17, 18, 3]","[21, 22]",0.3498056640624999,0.65983984375
evqa-pilot500,smolvlm-1.7b,alt,matched_gradient,raw,500,1.0,"[22, 21, 19, 20, 17, 18, 5, 3, 16, 23, 6, 15, 4, 7, 1, 2, 8, 14, 11, 13, 12, 9, 10, 0]",[22],"[22, 21, 19]","[22, 21, 19, 20, 17]",[],0.40577923427483975,0.6131725802355197
evqa-pilot500,smolvlm-1.7b,alt,matched_gradient,tukey,500,1.0,"[19, 20, 17, 18, 5, 3, 16, 23, 6, 15, 4, 7, 1, 2, 8, 14, 11, 13, 12, 9, 10]",[19],"[19, 20, 17]","[19, 20, 17, 18, 5]","[0, 21, 22]",0.40577923427483975,0.6131725802355197
evqa-pilot500,smolvlm-1.7b,model_pred,matched_gradient,raw,500,1.0,"[22, 21, 20, 19, 17, 18, 16, 5, 8, 15, 6, 7, 23, 14, 4, 3, 12, 13, 11, 1, 2, 9, 10, 0]",[22],"[22, 21, 20]","[22, 21, 20, 19, 17]",[],0.41960002363901294,0.6200796216207837
evqa-pilot500,smolvlm-1.7b,model_pred,matched_gradient,tukey,500,1.0,"[17, 18, 16, 5, 8, 15, 6, 7, 23, 14, 4, 3, 12, 13, 11, 1, 2, 9, 10]",[17],"[17, 18, 16]","[17, 18, 16, 5, 8]","[0, 19, 20, 21, 22]",0.41960002363901294,0.6200796216207837
evqa-pilot500,smolvlm-1.7b,none,available_train,raw,500,1.0,"[22, 21, 20, 19, 17, 18, 3, 16, 23, 5, 15, 2, 1, 6, 4, 7, 8, 14, 11, 13, 12, 9, 10, 0]",[22],"[22, 21, 20]","[22, 21, 20, 19, 17]",[],0.3498056640624999,0.65983984375
evqa-pilot500,smolvlm-1.7b,none,available_train,tukey,500,1.0,"[20, 19, 17, 18, 3, 16, 23, 5, 15, 2, 1, 6, 4, 7, 8, 14, 11, 13, 12, 9, 10, 0]",[20],"[20, 19, 17]","[20, 19, 17, 18, 3]","[21, 22]",0.3498056640624999,0.65983984375
evqa-pilot500,smolvlm-1.7b,alt,available_train,raw,500,1.0,"[22, 21, 19, 20, 17, 18, 5, 3, 16, 23, 6, 15, 4, 7, 1, 2, 8, 14, 11, 13, 12, 9, 10, 0]",[22],"[22, 21, 19]","[22, 21, 19, 20, 17]",[],0.40577923427483975,0.6131725802355197
evqa-pilot500,smolvlm-1.7b,alt,available_train,tukey,500,1.0,"[19, 20, 17, 18, 5, 3, 16, 23, 6, 15, 4, 7, 1, 2, 8, 14, 11, 13, 12, 9, 10]",[19],"[19, 20, 17]","[19, 20, 17, 18, 5]","[0, 21, 22]",0.40577923427483975,0.6131725802355197
evqa-pilot500,smolvlm-1.7b,model_pred,available_train,raw,500,1.0,"[22, 21, 20, 19, 17, 18, 16, 5, 8, 15, 6, 7, 23, 14, 4, 3, 12, 13, 11, 1, 2, 9, 10, 0]",[22],"[22, 21, 20]","[22, 21, 20, 19, 17]",[],0.41960002363901294,0.6200796216207837
evqa-pilot500,smolvlm-1.7b,model_pred,available_train,tukey,500,1.0,"[17, 18, 16, 5, 8, 15, 6, 7, 23, 14, 4, 3, 12, 13, 11, 1, 2, 9, 10]",[17],"[17, 18, 16]","[17, 18, 16, 5, 8]","[0, 19, 20, 21, 22]",0.41960002363901294,0.6200796216207837
mmke-visual,blip2-opt-2.7b,none,matched_gradient,raw,175,0.8177570093457944,"[8, 6, 7, 5, 9, 3, 4, 10, 2, 11, 12, 13, 14, 1, 15, 16, 0, 17, 18, 19, 20, 21, 22, 23, 24, 25, 26, 27, 29, 30, 28, 31]",[8],"[8, 6, 7]","[8, 6, 7, 5, 9]",[],-0.18381430608885635,1.3685279254828182
mmke-visual,blip2-opt-2.7b,none,matched_gradient,tukey,175,0.8177570093457944,"[8, 6, 7, 5, 9, 3, 4, 10, 2, 11, 12, 13, 14, 1, 15, 16, 0, 17, 18, 19, 20, 21, 22, 23, 24, 25, 26, 27, 29, 30, 28, 31]",[8],"[8, 6, 7]","[8, 6, 7, 5, 9]",[],-0.18381430608885635,1.3685279254828182
mmke-visual,blip2-opt-2.7b,alt,matched_gradient,raw,175,0.8177570093457944,"[3, 5, 4, 6, 2, 7, 8, 9, 10, 11, 12, 1, 13, 14, 15, 0, 16, 17, 18, 19, 20, 21, 22, 23, 24, 25, 26, 27, 31, 28, 29, 30]",[3],"[3, 5, 4]","[3, 5, 4, 6, 2]",[],-0.06418270295250161,1.2777489615227002
mmke-visual,blip2-opt-2.7b,alt,matched_gradient,tukey,175,0.8177570093457944,"[3, 5, 4, 6, 2, 7, 8, 9, 10, 11, 12, 1, 13, 14, 15, 0, 16, 17, 18, 19, 20, 21, 22, 23, 24, 25, 26, 27, 31, 28, 29, 30]",[3],"[3, 5, 4]","[3, 5, 4, 6, 2]",[],-0.06418270295250161,1.2777489615227002
mmke-visual,blip2-opt-2.7b,model_pred,matched_gradient,raw,175,0.8177570093457944,"[5, 3, 6, 4, 7, 8, 9, 2, 10, 11, 12, 13, 1, 14, 15, 16, 0, 17, 18, 19, 20, 21, 22, 23, 24, 25, 26, 27, 29, 28, 30, 31]",[5],"[5, 3, 6]","[5, 3, 6, 4, 7]",[],-0.08595311806258366,1.3149080995067777
mmke-visual,blip2-opt-2.7b,model_pred,matched_gradient,tukey,175,0.8177570093457944,"[5, 3, 6, 4, 7, 8, 9, 2, 10, 11, 12, 13, 1, 14, 15, 16, 0, 17, 18, 19, 20, 21, 22, 23, 24, 25, 26, 27, 29, 28, 30, 31]",[5],"[5, 3, 6]","[5, 3, 6, 4, 7]",[],-0.08595311806258366,1.3149080995067777
mmke-visual,blip2-opt-2.7b,none,available_train,raw,214,1.0,"[8, 7, 6, 5, 9, 3, 4, 10, 2, 11, 12, 13, 14, 1, 15, 16, 0, 17, 18, 19, 20, 21, 22, 23, 25, 24, 26, 27, 29, 28, 30, 31]",[8],"[8, 7, 6]","[8, 7, 6, 5, 9]",[],-0.17143418772198338,1.3607170896204277
mmke-visual,blip2-opt-2.7b,none,available_train,tukey,214,1.0,"[8, 7, 6, 5, 9, 3, 4, 10, 2, 11, 12, 13, 14, 1, 15, 16, 0, 17, 18, 19, 20, 21, 22, 23, 25, 24, 26, 27, 29, 28, 30, 31]",[8],"[8, 7, 6]","[8, 7, 6, 5, 9]",[],-0.17143418772198338,1.3607170896204277
mmke-visual,blip2-opt-2.7b,alt,available_train,raw,214,1.0,"[3, 5, 4, 6, 2, 7, 8, 9, 10, 11, 12, 1, 13, 14, 15, 0, 16, 17, 18, 19, 20, 21, 22, 23, 24, 25, 26, 27, 28, 31, 29, 30]",[3],"[3, 5, 4]","[3, 5, 4, 6, 2]",[],-0.061505216890926695,1.274965099374718
mmke-visual,blip2-opt-2.7b,alt,available_train,tukey,214,1.0,"[3, 5, 4, 6, 2, 7, 8, 9, 10, 11, 12, 1, 13, 14, 15, 0, 16, 17, 18, 19, 20, 21, 22, 23, 24, 25, 26, 27, 28, 31, 29, 30]",[3],"[3, 5, 4]","[3, 5, 4, 6, 2]",[],-0.061505216890926695,1.274965099374718
mmke-visual,blip2-opt-2.7b,model_pred,available_train,raw,175,0.8177570093457944,"[5, 3, 6, 4, 7, 8, 9, 2, 10, 11, 12, 13, 1, 14, 15, 16, 0, 17, 18, 19, 20, 21, 22, 23, 24, 25, 26, 27, 29, 28, 30, 31]",[5],"[5, 3, 6]","[5, 3, 6, 4, 7]",[],-0.08595311806258366,1.3149080995067777
mmke-visual,blip2-opt-2.7b,model_pred,available_train,tukey,175,0.8177570093457944,"[5, 3, 6, 4, 7, 8, 9, 2, 10, 11, 12, 13, 1, 14, 15, 16, 0, 17, 18, 19, 20, 21, 22, 23, 24, 25, 26, 27, 29, 28, 30, 31]",[5],"[5, 3, 6]","[5, 3, 6, 4, 7]",[],-0.08595311806258366,1.3149080995067777
mmke-visual,instructblip-vicuna-7b,none,matched_gradient,raw,214,1.0,"[4, 14, 5, 6, 8, 13, 7, 10, 15, 12, 9, 16, 11, 17, 18, 19, 3, 2, 22, 20, 23, 21, 24, 25, 26, 27, 28, 29, 31, 30, 1, 0]",[4],"[4, 14, 5]","[4, 14, 5, 6, 8]",[],0.7297184360083018,0.8518717967878993
mmke-visual,instructblip-vicuna-7b,none,matched_gradient,tukey,214,1.0,"[4, 14, 5, 6, 8, 13, 7, 10, 15, 12, 9, 16, 11, 17, 18, 19, 3, 2, 22, 20, 23, 21, 24, 25, 26, 27, 28, 29]",[4],"[4, 14, 5]","[4, 14, 5, 6, 8]","[0, 1, 30, 31]",0.7297184360083018,0.8518717967878993
mmke-visual,instructblip-vicuna-7b,alt,matched_gradient,raw,214,1.0,"[14, 10, 8, 13, 12, 11, 9, 6, 7, 4, 5, 15, 16, 17, 3, 2, 18, 19, 20, 21, 22, 23, 24, 25, 26, 27, 28, 29, 31, 30, 1, 0]",[14],"[14, 10, 8]","[14, 10, 8, 13, 12]",[],0.5856193545629653,0.9452725902298638
mmke-visual,instructblip-vicuna-7b,alt,matched_gradient,tukey,214,1.0,"[14, 10, 8, 13, 12, 11, 9, 6, 7, 4, 5, 15, 16, 17, 3, 2, 18, 19, 20, 21, 22, 23, 24, 25, 26, 27, 28, 29]",[14],"[14, 10, 8]","[14, 10, 8, 13, 12]","[0, 1, 30, 31]",0.5856193545629653,0.9452725902298638
mmke-visual,instructblip-vicuna-7b,model_pred,matched_gradient,raw,214,1.0,"[14, 4, 5, 6, 8, 13, 7, 10, 12, 15, 9, 16, 11, 17, 18, 3, 19, 2, 20, 22, 21, 23, 24, 25, 26, 27, 28, 29, 31, 30, 1, 0]",[14],"[14, 4, 5]","[14, 4, 5, 6, 8]",[],0.7186940134267941,0.8597995357883869
mmke-visual,instructblip-vicuna-7b,model_pred,matched_gradient,tukey,214,1.0,"[14, 4, 5, 6, 8, 13, 7, 10, 12, 15, 9, 16, 11, 17, 18, 3, 19, 2, 20, 22, 21, 23, 24, 25, 26, 27, 28, 29]",[14],"[14, 4, 5]","[14, 4, 5, 6, 8]","[0, 1, 30, 31]",0.7186940134267941,0.8597995357883869
mmke-visual,instructblip-vicuna-7b,none,available_train,raw,214,1.0,"[4, 14, 5, 6, 8, 13, 7, 10, 15, 12, 9, 16, 11, 17, 18, 19, 3, 2, 22, 20, 23, 21, 24, 25, 26, 27, 28, 29, 31, 30, 1, 0]",[4],"[4, 14, 5]","[4, 14, 5, 6, 8]",[],0.7297184360083018,0.8518717967878993
mmke-visual,instructblip-vicuna-7b,none,available_train,tukey,214,1.0,"[4, 14, 5, 6, 8, 13, 7, 10, 15, 12, 9, 16, 11, 17, 18, 19, 3, 2, 22, 20, 23, 21, 24, 25, 26, 27, 28, 29]",[4],"[4, 14, 5]","[4, 14, 5, 6, 8]","[0, 1, 30, 31]",0.7297184360083018,0.8518717967878993
mmke-visual,instructblip-vicuna-7b,alt,available_train,raw,214,1.0,"[14, 10, 8, 13, 12, 11, 9, 6, 7, 4, 5, 15, 16, 17, 3, 2, 18, 19, 20, 21, 22, 23, 24, 25, 26, 27, 28, 29, 31, 30, 1, 0]",[14],"[14, 10, 8]","[14, 10, 8, 13, 12]",[],0.5856193545629653,0.9452725902298638
mmke-visual,instructblip-vicuna-7b,alt,available_train,tukey,214,1.0,"[14, 10, 8, 13, 12, 11, 9, 6, 7, 4, 5, 15, 16, 17, 3, 2, 18, 19, 20, 21, 22, 23, 24, 25, 26, 27, 28, 29]",[14],"[14, 10, 8]","[14, 10, 8, 13, 12]","[0, 1, 30, 31]",0.5856193545629653,0.9452725902298638
mmke-visual,instructblip-vicuna-7b,model_pred,available_train,raw,214,1.0,"[14, 4, 5, 6, 8, 13, 7, 10, 12, 15, 9, 16, 11, 17, 18, 3, 19, 2, 20, 22, 21, 23, 24, 25, 26, 27, 28, 29, 31, 30, 1, 0]",[14],"[14, 4, 5]","[14, 4, 5, 6, 8]",[],0.7186940134267941,0.8597995357883869
mmke-visual,instructblip-vicuna-7b,model_pred,available_train,tukey,214,1.0,"[14, 4, 5, 6, 8, 13, 7, 10, 12, 15, 9, 16, 11, 17, 18, 3, 19, 2, 20, 22, 21, 23, 24, 25, 26, 27, 28, 29]",[14],"[14, 4, 5]","[14, 4, 5, 6, 8]","[0, 1, 30, 31]",0.7186940134267941,0.8597995357883869
mmke-visual,minigpt-4-vicuna-7b,none,matched_gradient,raw,214,1.0,"[29, 28, 27, 30, 26, 25, 24, 23, 22, 31, 21, 20, 19, 18, 17, 16, 15, 14, 13, 12, 0, 11, 3, 10, 6, 1, 7, 2, 9, 8, 4, 5]",[29],"[29, 28, 27]","[29, 28, 27, 30, 26]",[],-0.17736925827078176,0.7099268785199133
mmke-visual,minigpt-4-vicuna-7b,none,matched_gradient,tukey,214,1.0,"[29, 28, 27, 30, 26, 25, 24, 23, 22, 31, 21, 20, 19, 18, 17, 16, 15, 14, 13, 12, 0, 11, 3, 10, 6, 1, 7, 2, 9, 8, 4, 5]",[29],"[29, 28, 27]","[29, 28, 27, 30, 26]",[],-0.17736925827078176,0.7099268785199133
mmke-visual,minigpt-4-vicuna-7b,alt,matched_gradient,raw,214,1.0,"[29, 28, 30, 27, 26, 25, 24, 31, 23, 22, 21, 20, 19, 18, 17, 16, 15, 14, 13, 12, 6, 7, 5, 10, 8, 11, 0, 3, 9, 2, 4, 1]",[29],"[29, 28, 30]","[29, 28, 30, 27, 26]",[],-0.047788378913151575,0.5077645295311649
mmke-visual,minigpt-4-vicuna-7b,alt,matched_gradient,tukey,214,1.0,"[29, 28, 30, 27, 26, 25, 24, 31, 23, 22, 21, 20, 19, 18, 17, 16, 15, 14, 13, 12, 6, 7, 5, 10, 8, 11, 0, 3, 9, 2, 4, 1]",[29],"[29, 28, 30]","[29, 28, 30, 27, 26]",[],-0.047788378913151575,0.5077645295311649
mmke-visual,minigpt-4-vicuna-7b,model_pred,matched_gradient,raw,214,1.0,"[29, 28, 30, 27, 26, 25, 24, 23, 31, 22, 21, 20, 19, 18, 17, 16, 15, 14, 13, 12, 6, 11, 7, 10, 8, 5, 9, 3, 0, 4, 2, 1]",[29],"[29, 28, 30]","[29, 28, 30, 27, 26]",[],-0.06049682067733603,0.5767007933569521
mmke-visual,minigpt-4-vicuna-7b,model_pred,matched_gradient,tukey,214,1.0,"[29, 28, 30, 27, 26, 25, 24, 23, 31, 22, 21, 20, 19, 18, 17, 16, 15, 14, 13, 12, 6, 11, 7, 10, 8, 5, 9, 3, 0, 4, 2, 1]",[29],"[29, 28, 30]","[29, 28, 30, 27, 26]",[],-0.06049682067733603,0.5767007933569521
mmke-visual,minigpt-4-vicuna-7b,none,available_train,raw,214,1.0,"[29, 28, 27, 30, 26, 25, 24, 23, 22, 31, 21, 20, 19, 18, 17, 16, 15, 14, 13, 12, 0, 11, 3, 10, 6, 1, 7, 2, 9, 8, 4, 5]",[29],"[29, 28, 27]","[29, 28, 27, 30, 26]",[],-0.17736925827078176,0.7099268785199133
mmke-visual,minigpt-4-vicuna-7b,none,available_train,tukey,214,1.0,"[29, 28, 27, 30, 26, 25, 24, 23, 22, 31, 21, 20, 19, 18, 17, 16, 15, 14, 13, 12, 0, 11, 3, 10, 6, 1, 7, 2, 9, 8, 4, 5]",[29],"[29, 28, 27]","[29, 28, 27, 30, 26]",[],-0.17736925827078176,0.7099268785199133
mmke-visual,minigpt-4-vicuna-7b,alt,available_train,raw,214,1.0,"[29, 28, 30, 27, 26, 25, 24, 31, 23, 22, 21, 20, 19, 18, 17, 16, 15, 14, 13, 12, 6, 7, 5, 10, 8, 11, 0, 3, 9, 2, 4, 1]",[29],"[29, 28, 30]","[29, 28, 30, 27, 26]",[],-0.047788378913151575,0.5077645295311649
mmke-visual,minigpt-4-vicuna-7b,alt,available_train,tukey,214,1.0,"[29, 28, 30, 27, 26, 25, 24, 31, 23, 22, 21, 20, 19, 18, 17, 16, 15, 14, 13, 12, 6, 7, 5, 10, 8, 11, 0, 3, 9, 2, 4, 1]",[29],"[29, 28, 30]","[29, 28, 30, 27, 26]",[],-0.047788378913151575,0.5077645295311649
mmke-visual,minigpt-4-vicuna-7b,model_pred,available_train,raw,214,1.0,"[29, 28, 30, 27, 26, 25, 24, 23, 31, 22, 21, 20, 19, 18, 17, 16, 15, 14, 13, 12, 6, 11, 7, 10, 8, 5, 9, 3, 0, 4, 2, 1]",[29],"[29, 28, 30]","[29, 28, 30, 27, 26]",[],-0.06049682067733603,0.5767007933569521
mmke-visual,minigpt-4-vicuna-7b,model_pred,available_train,tukey,214,1.0,"[29, 28, 30, 27, 26, 25, 24, 23, 31, 22, 21, 20, 19, 18, 17, 16, 15, 14, 13, 12, 6, 11, 7, 10, 8, 5, 9, 3, 0, 4, 2, 1]",[29],"[29, 28, 30]","[29, 28, 30, 27, 26]",[],-0.06049682067733603,0.5767007933569521
mmke-visual,llava-v1.5-7b,none,matched_gradient,raw,214,1.0,"[31, 29, 28, 26, 27, 30, 24, 25, 23, 22, 21, 20, 19, 18, 17, 16, 1, 2, 15, 3, 14, 13, 4, 5, 12, 11, 10, 6, 8, 7, 0, 9]",[31],"[31, 29, 28]","[31, 29, 28, 26, 27]",[],-0.13497225646904415,0.6987813174916065
mmke-visual,llava-v1.5-7b,none,matched_gradient,tukey,214,1.0,"[31, 29, 28, 26, 27, 30, 24, 25, 23, 22, 21, 20, 19, 18, 17, 16, 1, 2, 15, 3, 14, 13, 4, 5, 12, 11, 10, 6, 8, 7, 0, 9]",[31],"[31, 29, 28]","[31, 29, 28, 26, 27]",[],-0.13497225646904415,0.6987813174916065
mmke-visual,llava-v1.5-7b,alt,matched_gradient,raw,214,1.0,"[31, 29, 30, 28, 27, 26, 24, 25, 23, 22, 21, 20, 19, 18, 17, 16, 2, 1, 13, 3, 15, 14, 4, 12, 11, 5, 10, 8, 9, 6, 7, 0]",[31],"[31, 29, 30]","[31, 29, 30, 28, 27]",[],-0.039298430541228224,0.55242101016466
mmke-visual,llava-v1.5-7b,alt,matched_gradient,tukey,214,1.0,"[29, 30, 28, 27, 26, 24, 25, 23, 22, 21, 20, 19, 18, 17, 16, 2, 1, 13, 3, 15, 14, 4, 12, 11, 5, 10, 8, 9, 6, 7, 0]",[29],"[29, 30, 28]","[29, 30, 28, 27, 26]",[31],-0.039298430541228224,0.55242101016466
mmke-visual,llava-v1.5-7b,model_pred,matched_gradient,raw,214,1.0,"[31, 29, 28, 30, 26, 27, 24, 25, 23, 22, 21, 20, 19, 18, 17, 16, 13, 15, 14, 2, 1, 3, 12, 4, 11, 5, 10, 8, 6, 9, 7, 0]",[31],"[31, 29, 28]","[31, 29, 28, 30, 26]",[],-0.08567166701085649,0.657972562905503
mmke-visual,llava-v1.5-7b,model_pred,matched_gradient,tukey,214,1.0,"[31, 29, 28, 30, 26, 27, 24, 25, 23, 22, 21, 20, 19, 18, 17, 16, 13, 15, 14, 2, 1, 3, 12, 4, 11, 5, 10, 8, 6, 9, 7, 0]",[31],"[31, 29, 28]","[31, 29, 28, 30, 26]",[],-0.08567166701085649,0.657972562905503
mmke-visual,llava-v1.5-7b,none,available_train,raw,214,1.0,"[31, 29, 28, 26, 27, 30, 24, 25, 23, 22, 21, 20, 19, 18, 17, 16, 1, 2, 15, 3, 14, 13, 4, 5, 12, 11, 10, 6, 8, 7, 0, 9]",[31],"[31, 29, 28]","[31, 29, 28, 26, 27]",[],-0.13497225646904415,0.6987813174916065
mmke-visual,llava-v1.5-7b,none,available_train,tukey,214,1.0,"[31, 29, 28, 26, 27, 30, 24, 25, 23, 22, 21, 20, 19, 18, 17, 16, 1, 2, 15, 3, 14, 13, 4, 5, 12, 11, 10, 6, 8, 7, 0, 9]",[31],"[31, 29, 28]","[31, 29, 28, 26, 27]",[],-0.13497225646904415,0.6987813174916065
mmke-visual,llava-v1.5-7b,alt,available_train,raw,214,1.0,"[31, 29, 30, 28, 27, 26, 24, 25, 23, 22, 21, 20, 19, 18, 17, 16, 2, 1, 13, 3, 15, 14, 4, 12, 11, 5, 10, 8, 9, 6, 7, 0]",[31],"[31, 29, 30]","[31, 29, 30, 28, 27]",[],-0.039298430541228224,0.55242101016466
mmke-visual,llava-v1.5-7b,alt,available_train,tukey,214,1.0,"[29, 30, 28, 27, 26, 24, 25, 23, 22, 21, 20, 19, 18, 17, 16, 2, 1, 13, 3, 15, 14, 4, 12, 11, 5, 10, 8, 9, 6, 7, 0]",[29],"[29, 30, 28]","[29, 30, 28, 27, 26]",[31],-0.039298430541228224,0.55242101016466
mmke-visual,llava-v1.5-7b,model_pred,available_train,raw,214,1.0,"[31, 29, 28, 30, 26, 27, 24, 25, 23, 22, 21, 20, 19, 18, 17, 16, 13, 15, 14, 2, 1, 3, 12, 4, 11, 5, 10, 8, 6, 9, 7, 0]",[31],"[31, 29, 28]","[31, 29, 28, 30, 26]",[],-0.08567166701085649,0.657972562905503
mmke-visual,llava-v1.5-7b,model_pred,available_train,tukey,214,1.0,"[31, 29, 28, 30, 26, 27, 24, 25, 23, 22, 21, 20, 19, 18, 17, 16, 13, 15, 14, 2, 1, 3, 12, 4, 11, 5, 10, 8, 6, 9, 7, 0]",[31],"[31, 29, 28]","[31, 29, 28, 30, 26]",[],-0.08567166701085649,0.657972562905503
mmke-visual,qwen2.5-vl-3b,none,matched_gradient,raw,214,1.0,"[34, 33, 32, 31, 30, 29, 28, 27, 26, 25, 21, 23, 24, 20, 22, 19, 12, 18, 13, 17, 16, 14, 15, 11, 1, 2, 10, 3, 35, 4, 9, 5, 8, 6, 7, 0]",[34],"[34, 33, 32]","[34, 33, 32, 31, 30]",[],0.19536041544976634,0.851665175963785
mmke-visual,qwen2.5-vl-3b,none,matched_gradient,tukey,214,1.0,"[34, 33, 32, 31, 30, 29, 28, 27, 26, 25, 21, 23, 24, 20, 22, 19, 12, 18, 13, 17, 16, 14, 15, 11, 1, 2, 10, 3, 35, 4, 9, 5, 8, 6, 7]",[34],"[34, 33, 32]","[34, 33, 32, 31, 30]",[0],0.19536041544976634,0.851665175963785
mmke-visual,qwen2.5-vl-3b,alt,matched_gradient,raw,214,1.0,"[34, 33, 32, 31, 30, 29, 28, 27, 26, 25, 23, 24, 21, 22, 20, 18, 19, 12, 14, 13, 15, 17, 16, 11, 10, 1, 35, 2, 9, 3, 8, 7, 4, 6, 5, 0]",[34],"[34, 33, 32]","[34, 33, 32, 31, 30]",[],0.24008170400374274,0.7482529942570768
mmke-visual,qwen2.5-vl-3b,alt,matched_gradient,tukey,214,1.0,"[32, 31, 30, 29, 28, 27, 26, 25, 23, 24, 21, 22, 20, 18, 19, 12, 14, 13, 15, 17, 16, 11, 10, 1, 35, 2, 9, 3, 8, 7, 4, 6, 5]",[32],"[32, 31, 30]","[32, 31, 30, 29, 28]","[0, 33, 34]",0.24008170400374274,0.7482529942570768
mmke-visual,qwen2.5-vl-3b,model_pred,matched_gradient,raw,214,1.0,"[34, 33, 32, 31, 30, 28, 29, 27, 26, 25, 21, 23, 24, 22, 20, 18, 19, 12, 13, 14, 17, 16, 15, 11, 10, 1, 35, 2, 9, 3, 8, 4, 7, 6, 5, 0]",[34],"[34, 33, 32]","[34, 33, 32, 31, 30]",[],0.2317307004198308,0.7902601961609794
mmke-visual,qwen2.5-vl-3b,model_pred,matched_gradient,tukey,214,1.0,"[33, 32, 31, 30, 28, 29, 27, 26, 25, 21, 23, 24, 22, 20, 18, 19, 12, 13, 14, 17, 16, 15, 11, 10, 1, 35, 2, 9, 3, 8, 4, 7, 6, 5]",[33],"[33, 32, 31]","[33, 32, 31, 30, 28]","[0, 34]",0.2317307004198308,0.7902601961609794
mmke-visual,qwen2.5-vl-3b,none,available_train,raw,214,1.0,"[34, 33, 32, 31, 30, 29, 28, 27, 26, 25, 21, 23, 24, 20, 22, 19, 12, 18, 13, 17, 16, 14, 15, 11, 1, 2, 10, 3, 35, 4, 9, 5, 8, 6, 7, 0]",[34],"[34, 33, 32]","[34, 33, 32, 31, 30]",[],0.19536041544976634,0.851665175963785
mmke-visual,qwen2.5-vl-3b,none,available_train,tukey,214,1.0,"[34, 33, 32, 31, 30, 29, 28, 27, 26, 25, 21, 23, 24, 20, 22, 19, 12, 18, 13, 17, 16, 14, 15, 11, 1, 2, 10, 3, 35, 4, 9, 5, 8, 6, 7]",[34],"[34, 33, 32]","[34, 33, 32, 31, 30]",[0],0.19536041544976634,0.851665175963785
mmke-visual,qwen2.5-vl-3b,alt,available_train,raw,214,1.0,"[34, 33, 32, 31, 30, 29, 28, 27, 26, 25, 23, 24, 21, 22, 20, 18, 19, 12, 14, 13, 15, 17, 16, 11, 10, 1, 35, 2, 9, 3, 8, 7, 4, 6, 5, 0]",[34],"[34, 33, 32]","[34, 33, 32, 31, 30]",[],0.24008170400374274,0.7482529942570768
mmke-visual,qwen2.5-vl-3b,alt,available_train,tukey,214,1.0,"[32, 31, 30, 29, 28, 27, 26, 25, 23, 24, 21, 22, 20, 18, 19, 12, 14, 13, 15, 17, 16, 11, 10, 1, 35, 2, 9, 3, 8, 7, 4, 6, 5]",[32],"[32, 31, 30]","[32, 31, 30, 29, 28]","[0, 33, 34]",0.24008170400374274,0.7482529942570768
mmke-visual,qwen2.5-vl-3b,model_pred,available_train,raw,214,1.0,"[34, 33, 32, 31, 30, 28, 29, 27, 26, 25, 21, 23, 24, 22, 20, 18, 19, 12, 13, 14, 17, 16, 15, 11, 10, 1, 35, 2, 9, 3, 8, 4, 7, 6, 5, 0]",[34],"[34, 33, 32]","[34, 33, 32, 31, 30]",[],0.2317307004198308,0.7902601961609794
mmke-visual,qwen2.5-vl-3b,model_pred,available_train,tukey,214,1.0,"[33, 32, 31, 30, 28, 29, 27, 26, 25, 21, 23, 24, 22, 20, 18, 19, 12, 13, 14, 17, 16, 15, 11, 10, 1, 35, 2, 9, 3, 8, 4, 7, 6, 5]",[33],"[33, 32, 31]","[33, 32, 31, 30, 28]","[0, 34]",0.2317307004198308,0.7902601961609794
mmke-visual,paligemma-3b,none,matched_gradient,raw,214,1.0,"[2, 1, 3, 4, 5, 16, 6, 7, 8, 9, 17, 0, 10, 11, 12, 13, 14, 15]",[2],"[2, 1, 3]","[2, 1, 3, 4, 5]",[],0.8357093311915889,0.9486118209696262
mmke-visual,paligemma-3b,none,matched_gradient,tukey,214,1.0,"[2, 1, 3, 4, 5, 16, 6, 7, 8, 9, 17, 0, 10, 11, 12, 13, 14, 15]",[2],"[2, 1, 3]","[2, 1, 3, 4, 5]",[],0.8357093311915889,0.9486118209696262
mmke-visual,paligemma-3b,alt,matched_gradient,raw,214,1.0,"[2, 3, 17, 4, 1, 5, 16, 6, 7, 8, 9, 10, 11, 12, 14, 13, 15, 0]",[2],"[2, 3, 17]","[2, 3, 17, 4, 1]",[],0.8085035707240721,0.9536050447976067
mmke-visual,paligemma-3b,alt,matched_gradient,tukey,214,1.0,"[2, 3, 17, 4, 1, 5, 16, 6, 7, 8, 9, 10, 11, 12, 14, 13, 15, 0]",[2],"[2, 3, 17]","[2, 3, 17, 4, 1]",[],0.8085035707240721,0.9536050447976067
mmke-visual,paligemma-3b,model_pred,matched_gradient,raw,214,1.0,"[2, 3, 1, 4, 5, 16, 6, 17, 7, 8, 9, 10, 11, 0, 12, 13, 14, 15]",[2],"[2, 3, 1]","[2, 3, 1, 4, 5]",[],0.8201011839102421,0.9531195676104479
mmke-visual,paligemma-3b,model_pred,matched_gradient,tukey,214,1.0,"[2, 3, 1, 4, 5, 16, 6, 17, 7, 8, 9, 10, 11, 0, 12, 13, 14, 15]",[2],"[2, 3, 1]","[2, 3, 1, 4, 5]",[],0.8201011839102421,0.9531195676104479
mmke-visual,paligemma-3b,none,available_train,raw,214,1.0,"[2, 1, 3, 4, 5, 16, 6, 7, 8, 9, 17, 0, 10, 11, 12, 13, 14, 15]",[2],"[2, 1, 3]","[2, 1, 3, 4, 5]",[],0.8357093311915889,0.9486118209696262
mmke-visual,paligemma-3b,none,available_train,tukey,214,1.0,"[2, 1, 3, 4, 5, 16, 6, 7, 8, 9, 17, 0, 10, 11, 12, 13, 14, 15]",[2],"[2, 1, 3]","[2, 1, 3, 4, 5]",[],0.8357093311915889,0.9486118209696262
mmke-visual,paligemma-3b,alt,available_train,raw,214,1.0,"[2, 3, 17, 4, 1, 5, 16, 6, 7, 8, 9, 10, 11, 12, 14, 13, 15, 0]",[2],"[2, 3, 17]","[2, 3, 17, 4, 1]",[],0.8085035707240721,0.9536050447976067
mmke-visual,paligemma-3b,alt,available_train,tukey,214,1.0,"[2, 3, 17, 4, 1, 5, 16, 6, 7, 8, 9, 10, 11, 12, 14, 13, 15, 0]",[2],"[2, 3, 17]","[2, 3, 17, 4, 1]",[],0.8085035707240721,0.9536050447976067
mmke-visual,paligemma-3b,model_pred,available_train,raw,214,1.0,"[2, 3, 1, 4, 5, 16, 6, 17, 7, 8, 9, 10, 11, 0, 12, 13, 14, 15]",[2],"[2, 3, 1]","[2, 3, 1, 4, 5]",[],0.8201011839102421,0.9531195676104479
mmke-visual,paligemma-3b,model_pred,available_train,tukey,214,1.0,"[2, 3, 1, 4, 5, 16, 6, 17, 7, 8, 9, 10, 11, 0, 12, 13, 14, 15]",[2],"[2, 3, 1]","[2, 3, 1, 4, 5]",[],0.8201011839102421,0.9531195676104479
mmke-visual,smolvlm-1.7b,none,matched_gradient,raw,214,1.0,"[22, 21, 20, 19, 17, 18, 3, 16, 5, 2, 1, 23, 6, 15, 4, 7, 14, 13, 11, 12, 8, 0, 9, 10]",[22],"[22, 21, 20]","[22, 21, 20, 19, 17]",[],0.27698552497079443,0.6894211813668224
mmke-visual,smolvlm-1.7b,none,matched_gradient,tukey,214,1.0,"[22, 21, 20, 19, 17, 18, 3, 16, 5, 2, 1, 23, 6, 15, 4, 7, 14, 13, 11, 12, 8, 0, 9, 10]",[22],"[22, 21, 20]","[22, 21, 20, 19, 17]",[],0.27698552497079443,0.6894211813668224
mmke-visual,smolvlm-1.7b,alt,matched_gradient,raw,214,1.0,"[22, 21, 20, 19, 8, 5, 18, 6, 17, 7, 16, 4, 15, 14, 12, 3, 9, 13, 11, 1, 2, 10, 23, 0]",[22],"[22, 21, 20]","[22, 21, 20, 19, 8]",[],0.38461294371166743,0.6343375892531247
mmke-visual,smolvlm-1.7b,alt,matched_gradient,tukey,214,1.0,"[20, 19, 8, 5, 18, 6, 17, 7, 16, 4, 15, 14, 12, 3, 9, 13, 11, 1, 2, 10, 23]",[20],"[20, 19, 8]","[20, 19, 8, 5, 18]","[0, 21, 22]",0.38461294371166743,0.6343375892531247
mmke-visual,smolvlm-1.7b,model_pred,matched_gradient,raw,214,1.0,"[22, 21, 20, 19, 17, 18, 16, 8, 6, 5, 15, 7, 14, 4, 12, 23, 13, 11, 3, 9, 10, 2, 1, 0]",[22],"[22, 21, 20]","[22, 21, 20, 19, 17]",[],0.41029059744652085,0.6424235246490126
mmke-visual,smolvlm-1.7b,model_pred,matched_gradient,tukey,214,1.0,"[20, 19, 17, 18, 16, 8, 6, 5, 15, 7, 14, 4, 12, 23, 13, 11, 3, 9, 10, 2, 1]",[20],"[20, 19, 17]","[20, 19, 17, 18, 16]","[0, 21, 22]",0.41029059744652085,0.6424235246490126
mmke-visual,smolvlm-1.7b,none,available_train,raw,214,1.0,"[22, 21, 20, 19, 17, 18, 3, 16, 5, 2, 1, 23, 6, 15, 4, 7, 14, 13, 11, 12, 8, 0, 9, 10]",[22],"[22, 21, 20]","[22, 21, 20, 19, 17]",[],0.27698552497079443,0.6894211813668224
mmke-visual,smolvlm-1.7b,none,available_train,tukey,214,1.0,"[22, 21, 20, 19, 17, 18, 3, 16, 5, 2, 1, 23, 6, 15, 4, 7, 14, 13, 11, 12, 8, 0, 9, 10]",[22],"[22, 21, 20]","[22, 21, 20, 19, 17]",[],0.27698552497079443,0.6894211813668224
mmke-visual,smolvlm-1.7b,alt,available_train,raw,214,1.0,"[22, 21, 20, 19, 8, 5, 18, 6, 17, 7, 16, 4, 15, 14, 12, 3, 9, 13, 11, 1, 2, 10, 23, 0]",[22],"[22, 21, 20]","[22, 21, 20, 19, 8]",[],0.38461294371166743,0.6343375892531247
mmke-visual,smolvlm-1.7b,alt,available_train,tukey,214,1.0,"[20, 19, 8, 5, 18, 6, 17, 7, 16, 4, 15, 14, 12, 3, 9, 13, 11, 1, 2, 10, 23]",[20],"[20, 19, 8]","[20, 19, 8, 5, 18]","[0, 21, 22]",0.38461294371166743,0.6343375892531247
mmke-visual,smolvlm-1.7b,model_pred,available_train,raw,214,1.0,"[22, 21, 20, 19, 17, 18, 16, 8, 6, 5, 15, 7, 14, 4, 12, 23, 13, 11, 3, 9, 10, 2, 1, 0]",[22],"[22, 21, 20]","[22, 21, 20, 19, 17]",[],0.41029059744652085,0.6424235246490126
mmke-visual,smolvlm-1.7b,model_pred,available_train,tukey,214,1.0,"[20, 19, 17, 18, 16, 8, 6, 5, 15, 7, 14, 4, 12, 23, 13, 11, 3, 9, 10, 2, 1]",[20],"[20, 19, 17]","[20, 19, 17, 18, 16]","[0, 21, 22]",0.41029059744652085,0.6424235246490126
mmke-entity,blip2-opt-2.7b,none,matched_gradient,raw,284,0.44654088050314467,"[8, 7, 6, 5, 9, 3, 4, 10, 2, 11, 12, 13, 14, 1, 15, 16, 0, 17, 18, 19, 20, 21, 22, 23, 24, 25, 26, 27, 29, 28, 31, 30]",[8],"[8, 7, 6]","[8, 7, 6, 5, 9]",[],-0.08123920380439542,1.3153038435208964
mmke-entity,blip2-opt-2.7b,none,matched_gradient,tukey,284,0.44654088050314467,"[8, 7, 6, 5, 9, 3, 4, 10, 2, 11, 12, 13, 14, 1, 15, 16, 0, 17, 18, 19, 20, 21, 22, 23, 24, 25, 26, 27, 29, 28, 31, 30]",[8],"[8, 7, 6]","[8, 7, 6, 5, 9]",[],-0.08123920380439542,1.3153038435208964
mmke-entity,blip2-opt-2.7b,alt,matched_gradient,raw,284,0.44654088050314467,"[3, 2, 4, 5, 6, 7, 8, 9, 10, 11, 1, 12, 13, 14, 0, 15, 16, 17, 18, 19, 20, 21, 22, 23, 24, 25, 26, 27, 28, 29, 31, 30]",[3],"[3, 2, 4]","[3, 2, 4, 5, 6]",[],-0.09857068480687026,1.2782183231025321
mmke-entity,blip2-opt-2.7b,alt,matched_gradient,tukey,284,0.44654088050314467,"[3, 2, 4, 5, 6, 7, 8, 9, 10, 11, 1, 12, 13, 14, 0, 15, 16, 17, 18, 19, 20, 21, 22, 23, 24, 25, 26, 27, 28, 29, 31, 30]",[3],"[3, 2, 4]","[3, 2, 4, 5, 6]",[],-0.09857068480687026,1.2782183231025321
mmke-entity,blip2-opt-2.7b,model_pred,matched_gradient,raw,284,0.44654088050314467,"[3, 5, 4, 6, 2, 7, 8, 9, 10, 11, 12, 1, 13, 14, 15, 0, 16, 17, 18, 19, 20, 21, 22, 23, 24, 25, 26, 27, 28, 29, 30, 31]",[3],"[3, 5, 4]","[3, 5, 4, 6, 2]",[],-0.0059975524302404715,1.245376874073969
mmke-entity,blip2-opt-2.7b,model_pred,matched_gradient,tukey,284,0.44654088050314467,"[3, 5, 4, 6, 2, 7, 8, 9, 10, 11, 12, 1, 13, 14, 15, 0, 16, 17, 18, 19, 20, 21, 22, 23, 24, 25, 26, 27, 28, 29, 30, 31]",[3],"[3, 5, 4]","[3, 5, 4, 6, 2]",[],-0.0059975524302404715,1.245376874073969
mmke-entity,blip2-opt-2.7b,none,available_train,raw,636,1.0,"[8, 7, 6, 5, 9, 3, 4, 10, 2, 11, 12, 13, 14, 1, 15, 16, 0, 17, 18, 19, 20, 21, 22, 23, 24, 25, 26, 27, 29, 28, 31, 30]",[8],"[8, 7, 6]","[8, 7, 6, 5, 9]",[],-0.07930065543865261,1.314337602342075
mmke-entity,blip2-opt-2.7b,none,available_train,tukey,636,1.0,"[8, 7, 6, 5, 9, 3, 4, 10, 2, 11, 12, 13, 14, 1, 15, 16, 0, 17, 18, 19, 20, 21, 22, 23, 24, 25, 26, 27, 29, 28, 31, 30]",[8],"[8, 7, 6]","[8, 7, 6, 5, 9]",[],-0.07930065543865261,1.314337602342075
mmke-entity,blip2-opt-2.7b,alt,available_train,raw,636,1.0,"[3, 4, 5, 2, 6, 7, 8, 9, 10, 11, 1, 12, 13, 14, 0, 15, 16, 17, 18, 19, 20, 21, 22, 23, 24, 25, 26, 27, 28, 29, 31, 30]",[3],"[3, 4, 5]","[3, 4, 5, 2, 6]",[],-0.10044808032808028,1.2799050387832827
mmke-entity,blip2-opt-2.7b,alt,available_train,tukey,636,1.0,"[3, 4, 5, 2, 6, 7, 8, 9, 10, 11, 1, 12, 13, 14, 0, 15, 16, 17, 18, 19, 20, 21, 22, 23, 24, 25, 26, 27, 28, 29, 31, 30]",[3],"[3, 4, 5]","[3, 4, 5, 2, 6]",[],-0.10044808032808028,1.2799050387832827
mmke-entity,blip2-opt-2.7b,model_pred,available_train,raw,284,0.44654088050314467,"[3, 5, 4, 6, 2, 7, 8, 9, 10, 11, 12, 1, 13, 14, 15, 0, 16, 17, 18, 19, 20, 21, 22, 23, 24, 25, 26, 27, 28, 29, 30, 31]",[3],"[3, 5, 4]","[3, 5, 4, 6, 2]",[],-0.0059975524302404715,1.245376874073969
mmke-entity,blip2-opt-2.7b,model_pred,available_train,tukey,284,0.44654088050314467,"[3, 5, 4, 6, 2, 7, 8, 9, 10, 11, 12, 1, 13, 14, 15, 0, 16, 17, 18, 19, 20, 21, 22, 23, 24, 25, 26, 27, 28, 29, 30, 31]",[3],"[3, 5, 4]","[3, 5, 4, 6, 2]",[],-0.0059975524302404715,1.245376874073969
mmke-entity,instructblip-vicuna-7b,none,matched_gradient,raw,636,1.0,"[4, 5, 14, 6, 8, 7, 10, 13, 12, 15, 9, 11, 16, 3, 2, 17, 18, 19, 20, 22, 21, 23, 24, 25, 26, 27, 28, 29, 30, 31, 1, 0]",[4],"[4, 5, 14]","[4, 5, 14, 6, 8]",[],0.7122497466750115,0.880189714730723
mmke-entity,instructblip-vicuna-7b,none,matched_gradient,tukey,636,1.0,"[4, 5, 14, 6, 8, 7, 10, 13, 12, 15, 9, 11, 16, 3, 2, 17, 18, 19, 20, 22, 21, 23, 24, 25, 26, 27, 28, 29]",[4],"[4, 5, 14]","[4, 5, 14, 6, 8]","[0, 1, 30, 31]",0.7122497466750115,0.880189714730723
mmke-entity,instructblip-vicuna-7b,alt,matched_gradient,raw,636,1.0,"[8, 10, 4, 14, 6, 12, 5, 9, 11, 13, 7, 15, 16, 3, 17, 2, 18, 19, 20, 21, 22, 23, 24, 25, 26, 27, 28, 29, 30, 31, 1, 0]",[8],"[8, 10, 4]","[8, 10, 4, 14, 6]",[],0.6048015291269251,0.9501808642547979
mmke-entity,instructblip-vicuna-7b,alt,matched_gradient,tukey,636,1.0,"[8, 10, 4, 14, 6, 12, 5, 9, 11, 13, 7, 15, 16, 3, 17, 2, 18, 19, 20, 21, 22, 23, 24, 25, 26, 27, 28, 29]",[8],"[8, 10, 4]","[8, 10, 4, 14, 6]","[0, 1, 30, 31]",0.6048015291269251,0.9501808642547979
mmke-entity,instructblip-vicuna-7b,model_pred,matched_gradient,raw,636,1.0,"[4, 5, 14, 6, 8, 7, 10, 13, 12, 9, 15, 11, 16, 3, 2, 17, 18, 19, 20, 22, 21, 23, 24, 25, 26, 27, 28, 29, 30, 31, 1, 0]",[4],"[4, 5, 14]","[4, 5, 14, 6, 8]",[],0.6925641335200268,0.89492411592852
mmke-entity,instructblip-vicuna-7b,model_pred,matched_gradient,tukey,636,1.0,"[4, 5, 14, 6, 8, 7, 10, 13, 12, 9, 15, 11, 16, 3, 2, 17, 18, 19, 20, 22, 21, 23, 24, 25, 26, 27, 28, 29]",[4],"[4, 5, 14]","[4, 5, 14, 6, 8]","[0, 1, 30, 31]",0.6925641335200268,0.89492411592852
mmke-entity,instructblip-vicuna-7b,none,available_train,raw,636,1.0,"[4, 5, 14, 6, 8, 7, 10, 13, 12, 15, 9, 11, 16, 3, 2, 17, 18, 19, 20, 22, 21, 23, 24, 25, 26, 27, 28, 29, 30, 31, 1, 0]",[4],"[4, 5, 14]","[4, 5, 14, 6, 8]",[],0.7122497466750115,0.880189714730723
mmke-entity,instructblip-vicuna-7b,none,available_train,tukey,636,1.0,"[4, 5, 14, 6, 8, 7, 10, 13, 12, 15, 9, 11, 16, 3, 2, 17, 18, 19, 20, 22, 21, 23, 24, 25, 26, 27, 28, 29]",[4],"[4, 5, 14]","[4, 5, 14, 6, 8]","[0, 1, 30, 31]",0.7122497466750115,0.880189714730723
mmke-entity,instructblip-vicuna-7b,alt,available_train,raw,636,1.0,"[8, 10, 4, 14, 6, 12, 5, 9, 11, 13, 7, 15, 16, 3, 17, 2, 18, 19, 20, 21, 22, 23, 24, 25, 26, 27, 28, 29, 30, 31, 1, 0]",[8],"[8, 10, 4]","[8, 10, 4, 14, 6]",[],0.6048015291269251,0.9501808642547979
mmke-entity,instructblip-vicuna-7b,alt,available_train,tukey,636,1.0,"[8, 10, 4, 14, 6, 12, 5, 9, 11, 13, 7, 15, 16, 3, 17, 2, 18, 19, 20, 21, 22, 23, 24, 25, 26, 27, 28, 29]",[8],"[8, 10, 4]","[8, 10, 4, 14, 6]","[0, 1, 30, 31]",0.6048015291269251,0.9501808642547979
mmke-entity,instructblip-vicuna-7b,model_pred,available_train,raw,636,1.0,"[4, 5, 14, 6, 8, 7, 10, 13, 12, 9, 15, 11, 16, 3, 2, 17, 18, 19, 20, 22, 21, 23, 24, 25, 26, 27, 28, 29, 30, 31, 1, 0]",[4],"[4, 5, 14]","[4, 5, 14, 6, 8]",[],0.6925641335200268,0.89492411592852
mmke-entity,instructblip-vicuna-7b,model_pred,available_train,tukey,636,1.0,"[4, 5, 14, 6, 8, 7, 10, 13, 12, 9, 15, 11, 16, 3, 2, 17, 18, 19, 20, 22, 21, 23, 24, 25, 26, 27, 28, 29]",[4],"[4, 5, 14]","[4, 5, 14, 6, 8]","[0, 1, 30, 31]",0.6925641335200268,0.89492411592852
mmke-entity,minigpt-4-vicuna-7b,none,matched_gradient,raw,636,1.0,"[29, 28, 27, 30, 26, 25, 24, 23, 22, 21, 31, 20, 19, 18, 17, 16, 15, 14, 13, 0, 12, 3, 2, 1, 11, 7, 6, 4, 10, 5, 8, 9]",[29],"[29, 28, 27]","[29, 28, 27, 30, 26]",[],-0.2148159511340489,0.7635553070759904
mmke-entity,minigpt-4-vicuna-7b,none,matched_gradient,tukey,636,1.0,"[29, 28, 27, 30, 26, 25, 24, 23, 22, 21, 31, 20, 19, 18, 17, 16, 15, 14, 13, 0, 12, 3, 2, 1, 11, 7, 6, 4, 10, 5, 8, 9]",[29],"[29, 28, 27]","[29, 28, 27, 30, 26]",[],-0.2148159511340489,0.7635553070759904
mmke-entity,minigpt-4-vicuna-7b,alt,matched_gradient,raw,636,1.0,"[29, 28, 30, 27, 26, 25, 31, 24, 23, 22, 21, 20, 19, 18, 17, 16, 15, 14, 5, 6, 13, 7, 0, 4, 2, 3, 12, 8, 10, 1, 11, 9]",[29],"[29, 28, 30]","[29, 28, 30, 27, 26]",[],-0.0021849766950354232,0.4047822297429622
mmke-entity,minigpt-4-vicuna-7b,alt,matched_gradient,tukey,636,1.0,"[29, 28, 30, 27, 26, 25, 31, 24, 23, 22, 21, 20, 19, 18, 17, 16, 15, 14, 5, 6, 13, 7, 0, 4, 2, 3, 12, 8, 10, 1, 11, 9]",[29],"[29, 28, 30]","[29, 28, 30, 27, 26]",[],-0.0021849766950354232,0.4047822297429622
mmke-entity,minigpt-4-vicuna-7b,model_pred,matched_gradient,raw,636,1.0,"[29, 28, 30, 27, 26, 25, 24, 23, 31, 22, 21, 20, 19, 18, 17, 16, 15, 14, 13, 12, 6, 11, 5, 7, 10, 8, 4, 3, 9, 2, 0, 1]",[29],"[29, 28, 30]","[29, 28, 30, 27, 26]",[],-0.06959172403000063,0.5977169198107901
mmke-entity,minigpt-4-vicuna-7b,model_pred,matched_gradient,tukey,636,1.0,"[29, 28, 30, 27, 26, 25, 24, 23, 31, 22, 21, 20, 19, 18, 17, 16, 15, 14, 13, 12, 6, 11, 5, 7, 10, 8, 4, 3, 9, 2, 0, 1]",[29],"[29, 28, 30]","[29, 28, 30, 27, 26]",[],-0.06959172403000063,0.5977169198107901
mmke-entity,minigpt-4-vicuna-7b,none,available_train,raw,636,1.0,"[29, 28, 27, 30, 26, 25, 24, 23, 22, 21, 31, 20, 19, 18, 17, 16, 15, 14, 13, 0, 12, 3, 2, 1, 11, 7, 6, 4, 10, 5, 8, 9]",[29],"[29, 28, 27]","[29, 28, 27, 30, 26]",[],-0.2148159511340489,0.7635553070759904
mmke-entity,minigpt-4-vicuna-7b,none,available_train,tukey,636,1.0,"[29, 28, 27, 30, 26, 25, 24, 23, 22, 21, 31, 20, 19, 18, 17, 16, 15, 14, 13, 0, 12, 3, 2, 1, 11, 7, 6, 4, 10, 5, 8, 9]",[29],"[29, 28, 27]","[29, 28, 27, 30, 26]",[],-0.2148159511340489,0.7635553070759904
mmke-entity,minigpt-4-vicuna-7b,alt,available_train,raw,636,1.0,"[29, 28, 30, 27, 26, 25, 31, 24, 23, 22, 21, 20, 19, 18, 17, 16, 15, 14, 5, 6, 13, 7, 0, 4, 2, 3, 12, 8, 10, 1, 11, 9]",[29],"[29, 28, 30]","[29, 28, 30, 27, 26]",[],-0.0021849766950354232,0.4047822297429622
mmke-entity,minigpt-4-vicuna-7b,alt,available_train,tukey,636,1.0,"[29, 28, 30, 27, 26, 25, 31, 24, 23, 22, 21, 20, 19, 18, 17, 16, 15, 14, 5, 6, 13, 7, 0, 4, 2, 3, 12, 8, 10, 1, 11, 9]",[29],"[29, 28, 30]","[29, 28, 30, 27, 26]",[],-0.0021849766950354232,0.4047822297429622
mmke-entity,minigpt-4-vicuna-7b,model_pred,available_train,raw,636,1.0,"[29, 28, 30, 27, 26, 25, 24, 23, 31, 22, 21, 20, 19, 18, 17, 16, 15, 14, 13, 12, 6, 11, 5, 7, 10, 8, 4, 3, 9, 2, 0, 1]",[29],"[29, 28, 30]","[29, 28, 30, 27, 26]",[],-0.06959172403000063,0.5977169198107901
mmke-entity,minigpt-4-vicuna-7b,model_pred,available_train,tukey,636,1.0,"[29, 28, 30, 27, 26, 25, 24, 23, 31, 22, 21, 20, 19, 18, 17, 16, 15, 14, 13, 12, 6, 11, 5, 7, 10, 8, 4, 3, 9, 2, 0, 1]",[29],"[29, 28, 30]","[29, 28, 30, 27, 26]",[],-0.06959172403000063,0.5977169198107901
mmke-entity,llava-v1.5-7b,none,matched_gradient,raw,636,1.0,"[29, 28, 31, 27, 26, 24, 30, 25, 23, 22, 21, 20, 19, 18, 17, 16, 1, 2, 15, 3, 14, 13, 4, 5, 12, 6, 10, 11, 8, 7, 9, 0]",[29],"[29, 28, 31]","[29, 28, 31, 27, 26]",[],-0.2907057969461916,0.9757733895829966
mmke-entity,llava-v1.5-7b,none,matched_gradient,tukey,636,1.0,"[29, 28, 31, 27, 26, 24, 30, 25, 23, 22, 21, 20, 19, 18, 17, 16, 1, 2, 15, 3, 14, 13, 4, 5, 12, 6, 10, 11, 8, 7, 9, 0]",[29],"[29, 28, 31]","[29, 28, 31, 27, 26]",[],-0.2907057969461916,0.9757733895829966
mmke-entity,llava-v1.5-7b,alt,matched_gradient,raw,636,1.0,"[31, 29, 30, 28, 27, 26, 25, 24, 23, 22, 21, 20, 19, 18, 17, 16, 2, 1, 14, 13, 15, 3, 4, 12, 11, 5, 9, 10, 8, 6, 7, 0]",[31],"[31, 29, 30]","[31, 29, 30, 28, 27]",[],0.05394951627914413,0.36764852328346004
mmke-entity,llava-v1.5-7b,alt,matched_gradient,tukey,636,1.0,"[28, 27, 26, 25, 24, 23, 22, 21, 20, 19, 18, 17, 16, 2, 1, 14, 13, 15, 3, 4, 12, 11, 5, 9, 10, 8, 6, 7, 0]",[28],"[28, 27, 26]","[28, 27, 26, 25, 24]","[29, 30, 31]",0.05394951627914413,0.36764852328346004
mmke-entity,llava-v1.5-7b,model_pred,matched_gradient,raw,636,1.0,"[31, 29, 28, 30, 27, 26, 24, 25, 23, 22, 21, 20, 19, 18, 17, 16, 15, 14, 13, 2, 1, 3, 12, 11, 4, 10, 5, 8, 9, 6, 7, 0]",[31],"[31, 29, 28]","[31, 29, 28, 30, 27]",[],-0.10400305877155028,0.7207074630068371
mmke-entity,llava-v1.5-7b,model_pred,matched_gradient,tukey,636,1.0,"[31, 29, 28, 30, 27, 26, 24, 25, 23, 22, 21, 20, 19, 18, 17, 16, 15, 14, 13, 2, 1, 3, 12, 11, 4, 10, 5, 8, 9, 6, 7, 0]",[31],"[31, 29, 28]","[31, 29, 28, 30, 27]",[],-0.10400305877155028,0.7207074630068371
mmke-entity,llava-v1.5-7b,none,available_train,raw,636,1.0,"[29, 28, 31, 27, 26, 24, 30, 25, 23, 22, 21, 20, 19, 18, 17, 16, 1, 2, 15, 3, 14, 13, 4, 5, 12, 6, 10, 11, 8, 7, 9, 0]",[29],"[29, 28, 31]","[29, 28, 31, 27, 26]",[],-0.2907057969461916,0.9757733895829966
mmke-entity,llava-v1.5-7b,none,available_train,tukey,636,1.0,"[29, 28, 31, 27, 26, 24, 30, 25, 23, 22, 21, 20, 19, 18, 17, 16, 1, 2, 15, 3, 14, 13, 4, 5, 12, 6, 10, 11, 8, 7, 9, 0]",[29],"[29, 28, 31]","[29, 28, 31, 27, 26]",[],-0.2907057969461916,0.9757733895829966
mmke-entity,llava-v1.5-7b,alt,available_train,raw,636,1.0,"[31, 29, 30, 28, 27, 26, 25, 24, 23, 22, 21, 20, 19, 18, 17, 16, 2, 1, 14, 13, 15, 3, 4, 12, 11, 5, 9, 10, 8, 6, 7, 0]",[31],"[31, 29, 30]","[31, 29, 30, 28, 27]",[],0.05394951627914413,0.36764852328346004
mmke-entity,llava-v1.5-7b,alt,available_train,tukey,636,1.0,"[28, 27, 26, 25, 24, 23, 22, 21, 20, 19, 18, 17, 16, 2, 1, 14, 13, 15, 3, 4, 12, 11, 5, 9, 10, 8, 6, 7, 0]",[28],"[28, 27, 26]","[28, 27, 26, 25, 24]","[29, 30, 31]",0.05394951627914413,0.36764852328346004
mmke-entity,llava-v1.5-7b,model_pred,available_train,raw,636,1.0,"[31, 29, 28, 30, 27, 26, 24, 25, 23, 22, 21, 20, 19, 18, 17, 16, 15, 14, 13, 2, 1, 3, 12, 11, 4, 10, 5, 8, 9, 6, 7, 0]",[31],"[31, 29, 28]","[31, 29, 28, 30, 27]",[],-0.10400305877155028,0.7207074630068371
mmke-entity,llava-v1.5-7b,model_pred,available_train,tukey,636,1.0,"[31, 29, 28, 30, 27, 26, 24, 25, 23, 22, 21, 20, 19, 18, 17, 16, 15, 14, 13, 2, 1, 3, 12, 11, 4, 10, 5, 8, 9, 6, 7, 0]",[31],"[31, 29, 28]","[31, 29, 28, 30, 27]",[],-0.10400305877155028,0.7207074630068371
mmke-entity,qwen2.5-vl-3b,none,matched_gradient,raw,636,1.0,"[34, 31, 32, 33, 30, 28, 29, 27, 26, 21, 25, 23, 22, 20, 24, 19, 12, 18, 13, 17, 16, 14, 15, 11, 1, 10, 2, 35, 3, 9, 4, 8, 5, 7, 6, 0]",[34],"[34, 31, 32]","[34, 31, 32, 33, 30]",[],0.20519712436124216,0.8419861223712657
mmke-entity,qwen2.5-vl-3b,none,matched_gradient,tukey,636,1.0,"[34, 31, 32, 33, 30, 28, 29, 27, 26, 21, 25, 23, 22, 20, 24, 19, 12, 18, 13, 17, 16, 14, 15, 11, 1, 10, 2, 35, 3, 9, 4, 8, 5, 7, 6]",[34],"[34, 31, 32]","[34, 31, 32, 33, 30]",[0],0.20519712436124216,0.8419861223712657
mmke-entity,qwen2.5-vl-3b,alt,matched_gradient,raw,636,1.0,"[34, 33, 32, 31, 30, 29, 28, 27, 26, 25, 23, 24, 21, 22, 20, 19, 18, 13, 12, 14, 17, 15, 16, 11, 35, 1, 10, 2, 3, 9, 4, 7, 8, 5, 6, 0]",[34],"[34, 33, 32]","[34, 33, 32, 31, 30]",[],0.2729374329588683,0.6937992640487004
mmke-entity,qwen2.5-vl-3b,alt,matched_gradient,tukey,636,1.0,"[32, 31, 30, 29, 28, 27, 26, 25, 23, 24, 21, 22, 20, 19, 18, 13, 12, 14, 17, 15, 16, 11, 35, 1, 10, 2, 3, 9, 4, 7, 8, 5, 6]",[32],"[32, 31, 30]","[32, 31, 30, 29, 28]","[0, 33, 34]",0.2729374329588683,0.6937992640487004
mmke-entity,qwen2.5-vl-3b,model_pred,matched_gradient,raw,636,1.0,"[34, 33, 32, 31, 30, 29, 28, 27, 26, 25, 23, 24, 21, 20, 22, 19, 18, 13, 12, 14, 17, 15, 16, 11, 35, 1, 10, 2, 3, 9, 4, 8, 7, 5, 6, 0]",[34],"[34, 33, 32]","[34, 33, 32, 31, 30]",[],0.2647226098188713,0.7343850985160505
mmke-entity,qwen2.5-vl-3b,model_pred,matched_gradient,tukey,636,1.0,"[33, 32, 31, 30, 29, 28, 27, 26, 25, 23, 24, 21, 20, 22, 19, 18, 13, 12, 14, 17, 15, 16, 11, 35, 1, 10, 2, 3, 9, 4, 8, 7, 5, 6]",[33],"[33, 32, 31]","[33, 32, 31, 30, 29]","[0, 34]",0.2647226098188713,0.7343850985160505
mmke-entity,qwen2.5-vl-3b,none,available_train,raw,636,1.0,"[34, 31, 32, 33, 30, 28, 29, 27, 26, 21, 25, 23, 22, 20, 24, 19, 12, 18, 13, 17, 16, 14, 15, 11, 1, 10, 2, 35, 3, 9, 4, 8, 5, 7, 6, 0]",[34],"[34, 31, 32]","[34, 31, 32, 33, 30]",[],0.20519712436124216,0.8419861223712657
mmke-entity,qwen2.5-vl-3b,none,available_train,tukey,636,1.0,"[34, 31, 32, 33, 30, 28, 29, 27, 26, 21, 25, 23, 22, 20, 24, 19, 12, 18, 13, 17, 16, 14, 15, 11, 1, 10, 2, 35, 3, 9, 4, 8, 5, 7, 6]",[34],"[34, 31, 32]","[34, 31, 32, 33, 30]",[0],0.20519712436124216,0.8419861223712657
mmke-entity,qwen2.5-vl-3b,alt,available_train,raw,636,1.0,"[34, 33, 32, 31, 30, 29, 28, 27, 26, 25, 23, 24, 21, 22, 20, 19, 18, 13, 12, 14, 17, 15, 16, 11, 35, 1, 10, 2, 3, 9, 4, 7, 8, 5, 6, 0]",[34],"[34, 33, 32]","[34, 33, 32, 31, 30]",[],0.2729374329588683,0.6937992640487004
mmke-entity,qwen2.5-vl-3b,alt,available_train,tukey,636,1.0,"[32, 31, 30, 29, 28, 27, 26, 25, 23, 24, 21, 22, 20, 19, 18, 13, 12, 14, 17, 15, 16, 11, 35, 1, 10, 2, 3, 9, 4, 7, 8, 5, 6]",[32],"[32, 31, 30]","[32, 31, 30, 29, 28]","[0, 33, 34]",0.2729374329588683,0.6937992640487004
mmke-entity,qwen2.5-vl-3b,model_pred,available_train,raw,636,1.0,"[34, 33, 32, 31, 30, 29, 28, 27, 26, 25, 23, 24, 21, 20, 22, 19, 18, 13, 12, 14, 17, 15, 16, 11, 35, 1, 10, 2, 3, 9, 4, 8, 7, 5, 6, 0]",[34],"[34, 33, 32]","[34, 33, 32, 31, 30]",[],0.2647226098188713,0.7343850985160505
mmke-entity,qwen2.5-vl-3b,model_pred,available_train,tukey,636,1.0,"[33, 32, 31, 30, 29, 28, 27, 26, 25, 23, 24, 21, 20, 22, 19, 18, 13, 12, 14, 17, 15, 16, 11, 35, 1, 10, 2, 3, 9, 4, 8, 7, 5, 6]",[33],"[33, 32, 31]","[33, 32, 31, 30, 29]","[0, 34]",0.2647226098188713,0.7343850985160505
mmke-entity,paligemma-3b,none,matched_gradient,raw,636,1.0,"[2, 1, 3, 4, 16, 5, 17, 6, 7, 0, 8, 9, 10, 11, 13, 14, 12, 15]",[2],"[2, 1, 3]","[2, 1, 3, 4, 16]",[],0.8173198579992138,0.9629290118907232
mmke-entity,paligemma-3b,none,matched_gradient,tukey,636,1.0,"[2, 1, 3, 4, 16, 5, 17, 6, 7, 0, 8, 9, 10, 11, 13, 14, 12, 15]",[2],"[2, 1, 3]","[2, 1, 3, 4, 16]",[],0.8173198579992138,0.9629290118907232
mmke-entity,paligemma-3b,alt,matched_gradient,raw,636,1.0,"[3, 2, 4, 5, 1, 6, 17, 7, 8, 9, 16, 10, 11, 12, 13, 14, 15, 0]",[3],"[3, 2, 4]","[3, 2, 4, 5, 1]",[],0.8266038009606127,0.9399111846581316
mmke-entity,paligemma-3b,alt,matched_gradient,tukey,636,1.0,"[3, 2, 4, 5, 1, 6, 17, 7, 8, 9, 16, 10, 11, 12, 13, 14]",[3],"[3, 2, 4]","[3, 2, 4, 5, 1]","[0, 15]",0.8266038009606127,0.9399111846581316
mmke-entity,paligemma-3b,model_pred,matched_gradient,raw,636,1.0,"[2, 3, 1, 4, 16, 17, 5, 6, 7, 8, 9, 10, 11, 12, 0, 13, 14, 15]",[2],"[2, 3, 1]","[2, 3, 1, 4, 16]",[],0.7997336049523687,0.9666356081875297
mmke-entity,paligemma-3b,model_pred,matched_gradient,tukey,636,1.0,"[2, 3, 1, 4, 16, 17, 5, 6, 7, 8, 9, 10, 11, 12, 0, 13, 14, 15]",[2],"[2, 3, 1]","[2, 3, 1, 4, 16]",[],0.7997336049523687,0.9666356081875297
mmke-entity,paligemma-3b,none,available_train,raw,636,1.0,"[2, 1, 3, 4, 16, 5, 17, 6, 7, 0, 8, 9, 10, 11, 13, 14, 12, 15]",[2],"[2, 1, 3]","[2, 1, 3, 4, 16]",[],0.8173198579992138,0.9629290118907232
mmke-entity,paligemma-3b,none,available_train,tukey,636,1.0,"[2, 1, 3, 4, 16, 5, 17, 6, 7, 0, 8, 9, 10, 11, 13, 14, 12, 15]",[2],"[2, 1, 3]","[2, 1, 3, 4, 16]",[],0.8173198579992138,0.9629290118907232
mmke-entity,paligemma-3b,alt,available_train,raw,636,1.0,"[3, 2, 4, 5, 1, 6, 17, 7, 8, 9, 16, 10, 11, 12, 13, 14, 15, 0]",[3],"[3, 2, 4]","[3, 2, 4, 5, 1]",[],0.8266038009606127,0.9399111846581316
mmke-entity,paligemma-3b,alt,available_train,tukey,636,1.0,"[3, 2, 4, 5, 1, 6, 17, 7, 8, 9, 16, 10, 11, 12, 13, 14]",[3],"[3, 2, 4]","[3, 2, 4, 5, 1]","[0, 15]",0.8266038009606127,0.9399111846581316
mmke-entity,paligemma-3b,model_pred,available_train,raw,636,1.0,"[2, 3, 1, 4, 16, 17, 5, 6, 7, 8, 9, 10, 11, 12, 0, 13, 14, 15]",[2],"[2, 3, 1]","[2, 3, 1, 4, 16]",[],0.7997336049523687,0.9666356081875297
mmke-entity,paligemma-3b,model_pred,available_train,tukey,636,1.0,"[2, 3, 1, 4, 16, 17, 5, 6, 7, 8, 9, 10, 11, 12, 0, 13, 14, 15]",[2],"[2, 3, 1]","[2, 3, 1, 4, 16]",[],0.7997336049523687,0.9666356081875297
mmke-entity,smolvlm-1.7b,none,matched_gradient,raw,636,1.0,"[22, 21, 19, 20, 18, 17, 23, 16, 3, 5, 6, 15, 2, 1, 4, 7, 8, 14, 13, 11, 12, 9, 10, 0]",[22],"[22, 21, 19]","[22, 21, 19, 20, 18]",[],0.26842340433372636,0.7174509876179246
mmke-entity,smolvlm-1.7b,none,matched_gradient,tukey,636,1.0,"[22, 21, 19, 20, 18, 17, 23, 16, 3, 5, 6, 15, 2, 1, 4, 7, 8, 14, 13, 11, 12, 9, 10, 0]",[22],"[22, 21, 19]","[22, 21, 19, 20, 18]",[],0.26842340433372636,0.7174509876179246
mmke-entity,smolvlm-1.7b,alt,matched_gradient,raw,636,1.0,"[22, 21, 20, 8, 19, 6, 18, 5, 7, 17, 4, 16, 15, 3, 9, 14, 12, 2, 1, 13, 11, 10, 23, 0]",[22],"[22, 21, 20]","[22, 21, 20, 8, 19]",[],0.3795241462967628,0.590729381081402
mmke-entity,smolvlm-1.7b,alt,matched_gradient,tukey,636,1.0,"[21, 20, 8, 19, 6, 18, 5, 7, 17, 4, 16, 15, 3, 9, 14, 12, 2, 1, 13, 11, 10, 23]",[21],"[21, 20, 8]","[21, 20, 8, 19, 6]","[0, 22]",0.3795241462967628,0.590729381081402
mmke-entity,smolvlm-1.7b,model_pred,matched_gradient,raw,636,1.0,"[22, 21, 20, 19, 18, 17, 8, 16, 15, 6, 5, 7, 14, 4, 12, 13, 23, 9, 11, 3, 10, 2, 1, 0]",[22],"[22, 21, 20]","[22, 21, 20, 19, 18]",[],0.41872298602624214,0.6703023867876492
mmke-entity,smolvlm-1.7b,model_pred,matched_gradient,tukey,636,1.0,"[20, 19, 18, 17, 8, 16, 15, 6, 5, 7, 14, 4, 12, 13, 23, 9, 11, 3, 10, 2, 1]",[20],"[20, 19, 18]","[20, 19, 18, 17, 8]","[0, 21, 22]",0.41872298602624214,0.6703023867876492
mmke-entity,smolvlm-1.7b,none,available_train,raw,636,1.0,"[22, 21, 19, 20, 18, 17, 23, 16, 3, 5, 6, 15, 2, 1, 4, 7, 8, 14, 13, 11, 12, 9, 10, 0]",[22],"[22, 21, 19]","[22, 21, 19, 20, 18]",[],0.26842340433372636,0.7174509876179246
mmke-entity,smolvlm-1.7b,none,available_train,tukey,636,1.0,"[22, 21, 19, 20, 18, 17, 23, 16, 3, 5, 6, 15, 2, 1, 4, 7, 8, 14, 13, 11, 12, 9, 10, 0]",[22],"[22, 21, 19]","[22, 21, 19, 20, 18]",[],0.26842340433372636,0.7174509876179246
mmke-entity,smolvlm-1.7b,alt,available_train,raw,636,1.0,"[22, 21, 20, 8, 19, 6, 18, 5, 7, 17, 4, 16, 15, 3, 9, 14, 12, 2, 1, 13, 11, 10, 23, 0]",[22],"[22, 21, 20]","[22, 21, 20, 8, 19]",[],0.3795241462967628,0.590729381081402
mmke-entity,smolvlm-1.7b,alt,available_train,tukey,636,1.0,"[21, 20, 8, 19, 6, 18, 5, 7, 17, 4, 16, 15, 3, 9, 14, 12, 2, 1, 13, 11, 10, 23]",[21],"[21, 20, 8]","[21, 20, 8, 19, 6]","[0, 22]",0.3795241462967628,0.590729381081402
mmke-entity,smolvlm-1.7b,model_pred,available_train,raw,636,1.0,"[22, 21, 20, 19, 18, 17, 8, 16, 15, 6, 5, 7, 14, 4, 12, 13, 23, 9, 11, 3, 10, 2, 1, 0]",[22],"[22, 21, 20]","[22, 21, 20, 19, 18]",[],0.41872298602624214,0.6703023867876492
mmke-entity,smolvlm-1.7b,model_pred,available_train,tukey,636,1.0,"[20, 19, 18, 17, 8, 16, 15, 6, 5, 7, 14, 4, 12, 13, 23, 9, 11, 3, 10, 2, 1]",[20],"[20, 19, 18]","[20, 19, 18, 17, 8]","[0, 21, 22]",0.41872298602624214,0.6703023867876492
