dataset,model,samples,status,verified,mode,Rel,T-Gen,M-Gen,T-Loc,M-Loc,Average,historical_source,eval_data_sha256
evqa-pilot500,blip2-opt-2.7b,2093,历史重算；GPU核验待完成,False,PENDING_GPU_VERIFICATION,15.616631629240338,9.127195413282374,15.12585284280937,100.0,100.0,47.97393597706642,/datapool/home/ph_teacher3/Lwy/zhounan/Visedit2/server_results/no_edit_full_evqa_alt_7models_g07_fixed_20260612_105148/blip2-opt-2.7b/no_edit_results.json,7299743ebe2854b240c6fe6f252fdb0c2ae3993ba2e5b23f07c6fee54ed1bcc0
evqa-pilot500,instructblip-vicuna-7b,2093,历史重算；GPU核验待完成,False,PENDING_GPU_VERIFICATION,3.351629240324893,1.2239082656473963,2.056048733874822,100.0,100.0,41.32631724796942,/datapool/home/ph_teacher3/Lwy/zhounan/Visedit2/server_results/no_edit_full_evqa_alt_7models_g07_fixed_20260612_105148/instructblip-vicuna-7b/no_edit_results.json,7299743ebe2854b240c6fe6f252fdb0c2ae3993ba2e5b23f07c6fee54ed1bcc0
evqa-pilot500,llava-v1.5-7b,2093,历史重算；GPU核验待完成,False,PENDING_GPU_VERIFICATION,32.210277114190134,30.162685140946003,28.00891065456282,100.0,100.0,58.07637458193979,/datapool/home/ph_teacher3/Lwy/zhounan/Visedit2/server_results/no_edit_full_evqa_alt_7models_g07_fixed_20260612_105148/llava-v1.5-7b/no_edit_results.json,7299743ebe2854b240c6fe6f252fdb0c2ae3993ba2e5b23f07c6fee54ed1bcc0
evqa-pilot500,minigpt-4-vicuna-7b,2093,历史重算；GPU核验待完成,False,PENDING_GPU_VERIFICATION,23.881247013855695,24.054051600573327,25.44288580984233,100.0,100.0,54.67563688485427,/datapool/home/ph_teacher3/Lwy/zhounan/Visedit2/server_results/no_edit_full_evqa_alt_7models_g07_fixed_20260612_105148/minigpt-4-vicuna-7b/no_edit_results.json,7299743ebe2854b240c6fe6f252fdb0c2ae3993ba2e5b23f07c6fee54ed1bcc0
evqa-pilot500,paligemma-3b,2093,历史重算；GPU核验待完成,False,PENDING_GPU_VERIFICATION,0.1847491638795987,0.2274773053033923,0.13736741519350218,100.0,100.0,40.1099187768753,/datapool/home/ph_teacher3/Lwy/zhounan/Visedit2/server_results/no_edit_full_evqa_alt_7models_g07_fixed_20260612_105148/paligemma-3b/no_edit_results.json,7299743ebe2854b240c6fe6f252fdb0c2ae3993ba2e5b23f07c6fee54ed1bcc0
evqa-pilot500,qwen2.5-vl-3b-instruct,2093,历史重算；GPU核验待完成,False,PENDING_GPU_VERIFICATION,49.91201146679407,37.42924510272335,22.23010033444817,100.0,100.0,61.91427138079312,/datapool/home/ph_teacher3/Lwy/zhounan/Visedit2/server_results/no_edit_full_evqa_alt_7models_g07_fixed_20260612_105148/qwen2.5-vl-3b-instruct/no_edit_results.json,7299743ebe2854b240c6fe6f252fdb0c2ae3993ba2e5b23f07c6fee54ed1bcc0
evqa-pilot500,smolvlm-1.7b,2093,历史重算；GPU核验待完成,False,PENDING_GPU_VERIFICATION,31.43221213569038,29.618342092689918,22.882771141901586,100.0,100.0,56.78666507405637,/datapool/home/ph_teacher3/Lwy/zhounan/Visedit2/server_results/no_edit_full_evqa_alt_7models_g07_fixed_20260612_105148/smolvlm-1.7b/no_edit_results.json,7299743ebe2854b240c6fe6f252fdb0c2ae3993ba2e5b23f07c6fee54ed1bcc0
mmke-entity,blip2-opt-2.7b,954,历史重算；GPU核验待完成,False,PENDING_GPU_VERIFICATION,50.986656184486385,50.81631027253663,50.96754716981127,100.0,100.0,70.55410272536685,/datapool/home/ph_teacher3/Lwy/zhounan/Visedit2/server_results/no_edit_mmke_alt_eval_7models_20260612_161034/entity/alt/blip2-opt-2.7b/no_edit_results.json,18e17ad906a313b79c5c3e6c7af340bf8aa5bb8f415490ee95b320184579bf68
mmke-entity,instructblip-vicuna-7b,954,历史重算；GPU核验待完成,False,PENDING_GPU_VERIFICATION,0.20127882599580701,0.19980083857442338,0.200796645702306,100.0,100.0,40.12037526205451,/datapool/home/ph_teacher3/Lwy/zhounan/Visedit2/server_results/no_edit_mmke_alt_eval_7models_20260612_161034/entity/alt/instructblip-vicuna-7b/no_edit_results.json,18e17ad906a313b79c5c3e6c7af340bf8aa5bb8f415490ee95b320184579bf68
mmke-entity,llava-v1.5-7b,954,历史重算；GPU核验待完成,False,PENDING_GPU_VERIFICATION,59.157243186582896,58.832547169811384,59.16865828092251,100.0,100.0,75.43168972746335,/datapool/home/ph_teacher3/Lwy/zhounan/Visedit2/server_results/no_edit_mmke_alt_eval_7models_20260612_161034/entity/alt/llava-v1.5-7b/no_edit_results.json,18e17ad906a313b79c5c3e6c7af340bf8aa5bb8f415490ee95b320184579bf68
mmke-entity,minigpt-4-vicuna-7b,954,历史重算；GPU核验待完成,False,PENDING_GPU_VERIFICATION,60.688029350104856,59.9315408805032,60.71447589098531,100.0,100.0,76.26680922431868,/datapool/home/ph_teacher3/Lwy/zhounan/Visedit2/server_results/no_edit_mmke_alt_eval_7models_20260612_161034/entity/alt/minigpt-4-vicuna-7b/no_edit_results.json,18e17ad906a313b79c5c3e6c7af340bf8aa5bb8f415490ee95b320184579bf68
mmke-entity,paligemma-3b,954,历史重算；GPU核验待完成,False,PENDING_GPU_VERIFICATION,0.561656184486373,0.5527358490566039,0.5547169811320757,100.0,100.0,40.33382180293501,/datapool/home/ph_teacher3/Lwy/zhounan/Visedit2/server_results/no_edit_mmke_alt_eval_7models_20260612_161034/entity/alt/paligemma-3b/no_edit_results.json,18e17ad906a313b79c5c3e6c7af340bf8aa5bb8f415490ee95b320184579bf68
mmke-entity,qwen2.5-vl-3b-instruct,954,历史重算；GPU核验待完成,False,PENDING_GPU_VERIFICATION,56.39438155136276,56.164171907756845,56.48120545073381,100.0,100.0,73.80795178197067,/datapool/home/ph_teacher3/Lwy/zhounan/Visedit2/server_results/no_edit_mmke_alt_eval_7models_20260612_161034/entity/alt/qwen2.5-vl-3b-instruct/no_edit_results.json,18e17ad906a313b79c5c3e6c7af340bf8aa5bb8f415490ee95b320184579bf68
mmke-entity,smolvlm-1.7b,954,历史重算；GPU核验待完成,False,PENDING_GPU_VERIFICATION,53.9663522012579,53.62128930817612,54.023333333333376,100.0,100.0,72.32219496855348,/datapool/home/ph_teacher3/Lwy/zhounan/Visedit2/server_results/no_edit_mmke_alt_eval_7models_20260612_161034/entity/alt/smolvlm-1.7b/no_edit_results.json,18e17ad906a313b79c5c3e6c7af340bf8aa5bb8f415490ee95b320184579bf68
mmke-visual,blip2-opt-2.7b,293,历史重算；GPU核验待完成,False,PENDING_GPU_VERIFICATION,38.2262798634812,37.70716723549488,38.049931740614326,100.0,100.0,62.796675767918074,/datapool/home/ph_teacher3/Lwy/zhounan/Visedit2/server_results/no_edit_mmke_alt_eval_7models_20260612_161034/visual/alt/blip2-opt-2.7b/no_edit_results.json,a87c7bdc30b94866e5f021eb75c1a751dce5f36e366a858c75c4a615dfee7c12
mmke-visual,instructblip-vicuna-7b,293,历史重算；GPU核验待完成,False,PENDING_GPU_VERIFICATION,0.040716723549488056,0.040716723549488056,0.040716723549488056,100.0,100.0,40.02443003412969,/datapool/home/ph_teacher3/Lwy/zhounan/Visedit2/server_results/no_edit_mmke_alt_eval_7models_20260612_161034/visual/alt/instructblip-vicuna-7b/no_edit_results.json,a87c7bdc30b94866e5f021eb75c1a751dce5f36e366a858c75c4a615dfee7c12
mmke-visual,llava-v1.5-7b,293,历史重算；GPU核验待完成,False,PENDING_GPU_VERIFICATION,47.50303754266211,47.149180887372026,47.704846416382246,100.0,100.0,68.47141296928328,/datapool/home/ph_teacher3/Lwy/zhounan/Visedit2/server_results/no_edit_mmke_alt_eval_7models_20260612_161034/visual/alt/llava-v1.5-7b/no_edit_results.json,a87c7bdc30b94866e5f021eb75c1a751dce5f36e366a858c75c4a615dfee7c12
mmke-visual,minigpt-4-vicuna-7b,293,历史重算；GPU核验待完成,False,PENDING_GPU_VERIFICATION,47.2094197952218,46.57740614334469,46.98621160409559,100.0,100.0,68.15460750853242,/datapool/home/ph_teacher3/Lwy/zhounan/Visedit2/server_results/no_edit_mmke_alt_eval_7models_20260612_161034/visual/alt/minigpt-4-vicuna-7b/no_edit_results.json,a87c7bdc30b94866e5f021eb75c1a751dce5f36e366a858c75c4a615dfee7c12
mmke-visual,paligemma-3b,293,历史重算；GPU核验待完成,False,PENDING_GPU_VERIFICATION,0.08494880546075086,0.08494880546075086,0.08969283276450514,100.0,100.0,40.0519180887372,/datapool/home/ph_teacher3/Lwy/zhounan/Visedit2/server_results/no_edit_mmke_alt_eval_7models_20260612_161034/visual/alt/paligemma-3b/no_edit_results.json,a87c7bdc30b94866e5f021eb75c1a751dce5f36e366a858c75c4a615dfee7c12
mmke-visual,qwen2.5-vl-3b-instruct,293,历史重算；GPU核验待完成,False,PENDING_GPU_VERIFICATION,41.60580204778158,41.19648464163822,41.51006825938567,100.0,100.0,64.86247098976109,/datapool/home/ph_teacher3/Lwy/zhounan/Visedit2/server_results/no_edit_mmke_alt_eval_7models_20260612_161034/visual/alt/qwen2.5-vl-3b-instruct/no_edit_results.json,a87c7bdc30b94866e5f021eb75c1a751dce5f36e366a858c75c4a615dfee7c12
mmke-visual,smolvlm-1.7b,293,历史重算；GPU核验待完成,False,PENDING_GPU_VERIFICATION,40.60382252559724,40.40259385665529,40.66255972696247,100.0,100.0,64.333795221843,/datapool/home/ph_teacher3/Lwy/zhounan/Visedit2/server_results/no_edit_mmke_alt_eval_7models_20260612_161034/visual/alt/smolvlm-1.7b/no_edit_results.json,a87c7bdc30b94866e5f021eb75c1a751dce5f36e366a858c75c4a615dfee7c12
