contrast,policy,k,coverage_filter,scope_type,scope,a,b,n,groups,same_candidate_set,a_best,b_best,delta_best,median_delta_best,best_wins,best_ties,best_losses,a_mean,b_mean,delta_mean,median_delta_mean,mean_wins,mean_ties,mean_losses
LGA-Param：Tukey−Raw,observed_main,3,all,all,all,LGA-Param/tukey,LGA-Param/raw,18,"[""evqa-pilot500/blip2-opt-2.7b"", ""evqa-pilot500/minigpt-4-vicuna-7b"", ""evqa-pilot500/llava-v1.5-7b"", ""evqa-pilot500/qwen2.5-vl-3b"", ""evqa-pilot500/paligemma-3b"", ""evqa-pilot500/smolvlm-1.7b"", ""mmke-visual/blip2-opt-2.7b"", ""mmke-visual/instructblip-vicuna-7b"", ""mmke-visual/minigpt-4-vicuna-7b"", ""mmke-visual/llava-v1.5-7b"", ""mmke-visual/qwen2.5-vl-3b"", ""mmke-visual/paligemma-3b"", ""mmke-visual/smolvlm-1.7b"", ""mmke-entity/blip2-opt-2.7b"", ""mmke-entity/instructblip-vicuna-7b"", ""mmke-entity/qwen2.5-vl-3b"", ""mmke-entity/paligemma-3b"", ""mmke-entity/smolvlm-1.7b""]",6,71.63244444444445,70.98077777777777,0.6516666666666668,0.13100000000000023,9,6,3,68.05318518518519,63.72840740740741,4.324777777777778,-0.0,8,6,4
LGA-Visual：Tukey−Raw,observed_main,3,all,all,all,LGA-Visual/tukey,LGA-Visual/raw,8,"[""evqa-pilot500/minigpt-4-vicuna-7b"", ""evqa-pilot500/paligemma-3b"", ""mmke-visual/instructblip-vicuna-7b"", ""mmke-visual/paligemma-3b"", ""mmke-visual/smolvlm-1.7b"", ""mmke-entity/instructblip-vicuna-7b"", ""mmke-entity/qwen2.5-vl-3b"", ""mmke-entity/paligemma-3b""]",5,78.405,79.25375,-0.8487499999999972,-0.0,1,5,2,71.65166666666667,71.22633333333333,0.42533333333333356,-0.0,1,5,2
LGA-Visual-no-direction：Tukey−Raw,observed_main,3,all,all,all,LGA-Visual-no-direction/tukey,LGA-Visual-no-direction/raw,12,"[""evqa-pilot500/minigpt-4-vicuna-7b"", ""evqa-pilot500/llava-v1.5-7b"", ""evqa-pilot500/qwen2.5-vl-3b"", ""evqa-pilot500/paligemma-3b"", ""mmke-visual/instructblip-vicuna-7b"", ""mmke-visual/minigpt-4-vicuna-7b"", ""mmke-visual/qwen2.5-vl-3b"", ""mmke-visual/paligemma-3b"", ""mmke-entity/instructblip-vicuna-7b"", ""mmke-entity/minigpt-4-vicuna-7b"", ""mmke-entity/qwen2.5-vl-3b"", ""mmke-entity/paligemma-3b""]",10,76.31083333333333,76.6465,-0.33566666666666595,-0.0,0,10,2,71.01311111111112,70.63761111111111,0.3755,-0.0,1,10,1
Ours-main：Tukey−Raw,observed_main,3,all,all,all,Ours-main/tukey,Ours-main/raw,19,"[""evqa-pilot500/blip2-opt-2.7b"", ""evqa-pilot500/instructblip-vicuna-7b"", ""evqa-pilot500/minigpt-4-vicuna-7b"", ""evqa-pilot500/llava-v1.5-7b"", ""evqa-pilot500/qwen2.5-vl-3b"", ""evqa-pilot500/paligemma-3b"", ""evqa-pilot500/smolvlm-1.7b"", ""mmke-visual/instructblip-vicuna-7b"", ""mmke-visual/minigpt-4-vicuna-7b"", ""mmke-visual/llava-v1.5-7b"", ""mmke-visual/qwen2.5-vl-3b"", ""mmke-visual/paligemma-3b"", ""mmke-visual/smolvlm-1.7b"", ""mmke-entity/blip2-opt-2.7b"", ""mmke-entity/instructblip-vicuna-7b"", ""mmke-entity/minigpt-4-vicuna-7b"", ""mmke-entity/qwen2.5-vl-3b"", ""mmke-entity/paligemma-3b"", ""mmke-entity/smolvlm-1.7b""]",16,73.184,73.0938947368421,0.09010526315789529,-0.0,1,17,1,68.63943859649123,68.5740350877193,0.06540350877192973,-0.0,2,16,1
Ours-no-direction：Tukey−Raw,observed_main,3,all,all,all,Ours-no-direction/tukey,Ours-no-direction/raw,14,"[""evqa-pilot500/blip2-opt-2.7b"", ""evqa-pilot500/minigpt-4-vicuna-7b"", ""evqa-pilot500/qwen2.5-vl-3b"", ""evqa-pilot500/paligemma-3b"", ""evqa-pilot500/smolvlm-1.7b"", ""mmke-visual/instructblip-vicuna-7b"", ""mmke-visual/minigpt-4-vicuna-7b"", ""mmke-visual/qwen2.5-vl-3b"", ""mmke-visual/paligemma-3b"", ""mmke-visual/smolvlm-1.7b"", ""mmke-entity/instructblip-vicuna-7b"", ""mmke-entity/minigpt-4-vicuna-7b"", ""mmke-entity/qwen2.5-vl-3b"", ""mmke-entity/paligemma-3b""]",12,75.00314285714286,74.96428571428572,0.038857142857143145,-0.0,1,12,1,69.50814285714286,69.48704761904762,0.021095238095239006,-0.0,1,12,1
Ours-no-strength：Tukey−Raw,observed_main,3,all,all,all,Ours-no-strength/tukey,Ours-no-strength/raw,9,"[""evqa-pilot500/blip2-opt-2.7b"", ""evqa-pilot500/minigpt-4-vicuna-7b"", ""evqa-pilot500/llava-v1.5-7b"", ""evqa-pilot500/smolvlm-1.7b"", ""mmke-visual/qwen2.5-vl-3b"", ""mmke-visual/smolvlm-1.7b"", ""mmke-entity/blip2-opt-2.7b"", ""mmke-entity/instructblip-vicuna-7b"", ""mmke-entity/paligemma-3b""]",6,67.46977777777778,67.40822222222222,0.06155555555555578,-0.0,1,6,2,64.15703703703704,63.80785185185185,0.3491851851851848,-0.0,3,6,0
Ours 方向项增量（raw）,observed_main,3,all,all,all,Ours-main/raw,Ours-no-direction/raw,17,"[""evqa-pilot500/blip2-opt-2.7b"", ""evqa-pilot500/minigpt-4-vicuna-7b"", ""evqa-pilot500/qwen2.5-vl-3b"", ""evqa-pilot500/paligemma-3b"", ""evqa-pilot500/smolvlm-1.7b"", ""mmke-visual/blip2-opt-2.7b"", ""mmke-visual/instructblip-vicuna-7b"", ""mmke-visual/minigpt-4-vicuna-7b"", ""mmke-visual/qwen2.5-vl-3b"", ""mmke-visual/paligemma-3b"", ""mmke-visual/smolvlm-1.7b"", ""mmke-entity/blip2-opt-2.7b"", ""mmke-entity/instructblip-vicuna-7b"", ""mmke-entity/minigpt-4-vicuna-7b"", ""mmke-entity/qwen2.5-vl-3b"", ""mmke-entity/paligemma-3b"", ""mmke-entity/smolvlm-1.7b""]",13,74.05494117647059,74.29352941176471,-0.2385882352941179,0.0,3,13,1,69.40745098039216,69.46482352941177,-0.05737254901960774,0.0,3,13,1
Ours 强度项增量（raw）,observed_main,3,all,all,all,Ours-main/raw,Ours-no-strength/raw,9,"[""evqa-pilot500/blip2-opt-2.7b"", ""evqa-pilot500/minigpt-4-vicuna-7b"", ""evqa-pilot500/llava-v1.5-7b"", ""evqa-pilot500/smolvlm-1.7b"", ""mmke-visual/qwen2.5-vl-3b"", ""mmke-visual/smolvlm-1.7b"", ""mmke-entity/blip2-opt-2.7b"", ""mmke-entity/instructblip-vicuna-7b"", ""mmke-entity/paligemma-3b""]",2,71.34155555555556,67.40822222222222,3.933333333333334,0.5900000000000034,5,3,1,67.76881481481482,63.80785185185185,3.960962962962965,1.1839999999999904,6,2,1
LGA 视觉−参数（raw）,observed_main,3,all,all,all,LGA-Visual/raw,LGA-Param/raw,13,"[""evqa-pilot500/blip2-opt-2.7b"", ""evqa-pilot500/instructblip-vicuna-7b"", ""evqa-pilot500/minigpt-4-vicuna-7b"", ""evqa-pilot500/paligemma-3b"", ""mmke-visual/blip2-opt-2.7b"", ""mmke-visual/instructblip-vicuna-7b"", ""mmke-visual/qwen2.5-vl-3b"", ""mmke-visual/paligemma-3b"", ""mmke-visual/smolvlm-1.7b"", ""mmke-entity/instructblip-vicuna-7b"", ""mmke-entity/qwen2.5-vl-3b"", ""mmke-entity/paligemma-3b"", ""mmke-entity/smolvlm-1.7b""]",0,73.724,71.39461538461538,2.329384615384615,0.4899999999999949,9,2,2,68.26815384615385,61.423846153846156,6.844307692307692,2.331333333333319,10,0,3
视觉 LGA 方向项增量（raw）,observed_main,3,all,all,all,LGA-Visual/raw,LGA-Visual-no-direction/raw,13,"[""evqa-pilot500/blip2-opt-2.7b"", ""evqa-pilot500/instructblip-vicuna-7b"", ""evqa-pilot500/minigpt-4-vicuna-7b"", ""evqa-pilot500/paligemma-3b"", ""mmke-visual/blip2-opt-2.7b"", ""mmke-visual/instructblip-vicuna-7b"", ""mmke-visual/qwen2.5-vl-3b"", ""mmke-visual/paligemma-3b"", ""mmke-visual/smolvlm-1.7b"", ""mmke-entity/instructblip-vicuna-7b"", ""mmke-entity/qwen2.5-vl-3b"", ""mmke-entity/paligemma-3b"", ""mmke-entity/smolvlm-1.7b""]",11,73.724,73.88323076923078,-0.1592307692307709,0.0,0,12,1,68.26815384615385,68.08938461538462,0.17876923076922843,0.0,2,11,0
Ours 方向项增量（tukey）,observed_main,3,all,all,all,Ours-main/tukey,Ours-no-direction/tukey,14,"[""evqa-pilot500/blip2-opt-2.7b"", ""evqa-pilot500/minigpt-4-vicuna-7b"", ""evqa-pilot500/qwen2.5-vl-3b"", ""evqa-pilot500/paligemma-3b"", ""evqa-pilot500/smolvlm-1.7b"", ""mmke-visual/instructblip-vicuna-7b"", ""mmke-visual/minigpt-4-vicuna-7b"", ""mmke-visual/qwen2.5-vl-3b"", ""mmke-visual/paligemma-3b"", ""mmke-visual/smolvlm-1.7b"", ""mmke-entity/instructblip-vicuna-7b"", ""mmke-entity/minigpt-4-vicuna-7b"", ""mmke-entity/qwen2.5-vl-3b"", ""mmke-entity/paligemma-3b""]",9,74.957,75.00314285714286,-0.04614285714285771,0.0,4,9,1,69.50276190476191,69.50814285714286,-0.005380952380952867,0.0,4,9,1
Ours 强度项增量（tukey）,observed_main,3,all,all,all,Ours-main/tukey,Ours-no-strength/tukey,10,"[""evqa-pilot500/blip2-opt-2.7b"", ""evqa-pilot500/minigpt-4-vicuna-7b"", ""evqa-pilot500/llava-v1.5-7b"", ""evqa-pilot500/smolvlm-1.7b"", ""mmke-visual/instructblip-vicuna-7b"", ""mmke-visual/qwen2.5-vl-3b"", ""mmke-visual/smolvlm-1.7b"", ""mmke-entity/blip2-opt-2.7b"", ""mmke-entity/instructblip-vicuna-7b"", ""mmke-entity/paligemma-3b""]",0,71.508,67.7508,3.7572000000000023,1.382000000000005,7,1,2,67.56426666666667,63.4372,4.127066666666669,1.3440000000000012,8,0,2
LGA 视觉−参数（tukey）,observed_main,3,all,all,all,LGA-Visual/tukey,LGA-Param/tukey,8,"[""evqa-pilot500/minigpt-4-vicuna-7b"", ""evqa-pilot500/paligemma-3b"", ""mmke-visual/instructblip-vicuna-7b"", ""mmke-visual/paligemma-3b"", ""mmke-visual/smolvlm-1.7b"", ""mmke-entity/instructblip-vicuna-7b"", ""mmke-entity/qwen2.5-vl-3b"", ""mmke-entity/paligemma-3b""]",0,78.405,74.74525,3.6597500000000016,0.8590000000000018,5,1,2,71.65166666666667,67.98258333333334,3.669083333333334,5.607666666666667,7,0,1
视觉 LGA 方向项增量（tukey）,observed_main,3,all,all,all,LGA-Visual/tukey,LGA-Visual-no-direction/tukey,7,"[""evqa-pilot500/minigpt-4-vicuna-7b"", ""evqa-pilot500/paligemma-3b"", ""mmke-visual/instructblip-vicuna-7b"", ""mmke-visual/paligemma-3b"", ""mmke-entity/instructblip-vicuna-7b"", ""mmke-entity/qwen2.5-vl-3b"", ""mmke-entity/paligemma-3b""]",4,79.41142857142857,80.17171428571429,-0.7602857142857147,0.0,1,5,1,71.78942857142857,71.92495238095239,-0.13552380952381274,0.0,1,4,2
CMA model_pred−alt（含协议差异）,observed_main,3,all,all,all,CMA-model_pred/raw,CMA-alt-v1.3/raw,19,"[""evqa-pilot500/blip2-opt-2.7b"", ""evqa-pilot500/instructblip-vicuna-7b"", ""evqa-pilot500/minigpt-4-vicuna-7b"", ""evqa-pilot500/qwen2.5-vl-3b"", ""evqa-pilot500/paligemma-3b"", ""evqa-pilot500/smolvlm-1.7b"", ""mmke-visual/blip2-opt-2.7b"", ""mmke-visual/instructblip-vicuna-7b"", ""mmke-visual/minigpt-4-vicuna-7b"", ""mmke-visual/llava-v1.5-7b"", ""mmke-visual/qwen2.5-vl-3b"", ""mmke-visual/paligemma-3b"", ""mmke-visual/smolvlm-1.7b"", ""mmke-entity/blip2-opt-2.7b"", ""mmke-entity/instructblip-vicuna-7b"", ""mmke-entity/minigpt-4-vicuna-7b"", ""mmke-entity/qwen2.5-vl-3b"", ""mmke-entity/paligemma-3b"", ""mmke-entity/smolvlm-1.7b""]",3,71.86715789473685,69.91863157894737,1.9485263157894732,-0.0,5,11,3,69.27543859649123,64.54059649122807,4.734842105263158,-0.0,9,3,7
VisEdit Pre model_pred−alt,observed_main,3,all,all,all,VisEdit-Pre-model_pred/current,VisEdit-Pre-alt/current,4,"[""evqa-pilot500/blip2-opt-2.7b"", ""evqa-pilot500/llava-v1.5-7b"", ""evqa-pilot500/qwen2.5-vl-3b"", ""evqa-pilot500/paligemma-3b""]",0,70.3395,70.3395,-0.0,-0.0,0,4,0,64.98566666666666,68.37866666666667,-3.3930000000000042,-0.15100000000000335,1,0,3
VisEdit Pre pred-field−alt（历史诊断）,observed_main,3,all,all,all,VisEdit-Pre-pred-field/historical,VisEdit-Pre-alt/current,11,"[""mmke-visual/instructblip-vicuna-7b"", ""mmke-visual/minigpt-4-vicuna-7b"", ""mmke-visual/llava-v1.5-7b"", ""mmke-visual/paligemma-3b"", ""mmke-visual/smolvlm-1.7b"", ""mmke-entity/blip2-opt-2.7b"", ""mmke-entity/instructblip-vicuna-7b"", ""mmke-entity/minigpt-4-vicuna-7b"", ""mmke-entity/llava-v1.5-7b"", ""mmke-entity/qwen2.5-vl-3b"", ""mmke-entity/paligemma-3b""]",8,74.19163636363636,72.354,1.8376363636363642,-0.0,1,9,1,67.15787878787879,65.59218181818181,1.5656969696969698,-0.0,2,8,1
VisEdit Pre−Direct / alt,observed_main,3,all,all,all,VisEdit-Pre-alt/current,VisEdit-Direct-alt/diagnostic,9,"[""evqa-pilot500/blip2-opt-2.7b"", ""evqa-pilot500/minigpt-4-vicuna-7b"", ""evqa-pilot500/qwen2.5-vl-3b"", ""evqa-pilot500/paligemma-3b"", ""evqa-pilot500/smolvlm-1.7b"", ""mmke-visual/instructblip-vicuna-7b"", ""mmke-visual/minigpt-4-vicuna-7b"", ""mmke-entity/instructblip-vicuna-7b"", ""mmke-entity/minigpt-4-vicuna-7b""]",0,64.91022222222222,63.70622222222222,1.2039999999999975,0.13599999999999568,6,0,3,63.881851851851856,58.63851851851852,5.243333333333334,2.646000000000001,7,0,2
VisEdit Pre−Direct / model_pred,observed_main,3,all,all,all,VisEdit-Pre-model_pred/current,VisEdit-Direct-model_pred/diagnostic,2,"[""evqa-pilot500/llava-v1.5-7b"", ""evqa-pilot500/qwen2.5-vl-3b""]",0,62.757,62.745000000000005,0.011999999999996902,0.011999999999996902,1,0,1,62.18233333333333,61.479,0.7033333333333331,0.7033333333333331,1,0,1
VisEdit Pre−Direct / pred-field,observed_main,3,all,all,all,VisEdit-Pre-pred-field/historical,VisEdit-Direct-pred-field/diagnostic,4,"[""mmke-visual/minigpt-4-vicuna-7b"", ""mmke-entity/blip2-opt-2.7b"", ""mmke-entity/instructblip-vicuna-7b"", ""mmke-entity/minigpt-4-vicuna-7b""]",0,66.914,67.4125,-0.49849999999999817,-0.6000000000000085,1,0,3,66.665,65.93833333333333,0.7266666666666701,0.6270000000000095,2,0,2
当前 Ours−中层,observed_main,3,all,all,all,Ours-main/raw,Middle-Prior/raw,20,"[""evqa-pilot500/blip2-opt-2.7b"", ""evqa-pilot500/instructblip-vicuna-7b"", ""evqa-pilot500/minigpt-4-vicuna-7b"", ""evqa-pilot500/llava-v1.5-7b"", ""evqa-pilot500/qwen2.5-vl-3b"", ""evqa-pilot500/paligemma-3b"", ""evqa-pilot500/smolvlm-1.7b"", ""mmke-visual/blip2-opt-2.7b"", ""mmke-visual/instructblip-vicuna-7b"", ""mmke-visual/minigpt-4-vicuna-7b"", ""mmke-visual/llava-v1.5-7b"", ""mmke-visual/qwen2.5-vl-3b"", ""mmke-visual/paligemma-3b"", ""mmke-visual/smolvlm-1.7b"", ""mmke-entity/blip2-opt-2.7b"", ""mmke-entity/instructblip-vicuna-7b"", ""mmke-entity/minigpt-4-vicuna-7b"", ""mmke-entity/qwen2.5-vl-3b"", ""mmke-entity/paligemma-3b"", ""mmke-entity/smolvlm-1.7b""]",0,72.9325,70.81830000000001,2.1141999999999994,0.3819999999999979,13,1,6,68.5108,68.82713333333334,-0.316333333333333,0.37699999999999534,12,0,8
当前 Ours−参数 LGA Tukey,observed_main,3,all,all,all,Ours-main/raw,LGA-Param/tukey,18,"[""evqa-pilot500/blip2-opt-2.7b"", ""evqa-pilot500/minigpt-4-vicuna-7b"", ""evqa-pilot500/llava-v1.5-7b"", ""evqa-pilot500/qwen2.5-vl-3b"", ""evqa-pilot500/paligemma-3b"", ""evqa-pilot500/smolvlm-1.7b"", ""mmke-visual/blip2-opt-2.7b"", ""mmke-visual/instructblip-vicuna-7b"", ""mmke-visual/minigpt-4-vicuna-7b"", ""mmke-visual/llava-v1.5-7b"", ""mmke-visual/qwen2.5-vl-3b"", ""mmke-visual/paligemma-3b"", ""mmke-visual/smolvlm-1.7b"", ""mmke-entity/blip2-opt-2.7b"", ""mmke-entity/instructblip-vicuna-7b"", ""mmke-entity/qwen2.5-vl-3b"", ""mmke-entity/paligemma-3b"", ""mmke-entity/smolvlm-1.7b""]",0,73.78533333333334,71.63244444444445,2.152888888888889,0.5210000000000043,11,1,6,69.02407407407408,68.05318518518519,0.9708888888888892,0.6056666666666644,14,0,4
纯新范数−中层,observed_main,3,all,all,all,Ours-no-direction/raw,Middle-Prior/raw,17,"[""evqa-pilot500/blip2-opt-2.7b"", ""evqa-pilot500/minigpt-4-vicuna-7b"", ""evqa-pilot500/qwen2.5-vl-3b"", ""evqa-pilot500/paligemma-3b"", ""evqa-pilot500/smolvlm-1.7b"", ""mmke-visual/blip2-opt-2.7b"", ""mmke-visual/instructblip-vicuna-7b"", ""mmke-visual/minigpt-4-vicuna-7b"", ""mmke-visual/qwen2.5-vl-3b"", ""mmke-visual/paligemma-3b"", ""mmke-visual/smolvlm-1.7b"", ""mmke-entity/blip2-opt-2.7b"", ""mmke-entity/instructblip-vicuna-7b"", ""mmke-entity/minigpt-4-vicuna-7b"", ""mmke-entity/qwen2.5-vl-3b"", ""mmke-entity/paligemma-3b"", ""mmke-entity/smolvlm-1.7b""]",0,74.29352941176471,72.06023529411765,2.2332941176470578,0.28000000000000114,10,0,7,69.46482352941177,69.94521568627451,-0.48039215686274495,-0.0033333333333303017,8,0,9
当前 Ours−CMA model_pred,observed_main,3,all,all,all,Ours-main/raw,CMA-model_pred/raw,20,"[""evqa-pilot500/blip2-opt-2.7b"", ""evqa-pilot500/instructblip-vicuna-7b"", ""evqa-pilot500/minigpt-4-vicuna-7b"", ""evqa-pilot500/llava-v1.5-7b"", ""evqa-pilot500/qwen2.5-vl-3b"", ""evqa-pilot500/paligemma-3b"", ""evqa-pilot500/smolvlm-1.7b"", ""mmke-visual/blip2-opt-2.7b"", ""mmke-visual/instructblip-vicuna-7b"", ""mmke-visual/minigpt-4-vicuna-7b"", ""mmke-visual/llava-v1.5-7b"", ""mmke-visual/qwen2.5-vl-3b"", ""mmke-visual/paligemma-3b"", ""mmke-visual/smolvlm-1.7b"", ""mmke-entity/blip2-opt-2.7b"", ""mmke-entity/instructblip-vicuna-7b"", ""mmke-entity/minigpt-4-vicuna-7b"", ""mmke-entity/qwen2.5-vl-3b"", ""mmke-entity/paligemma-3b"", ""mmke-entity/smolvlm-1.7b""]",4,72.9325,71.7268,1.2057000000000002,-0.0,6,11,3,68.5108,68.94373333333334,-0.4329333333333324,0.033333333333338544,10,4,6
