dataset,model,formula,top1,top3,qualifying_layers
evqa-pilot500,blip2-opt-2.7b,norm,0,"0,1,2",31
evqa-pilot500,blip2-opt-2.7b,abs_cos_norm,0,"0,1,2",31
evqa-pilot500,blip2-opt-2.7b,one_minus_cos_norm,0,"0,1,2",31
evqa-pilot500,blip2-opt-2.7b,signed_cos_norm,0,"0,1,2",31
evqa-pilot500,blip2-opt-2.7b,cos,0,"0,1,2",31
evqa-pilot500,blip2-opt-2.7b,dot,0,"0,1,2",31
evqa-pilot500,blip2-opt-2.7b,depth2_norm,17,"17,18,16",31
evqa-pilot500,blip2-opt-2.7b,negative_cos_norm,,,0
evqa-pilot500,instructblip-vicuna-7b,norm,1,"1,0,9",31
evqa-pilot500,instructblip-vicuna-7b,abs_cos_norm,1,"1,0,11",31
evqa-pilot500,instructblip-vicuna-7b,one_minus_cos_norm,1,"1,0,9",31
evqa-pilot500,instructblip-vicuna-7b,signed_cos_norm,1,"1,0,11",31
evqa-pilot500,instructblip-vicuna-7b,cos,1,"1,0,17",31
evqa-pilot500,instructblip-vicuna-7b,dot,1,"1,0,11",31
evqa-pilot500,instructblip-vicuna-7b,depth2_norm,21,"21,22,20",31
evqa-pilot500,instructblip-vicuna-7b,negative_cos_norm,,,0
evqa-pilot500,minigpt-4-vicuna-7b,norm,0,"0,1,2",31
evqa-pilot500,minigpt-4-vicuna-7b,abs_cos_norm,18,"18,19,16",31
evqa-pilot500,minigpt-4-vicuna-7b,one_minus_cos_norm,0,"0,1,2",31
evqa-pilot500,minigpt-4-vicuna-7b,signed_cos_norm,18,"18,19,16",31
evqa-pilot500,minigpt-4-vicuna-7b,cos,18,"18,21,19",31
evqa-pilot500,minigpt-4-vicuna-7b,dot,8,"8,18,16",31
evqa-pilot500,minigpt-4-vicuna-7b,depth2_norm,22,"22,21,20",31
evqa-pilot500,minigpt-4-vicuna-7b,negative_cos_norm,28,"28,24,29",6
evqa-pilot500,llava-v1.5-7b,norm,0,"0,1,3",31
evqa-pilot500,llava-v1.5-7b,abs_cos_norm,0,"0,1,2",31
evqa-pilot500,llava-v1.5-7b,one_minus_cos_norm,0,"0,1,3",31
evqa-pilot500,llava-v1.5-7b,signed_cos_norm,30,"30,29,28",31
evqa-pilot500,llava-v1.5-7b,cos,9,"9,10,6",31
evqa-pilot500,llava-v1.5-7b,dot,30,"30,29,28",31
evqa-pilot500,llava-v1.5-7b,depth2_norm,13,"13,16,15",31
evqa-pilot500,llava-v1.5-7b,negative_cos_norm,0,"0,1,2",31
evqa-pilot500,qwen2.5-vl-3b,norm,0,"0,1,2",35
evqa-pilot500,qwen2.5-vl-3b,abs_cos_norm,21,"21,19,17",35
evqa-pilot500,qwen2.5-vl-3b,one_minus_cos_norm,0,"0,1,2",35
evqa-pilot500,qwen2.5-vl-3b,signed_cos_norm,21,"21,19,17",35
evqa-pilot500,qwen2.5-vl-3b,cos,24,"24,23,27",35
evqa-pilot500,qwen2.5-vl-3b,dot,6,"6,5,7",35
evqa-pilot500,qwen2.5-vl-3b,depth2_norm,20,"20,18,19",35
evqa-pilot500,qwen2.5-vl-3b,negative_cos_norm,34,34,1
evqa-pilot500,paligemma-3b,norm,5,"5,4,3",17
evqa-pilot500,paligemma-3b,abs_cos_norm,5,"5,4,3",17
evqa-pilot500,paligemma-3b,one_minus_cos_norm,4,"4,5,3",17
evqa-pilot500,paligemma-3b,signed_cos_norm,5,"5,4,3",17
evqa-pilot500,paligemma-3b,cos,16,"16,5,4",17
evqa-pilot500,paligemma-3b,dot,5,"5,4,3",17
evqa-pilot500,paligemma-3b,depth2_norm,7,"7,8,9",17
evqa-pilot500,paligemma-3b,negative_cos_norm,,,0
evqa-pilot500,smolvlm-1.7b,norm,0,"0,1,2",23
evqa-pilot500,smolvlm-1.7b,abs_cos_norm,0,"0,1,2",23
evqa-pilot500,smolvlm-1.7b,one_minus_cos_norm,0,"0,1,2",23
evqa-pilot500,smolvlm-1.7b,signed_cos_norm,22,"22,21,20",23
evqa-pilot500,smolvlm-1.7b,cos,21,"21,22,20",23
evqa-pilot500,smolvlm-1.7b,dot,22,"22,21,20",23
evqa-pilot500,smolvlm-1.7b,depth2_norm,14,"14,11,13",23
evqa-pilot500,smolvlm-1.7b,negative_cos_norm,0,"0,1,2",23
mmke-visual,blip2-opt-2.7b,norm,0,"0,1,2",31
mmke-visual,blip2-opt-2.7b,abs_cos_norm,0,"0,1,2",31
mmke-visual,blip2-opt-2.7b,one_minus_cos_norm,0,"0,1,2",31
mmke-visual,blip2-opt-2.7b,signed_cos_norm,0,"0,1,2",31
mmke-visual,blip2-opt-2.7b,cos,11,"11,5,4",31
mmke-visual,blip2-opt-2.7b,dot,4,"4,3,2",31
mmke-visual,blip2-opt-2.7b,depth2_norm,19,"19,20,18",31
mmke-visual,blip2-opt-2.7b,negative_cos_norm,30,30,1
mmke-visual,instructblip-vicuna-7b,norm,1,"1,0,3",31
mmke-visual,instructblip-vicuna-7b,abs_cos_norm,1,"1,0,3",31
mmke-visual,instructblip-vicuna-7b,one_minus_cos_norm,3,"3,2,4",31
mmke-visual,instructblip-vicuna-7b,signed_cos_norm,1,"1,0,3",31
mmke-visual,instructblip-vicuna-7b,cos,30,"30,29,27",31
mmke-visual,instructblip-vicuna-7b,dot,1,"1,0,3",31
mmke-visual,instructblip-vicuna-7b,depth2_norm,27,"27,26,25",31
mmke-visual,instructblip-vicuna-7b,negative_cos_norm,,,0
mmke-visual,minigpt-4-vicuna-7b,norm,0,"0,1,2",31
mmke-visual,minigpt-4-vicuna-7b,abs_cos_norm,9,"9,10,11",31
mmke-visual,minigpt-4-vicuna-7b,one_minus_cos_norm,0,"0,1,2",31
mmke-visual,minigpt-4-vicuna-7b,signed_cos_norm,30,"30,2,0",31
mmke-visual,minigpt-4-vicuna-7b,cos,0,"0,1,2",31
mmke-visual,minigpt-4-vicuna-7b,dot,30,"30,29,28",31
mmke-visual,minigpt-4-vicuna-7b,depth2_norm,27,"27,26,28",31
mmke-visual,minigpt-4-vicuna-7b,negative_cos_norm,9,"9,10,11",31
mmke-visual,llava-v1.5-7b,norm,5,"5,0,6",31
mmke-visual,llava-v1.5-7b,abs_cos_norm,0,"0,3,1",31
mmke-visual,llava-v1.5-7b,one_minus_cos_norm,0,"0,5,6",31
mmke-visual,llava-v1.5-7b,signed_cos_norm,29,"29,28,30",31
mmke-visual,llava-v1.5-7b,cos,17,"17,20,18",31
mmke-visual,llava-v1.5-7b,dot,30,"30,29,28",31
mmke-visual,llava-v1.5-7b,depth2_norm,13,"13,12,15",31
mmke-visual,llava-v1.5-7b,negative_cos_norm,0,"0,3,1",31
mmke-visual,qwen2.5-vl-3b,norm,0,"0,1,2",35
mmke-visual,qwen2.5-vl-3b,abs_cos_norm,0,"0,1,2",35
mmke-visual,qwen2.5-vl-3b,one_minus_cos_norm,0,"0,1,2",35
mmke-visual,qwen2.5-vl-3b,signed_cos_norm,0,"0,1,2",35
mmke-visual,qwen2.5-vl-3b,cos,12,"12,10,11",35
mmke-visual,qwen2.5-vl-3b,dot,0,"0,1,2",35
mmke-visual,qwen2.5-vl-3b,depth2_norm,20,"20,18,19",35
mmke-visual,qwen2.5-vl-3b,negative_cos_norm,,,0
mmke-visual,paligemma-3b,norm,4,"4,5,3",17
mmke-visual,paligemma-3b,abs_cos_norm,5,"5,4,3",17
mmke-visual,paligemma-3b,one_minus_cos_norm,4,"4,5,3",17
mmke-visual,paligemma-3b,signed_cos_norm,5,"5,4,3",17
mmke-visual,paligemma-3b,cos,5,"5,4,16",17
mmke-visual,paligemma-3b,dot,5,"5,4,3",17
mmke-visual,paligemma-3b,depth2_norm,7,"7,5,8",17
mmke-visual,paligemma-3b,negative_cos_norm,,,0
mmke-visual,smolvlm-1.7b,norm,0,"0,1,2",23
mmke-visual,smolvlm-1.7b,abs_cos_norm,0,"0,1,2",23
mmke-visual,smolvlm-1.7b,one_minus_cos_norm,0,"0,1,2",23
mmke-visual,smolvlm-1.7b,signed_cos_norm,0,"0,1,2",23
mmke-visual,smolvlm-1.7b,cos,7,"7,6,5",23
mmke-visual,smolvlm-1.7b,dot,0,"0,1,2",23
mmke-visual,smolvlm-1.7b,depth2_norm,11,"11,10,9",23
mmke-visual,smolvlm-1.7b,negative_cos_norm,,,0
mmke-entity,blip2-opt-2.7b,norm,0,"0,1,2",31
mmke-entity,blip2-opt-2.7b,abs_cos_norm,0,"0,1,2",31
mmke-entity,blip2-opt-2.7b,one_minus_cos_norm,0,"0,1,2",31
mmke-entity,blip2-opt-2.7b,signed_cos_norm,0,"0,1,2",31
mmke-entity,blip2-opt-2.7b,cos,0,"0,1,2",31
mmke-entity,blip2-opt-2.7b,dot,29,"29,30,28",31
mmke-entity,blip2-opt-2.7b,depth2_norm,25,"25,26,24",31
mmke-entity,blip2-opt-2.7b,negative_cos_norm,16,"16,17,18",23
mmke-entity,instructblip-vicuna-7b,norm,1,"1,0,3",31
mmke-entity,instructblip-vicuna-7b,abs_cos_norm,1,"1,0,3",31
mmke-entity,instructblip-vicuna-7b,one_minus_cos_norm,3,"3,4,5",31
mmke-entity,instructblip-vicuna-7b,signed_cos_norm,1,"1,0,3",31
mmke-entity,instructblip-vicuna-7b,cos,29,"29,30,27",31
mmke-entity,instructblip-vicuna-7b,dot,1,"1,0,3",31
mmke-entity,instructblip-vicuna-7b,depth2_norm,27,"27,26,25",31
mmke-entity,instructblip-vicuna-7b,negative_cos_norm,,,0
mmke-entity,minigpt-4-vicuna-7b,norm,0,"0,1,2",31
mmke-entity,minigpt-4-vicuna-7b,abs_cos_norm,27,"27,28,26",31
mmke-entity,minigpt-4-vicuna-7b,one_minus_cos_norm,0,"0,1,2",31
mmke-entity,minigpt-4-vicuna-7b,signed_cos_norm,0,"0,1,30",31
mmke-entity,minigpt-4-vicuna-7b,cos,0,"0,1,2",31
mmke-entity,minigpt-4-vicuna-7b,dot,30,"30,29,28",31
mmke-entity,minigpt-4-vicuna-7b,depth2_norm,27,"27,26,28",31
mmke-entity,minigpt-4-vicuna-7b,negative_cos_norm,27,"27,28,26",31
mmke-entity,llava-v1.5-7b,norm,0,"0,1,6",31
mmke-entity,llava-v1.5-7b,abs_cos_norm,13,"13,11,12",31
mmke-entity,llava-v1.5-7b,one_minus_cos_norm,0,"0,1,6",31
mmke-entity,llava-v1.5-7b,signed_cos_norm,0,"0,1,20",31
mmke-entity,llava-v1.5-7b,cos,0,"0,21,20",31
mmke-entity,llava-v1.5-7b,dot,29,"29,21,30",31
mmke-entity,llava-v1.5-7b,depth2_norm,18,"18,15,13",31
mmke-entity,llava-v1.5-7b,negative_cos_norm,13,"13,11,12",26
mmke-entity,qwen2.5-vl-3b,norm,0,"0,1,2",35
mmke-entity,qwen2.5-vl-3b,abs_cos_norm,0,"0,1,2",35
mmke-entity,qwen2.5-vl-3b,one_minus_cos_norm,0,"0,1,2",35
mmke-entity,qwen2.5-vl-3b,signed_cos_norm,0,"0,1,2",35
mmke-entity,qwen2.5-vl-3b,cos,12,"12,11,10",35
mmke-entity,qwen2.5-vl-3b,dot,0,"0,1,2",35
mmke-entity,qwen2.5-vl-3b,depth2_norm,22,"22,20,21",35
mmke-entity,qwen2.5-vl-3b,negative_cos_norm,,,0
mmke-entity,paligemma-3b,norm,5,"5,4,3",17
mmke-entity,paligemma-3b,abs_cos_norm,5,"5,4,3",17
mmke-entity,paligemma-3b,one_minus_cos_norm,4,"4,5,3",17
mmke-entity,paligemma-3b,signed_cos_norm,5,"5,4,3",17
mmke-entity,paligemma-3b,cos,5,"5,4,16",17
mmke-entity,paligemma-3b,dot,5,"5,4,3",17
mmke-entity,paligemma-3b,depth2_norm,7,"7,5,8",17
mmke-entity,paligemma-3b,negative_cos_norm,,,0
mmke-entity,smolvlm-1.7b,norm,0,"0,1,2",23
mmke-entity,smolvlm-1.7b,abs_cos_norm,0,"0,1,2",23
mmke-entity,smolvlm-1.7b,one_minus_cos_norm,0,"0,1,2",23
mmke-entity,smolvlm-1.7b,signed_cos_norm,0,"0,1,2",23
mmke-entity,smolvlm-1.7b,cos,6,"6,7,5",23
mmke-entity,smolvlm-1.7b,dot,0,"0,1,2",23
mmke-entity,smolvlm-1.7b,depth2_norm,11,"11,10,9",23
mmke-entity,smolvlm-1.7b,negative_cos_norm,,,0
