dataset,model,total,valid_samples,coverage,valid_layers,invalid_layers,negative_mean_layers,positive_mean_layers,mean_cos,min_cos,max_cos,mean_positive_fraction,min_positive_fraction,exact_old_new_count,exact_old_new_fraction,normalized_old_new_fraction,mean_lexical_f1,mean_old_words,mean_new_words,mean_old_loss,mean_new_loss,unequal_string_cos_lower_bound,unequal_string_positive_fraction_lower_bound,sign_changes,early_cos,middle_cos,late_cos
evqa-pilot500,blip2-opt-2.7b,500,465,0.93,31,L31,0,31,0.3575984605530971,0.17192569822450493,0.45816675509490534,0.7962539021852237,0.5913978494623656,58,0.12473118279569892,0.13548387096774195,0.19916350014821999,2.210752688172043,1.2967741935483872,3.0378392857889973,5.573904320757876,0.26605229522651136,0.7672188317349609,0,0.4401922673844852,0.40098198926387396,0.2272827721398544
evqa-pilot500,instructblip-vicuna-7b,500,500,1.0,31,L31,0,31,0.7704190178324395,0.6847272292425032,0.8246464361283837,0.9901290322580646,0.986,155,0.31,0.31,0.3534190476190476,1.228,1.316,7.423712132930755,7.792703893423081,0.6672739388875937,0.985694249649369,0,0.7861397134560618,0.7807846161232419,0.743296164088935
evqa-pilot500,minigpt-4-vicuna-7b,500,499,0.998,31,L31,6,25,0.007970547487716487,-0.037879854657586184,0.03270646178731059,0.4527118753636305,0.3667334669338677,0,0.0,0.0,0.04522993104056222,19.258517034068138,1.3166332665330662,0.6442957103909376,3.9235960412359905,0.007970547487716487,0.4527118753636305,3,0.010932525680924446,0.020484590853066226,-0.00875687840737618
evqa-pilot500,llava-v1.5-7b,500,500,1.0,31,L31,31,0,-0.05465105924996412,-0.10115571178317755,-0.031234849662584684,0.3763225806451612,0.292,25,0.05,0.308,0.3562356476856477,2.412,1.316,0.6601303615607321,4.198023956565186,-0.11015900973680434,0.34349745331069614,0,-0.035465397902029516,-0.04654622090653226,-0.08275204277567377
evqa-pilot500,qwen2.5-vl-3b,500,500,1.0,35,L35,1,34,0.022649127112579458,-0.00896145974596484,0.054693121329074244,0.5038857142857143,0.45,7,0.014,0.014,0.10475648056479125,15.082,1.316,1.2996002349853515,2.3142858276367186,0.008771934191257056,0.49684149521877724,1,0.0076286588988606005,0.030319785246939967,0.030667101744606753
evqa-pilot500,paligemma-3b,500,500,1.0,17,L17,0,17,0.682485961652211,0.6303168670991717,0.7701242347585563,0.9763529411764705,0.946,214,0.428,0.432,0.46664761904761903,1.154,1.316,11.2184375,11.128875,0.4449055273640049,0.9586589880707528,0,0.7044982953202213,0.6787124393690034,0.6605993879904472
evqa-pilot500,smolvlm-1.7b,500,500,1.0,23,L23,23,0,-0.18052820418186144,-0.2667651633609371,-0.06318066387736981,0.2832173913043478,0.222,0,0.0,0.322,0.3733619047619048,1.572,1.316,0.78000830078125,3.1516170043945313,-0.18052820418186144,0.2832173913043478,0,-0.21654511128189807,-0.22143201319985045,-0.09261881433268918
mmke-visual,blip2-opt-2.7b,214,175,0.8177570093457944,31,L31,1,30,0.0807373502984604,-0.009567127251688526,0.11733694490619237,0.6471889400921659,0.5142857142857142,0,0.0,0.0,0.11503464284885906,5.485714285714286,41.68,2.322094049453735,3.1309417070661274,0.0807373502984604,0.6471889400921659,1,0.11098519377797726,0.09865034722500841,0.030785210199740703
mmke-visual,instructblip-vicuna-7b,214,214,1.0,31,L31,0,31,0.37557989252763446,0.3288532575388392,0.476333025570214,0.9993970455230631,0.9953271028037384,0,0.0,0.0,0.010439388366627706,1.144859813084112,43.91121495327103,10.8736878198998,12.287348123354333,0.37557989252763446,0.9993970455230631,0,0.35425195429539313,0.34553066084013445,0.4299619856161259
mmke-visual,minigpt-4-vicuna-7b,214,214,1.0,31,L31,31,0,-0.18402197344387625,-0.34911508803491725,-0.08887534054621797,0.09496533011757612,0.018691588785046728,0,0.0,0.0,0.27019495746646927,26.266355140186917,43.91121495327103,0.6368682477797303,2.5049240494442877,-0.18402197344387625,0.09496533011757612,0,-0.10677482406926742,-0.16987262839113637,-0.27683340237649884
mmke-visual,llava-v1.5-7b,214,214,1.0,31,L31,31,0,-0.05568094305305151,-0.25153744585248566,-0.03651376467558333,0.32665058788061496,0.0514018691588785,0,0.0,0.0,0.1451651593958899,9.700934579439252,43.91121495327103,0.9166056868211131,2.4964648056253096,-0.05568094305305151,0.32665058788061496,0,-0.039255640123494515,-0.03879449843630887,-0.09068133506102541
mmke-visual,qwen2.5-vl-3b,214,214,1.0,35,L35,0,35,0.31910484330537436,0.1974810537227864,0.3830913749766672,0.912950600801068,0.8364485981308412,0,0.0,0.0,0.2592365553046615,21.41588785046729,43.91121495327103,1.1185405410338785,3.0193122079439254,0.31910484330537436,0.912950600801068,0,0.35430689938917365,0.32555022591623445,0.2736712738202916
mmke-visual,paligemma-3b,214,214,1.0,17,L17,0,17,0.3657992218796518,0.17766762351054252,0.49163558927847767,0.9623419461242442,0.897196261682243,0,0.0,0.0,0.054580242480182305,3.514018691588785,43.91121495327103,11.40347546728972,10.234521028037383,0.3657992218796518,0.9623419461242442,0,0.4582571293315298,0.3419022532352993,0.28352609531062134
mmke-visual,smolvlm-1.7b,214,214,1.0,23,L23,0,23,0.07039709848272596,0.011514510143884195,0.11739695137970092,0.6076798049573344,0.49065420560747663,0,0.0,0.0,0.11648020117889132,7.794392523364486,43.91121495327103,1.0834458966121496,3.00251898364486,0.07039709848272596,0.6076798049573344,0,0.10437797877676874,0.0751455927304559,0.026134956149271416
mmke-entity,blip2-opt-2.7b,636,284,0.44654088050314467,31,L31,23,8,-0.005914644990049683,-0.06741456863909973,0.1616608211284473,0.4451385733757382,0.30633802816901406,0,0.0,0.0,0.0377483881998473,3.813380281690141,75.55633802816901,3.3142026129742743,2.3904633811661893,-0.005914644990049683,0.4451385733757382,3,0.06482147352004583,-0.04849338917619279,-0.0298141448953878
mmke-entity,instructblip-vicuna-7b,636,636,1.0,31,L31,0,31,0.4256761655531692,0.34296566579564486,0.6392929708448766,0.9996449584094134,0.9984276729559748,0,0.0,0.0,0.00465204233080044,1.2657232704402517,76.062893081761,11.064791837203428,12.910276873306659,0.4256761655531692,0.9996449584094134,0,0.36462639527195706,0.3717516123137917,0.546042944397697
mmke-entity,minigpt-4-vicuna-7b,636,636,1.0,31,L31,31,0,-0.19318520317959192,-0.42519879311433184,-0.08193892821536196,0.08546358287685128,0.012578616352201259,0,0.0,0.0,0.24489803018767473,25.218553459119498,76.062893081761,0.5122436823428802,1.9048211582051884,-0.19318520317959192,0.08546358287685128,0,-0.09947620579972169,-0.1605826473027904,-0.3227570120239439
mmke-entity,llava-v1.5-7b,636,636,1.0,31,L31,26,5,-0.00799688550125298,-0.07165693989096873,0.0043679260185993,0.4852911341042808,0.38207547169811323,0,0.0,0.0,0.13646808188310391,10.66194968553459,76.062893081761,1.225411045499755,1.9381767794396143,-0.00799688550125298,0.4852911341042808,3,-0.0014727545829942448,-0.008507666285450395,-0.013959157556894562
mmke-entity,qwen2.5-vl-3b,636,636,1.0,35,L35,0,35,0.4701761650137914,0.29417229388012034,0.5737438362882816,0.9780323450134774,0.9544025157232704,0,0.0,0.0,0.2130873306076156,22.864779874213838,76.062893081761,0.9271109718946541,2.1647995283018866,0.4701761650137914,0.9780323450134774,0,0.5259965461345496,0.5030046547707742,0.37346830587443736
mmke-entity,paligemma-3b,636,636,1.0,17,L17,0,17,0.3083037340895002,0.1570729708881202,0.44083103587505196,0.9635590085090641,0.9056603773584906,0,0.0,0.0,0.05284289294013413,4.4072327044025155,76.062893081761,10.332694575471699,10.40683962264151,0.3083037340895002,0.9635590085090641,0,0.38637248256491413,0.2984842780841305,0.2264045831254471
mmke-entity,smolvlm-1.7b,636,636,1.0,23,L23,0,23,0.21405318797588577,0.10517070957849044,0.2947700117215459,0.8651216844407983,0.6965408805031447,0,0.0,0.0,0.17669687949978138,15.968553459119496,76.062893081761,0.8773239423643868,2.2678483687106916,0.21405318797588577,0.8651216844407983,0,0.2670362975740695,0.2412319183951777,0.12243965652734204
