profile,dataset,model,k,formula,same_set,delta_best,delta_mean,formula_candidates,norm_candidates
observed_main,evqa-pilot500,blip2-opt-2.7b,1,norm,True,0.0,0.0,0,0
observed_main,evqa-pilot500,instructblip-vicuna-7b,1,norm,True,0.0,0.0,1,1
observed_main,evqa-pilot500,minigpt-4-vicuna-7b,1,norm,True,0.0,0.0,0,0
observed_main,evqa-pilot500,llava-v1.5-7b,1,norm,True,0.0,0.0,0,0
observed_main,evqa-pilot500,qwen2.5-vl-3b,1,norm,True,0.0,0.0,0,0
observed_main,evqa-pilot500,paligemma-3b,1,norm,True,0.0,0.0,5,5
observed_main,evqa-pilot500,smolvlm-1.7b,1,norm,True,0.0,0.0,0,0
observed_main,evqa-pilot500,blip2-opt-2.7b,1,abs_cos_norm,True,0.0,0.0,0,0
observed_main,evqa-pilot500,instructblip-vicuna-7b,1,abs_cos_norm,True,0.0,0.0,1,1
observed_main,evqa-pilot500,minigpt-4-vicuna-7b,1,abs_cos_norm,False,1.730000000000004,1.730000000000004,18,0
observed_main,evqa-pilot500,llava-v1.5-7b,1,abs_cos_norm,True,0.0,0.0,0,0
observed_main,evqa-pilot500,qwen2.5-vl-3b,1,abs_cos_norm,False,0.8500000000000014,0.8500000000000014,21,0
observed_main,evqa-pilot500,paligemma-3b,1,abs_cos_norm,True,0.0,0.0,5,5
observed_main,evqa-pilot500,smolvlm-1.7b,1,abs_cos_norm,True,0.0,0.0,0,0
observed_main,evqa-pilot500,blip2-opt-2.7b,1,one_minus_cos_norm,True,0.0,0.0,0,0
observed_main,evqa-pilot500,instructblip-vicuna-7b,1,one_minus_cos_norm,True,0.0,0.0,1,1
observed_main,evqa-pilot500,minigpt-4-vicuna-7b,1,one_minus_cos_norm,True,0.0,0.0,0,0
observed_main,evqa-pilot500,llava-v1.5-7b,1,one_minus_cos_norm,True,0.0,0.0,0,0
observed_main,evqa-pilot500,qwen2.5-vl-3b,1,one_minus_cos_norm,True,0.0,0.0,0,0
observed_main,evqa-pilot500,paligemma-3b,1,one_minus_cos_norm,False,-7.040000000000006,-7.040000000000006,4,5
observed_main,evqa-pilot500,smolvlm-1.7b,1,one_minus_cos_norm,True,0.0,0.0,0,0
observed_main,evqa-pilot500,blip2-opt-2.7b,1,signed_cos_norm,True,0.0,0.0,0,0
observed_main,evqa-pilot500,instructblip-vicuna-7b,1,signed_cos_norm,True,0.0,0.0,1,1
observed_main,evqa-pilot500,minigpt-4-vicuna-7b,1,signed_cos_norm,False,1.730000000000004,1.730000000000004,18,0
observed_main,evqa-pilot500,llava-v1.5-7b,1,signed_cos_norm,False,-3.2479999999999976,-3.2479999999999976,30,0
observed_main,evqa-pilot500,qwen2.5-vl-3b,1,signed_cos_norm,False,0.8500000000000014,0.8500000000000014,21,0
observed_main,evqa-pilot500,paligemma-3b,1,signed_cos_norm,True,0.0,0.0,5,5
observed_main,evqa-pilot500,smolvlm-1.7b,1,signed_cos_norm,False,-14.100000000000001,-14.100000000000001,22,0
observed_main,evqa-pilot500,blip2-opt-2.7b,1,cos,True,0.0,0.0,0,0
observed_main,evqa-pilot500,instructblip-vicuna-7b,1,cos,True,0.0,0.0,1,1
observed_main,evqa-pilot500,minigpt-4-vicuna-7b,1,cos,False,1.730000000000004,1.730000000000004,18,0
observed_main,evqa-pilot500,qwen2.5-vl-3b,1,cos,False,-0.10000000000000142,-0.10000000000000142,24,0
observed_main,evqa-pilot500,smolvlm-1.7b,1,cos,False,-13.600000000000001,-13.600000000000001,21,0
observed_main,evqa-pilot500,blip2-opt-2.7b,1,dot,True,0.0,0.0,0,0
observed_main,evqa-pilot500,instructblip-vicuna-7b,1,dot,True,0.0,0.0,1,1
observed_main,evqa-pilot500,minigpt-4-vicuna-7b,1,dot,False,11.204000000000008,11.204000000000008,8,0
observed_main,evqa-pilot500,llava-v1.5-7b,1,dot,False,-3.2479999999999976,-3.2479999999999976,30,0
observed_main,evqa-pilot500,paligemma-3b,1,dot,True,0.0,0.0,5,5
observed_main,evqa-pilot500,smolvlm-1.7b,1,dot,False,-14.100000000000001,-14.100000000000001,22,0
observed_main,evqa-pilot500,blip2-opt-2.7b,1,depth2_norm,False,17.439999999999998,17.439999999999998,17,0
observed_main,evqa-pilot500,minigpt-4-vicuna-7b,1,depth2_norm,False,0.7240000000000038,0.7240000000000038,22,0
observed_main,evqa-pilot500,qwen2.5-vl-3b,1,depth2_norm,False,-0.7800000000000011,-0.7800000000000011,20,0
observed_main,evqa-pilot500,paligemma-3b,1,depth2_norm,False,-2.519999999999996,-2.519999999999996,7,5
observed_main,evqa-pilot500,smolvlm-1.7b,1,depth2_norm,False,-1.75,-1.75,14,0
observed_main,evqa-pilot500,minigpt-4-vicuna-7b,1,negative_cos_norm,False,0.5300000000000011,0.5300000000000011,28,0
observed_main,evqa-pilot500,llava-v1.5-7b,1,negative_cos_norm,True,0.0,0.0,0,0
observed_main,evqa-pilot500,qwen2.5-vl-3b,1,negative_cos_norm,False,-0.11999999999999744,-0.11999999999999744,34,0
observed_main,evqa-pilot500,smolvlm-1.7b,1,negative_cos_norm,True,0.0,0.0,0,0
observed_main,evqa-pilot500,blip2-opt-2.7b,3,norm,True,0.0,0.0,"0,1,2","0,1,2"
observed_main,evqa-pilot500,minigpt-4-vicuna-7b,3,norm,True,0.0,0.0,"0,1,2","0,1,2"
observed_main,evqa-pilot500,qwen2.5-vl-3b,3,norm,True,0.0,0.0,"0,1,2","0,1,2"
observed_main,evqa-pilot500,paligemma-3b,3,norm,True,0.0,0.0,"5,4,3","5,4,3"
observed_main,evqa-pilot500,smolvlm-1.7b,3,norm,True,0.0,0.0,"0,1,2","0,1,2"
observed_main,evqa-pilot500,blip2-opt-2.7b,3,abs_cos_norm,True,0.0,0.0,"0,1,2","0,1,2"
observed_main,evqa-pilot500,minigpt-4-vicuna-7b,3,abs_cos_norm,False,-6.1640000000000015,-3.1840000000000046,"18,19,16","0,1,2"
observed_main,evqa-pilot500,qwen2.5-vl-3b,3,abs_cos_norm,False,0.8500000000000014,0.9833333333333414,"21,19,17","0,1,2"
observed_main,evqa-pilot500,paligemma-3b,3,abs_cos_norm,True,0.0,0.0,"5,4,3","5,4,3"
observed_main,evqa-pilot500,smolvlm-1.7b,3,abs_cos_norm,True,0.0,0.0,"0,1,2","0,1,2"
observed_main,evqa-pilot500,blip2-opt-2.7b,3,one_minus_cos_norm,True,0.0,0.0,"0,1,2","0,1,2"
observed_main,evqa-pilot500,minigpt-4-vicuna-7b,3,one_minus_cos_norm,True,0.0,0.0,"0,1,2","0,1,2"
observed_main,evqa-pilot500,qwen2.5-vl-3b,3,one_minus_cos_norm,True,0.0,0.0,"0,1,2","0,1,2"
observed_main,evqa-pilot500,paligemma-3b,3,one_minus_cos_norm,True,0.0,0.0,"4,5,3","5,4,3"
observed_main,evqa-pilot500,smolvlm-1.7b,3,one_minus_cos_norm,True,0.0,0.0,"0,1,2","0,1,2"
observed_main,evqa-pilot500,blip2-opt-2.7b,3,signed_cos_norm,True,0.0,0.0,"0,1,2","0,1,2"
observed_main,evqa-pilot500,minigpt-4-vicuna-7b,3,signed_cos_norm,False,-6.1640000000000015,-3.1840000000000046,"18,19,16","0,1,2"
observed_main,evqa-pilot500,qwen2.5-vl-3b,3,signed_cos_norm,False,0.8500000000000014,0.9833333333333414,"21,19,17","0,1,2"
observed_main,evqa-pilot500,paligemma-3b,3,signed_cos_norm,True,0.0,0.0,"5,4,3","5,4,3"
observed_main,evqa-pilot500,smolvlm-1.7b,3,signed_cos_norm,False,-12.82,-7.920000000000009,"22,21,20","0,1,2"
observed_main,evqa-pilot500,blip2-opt-2.7b,3,cos,True,0.0,0.0,"0,1,2","0,1,2"
observed_main,evqa-pilot500,smolvlm-1.7b,3,cos,False,-12.82,-7.920000000000009,"21,22,20","0,1,2"
observed_main,evqa-pilot500,blip2-opt-2.7b,3,dot,True,0.0,0.0,"0,1,2","0,1,2"
observed_main,evqa-pilot500,minigpt-4-vicuna-7b,3,dot,False,-2.069999999999993,0.367999999999995,"8,18,16","0,1,2"
observed_main,evqa-pilot500,paligemma-3b,3,dot,True,0.0,0.0,"5,4,3","5,4,3"
observed_main,evqa-pilot500,smolvlm-1.7b,3,dot,False,-12.82,-7.920000000000009,"22,21,20","0,1,2"
observed_main,evqa-pilot500,blip2-opt-2.7b,3,depth2_norm,False,17.093999999999994,18.268666666666682,"17,18,16","0,1,2"
observed_main,evqa-pilot500,qwen2.5-vl-3b,3,depth2_norm,False,0.6599999999999966,0.7566666666666748,"20,18,19","0,1,2"
observed_main,evqa-pilot500,paligemma-3b,3,depth2_norm,False,-4.719999999999999,-14.070000000000007,"7,8,9","5,4,3"
observed_main,evqa-pilot500,smolvlm-1.7b,3,depth2_norm,False,-1.75,0.5866666666666447,"14,11,13","0,1,2"
observed_main,evqa-pilot500,minigpt-4-vicuna-7b,3,negative_cos_norm,False,-12.577999999999996,-5.947999999999993,"28,24,29","0,1,2"
observed_main,evqa-pilot500,smolvlm-1.7b,3,negative_cos_norm,True,0.0,0.0,"0,1,2","0,1,2"
observed_main,mmke-visual,blip2-opt-2.7b,1,norm,True,0.0,0.0,0,0
observed_main,mmke-visual,instructblip-vicuna-7b,1,norm,True,0.0,0.0,1,1
observed_main,mmke-visual,minigpt-4-vicuna-7b,1,norm,True,0.0,0.0,0,0
observed_main,mmke-visual,qwen2.5-vl-3b,1,norm,True,0.0,0.0,0,0
observed_main,mmke-visual,paligemma-3b,1,norm,True,0.0,0.0,4,4
observed_main,mmke-visual,smolvlm-1.7b,1,norm,True,0.0,0.0,0,0
observed_main,mmke-visual,blip2-opt-2.7b,1,abs_cos_norm,True,0.0,0.0,0,0
observed_main,mmke-visual,instructblip-vicuna-7b,1,abs_cos_norm,True,0.0,0.0,1,1
observed_main,mmke-visual,minigpt-4-vicuna-7b,1,abs_cos_norm,False,0.769999999999996,0.769999999999996,9,0
observed_main,mmke-visual,qwen2.5-vl-3b,1,abs_cos_norm,True,0.0,0.0,0,0
observed_main,mmke-visual,paligemma-3b,1,abs_cos_norm,False,-36.482,-36.482,5,4
observed_main,mmke-visual,smolvlm-1.7b,1,abs_cos_norm,True,0.0,0.0,0,0
observed_main,mmke-visual,blip2-opt-2.7b,1,one_minus_cos_norm,True,0.0,0.0,0,0
observed_main,mmke-visual,instructblip-vicuna-7b,1,one_minus_cos_norm,False,-19.120000000000005,-19.120000000000005,3,1
observed_main,mmke-visual,minigpt-4-vicuna-7b,1,one_minus_cos_norm,True,0.0,0.0,0,0
observed_main,mmke-visual,qwen2.5-vl-3b,1,one_minus_cos_norm,True,0.0,0.0,0,0
observed_main,mmke-visual,paligemma-3b,1,one_minus_cos_norm,True,0.0,0.0,4,4
observed_main,mmke-visual,smolvlm-1.7b,1,one_minus_cos_norm,True,0.0,0.0,0,0
observed_main,mmke-visual,blip2-opt-2.7b,1,signed_cos_norm,True,0.0,0.0,0,0
observed_main,mmke-visual,instructblip-vicuna-7b,1,signed_cos_norm,True,0.0,0.0,1,1
observed_main,mmke-visual,qwen2.5-vl-3b,1,signed_cos_norm,True,0.0,0.0,0,0
observed_main,mmke-visual,paligemma-3b,1,signed_cos_norm,False,-36.482,-36.482,5,4
observed_main,mmke-visual,smolvlm-1.7b,1,signed_cos_norm,True,0.0,0.0,0,0
observed_main,mmke-visual,instructblip-vicuna-7b,1,cos,False,-23.53,-23.53,30,1
observed_main,mmke-visual,minigpt-4-vicuna-7b,1,cos,True,0.0,0.0,0,0
observed_main,mmke-visual,qwen2.5-vl-3b,1,cos,False,0.5799999999999983,0.5799999999999983,12,0
observed_main,mmke-visual,paligemma-3b,1,cos,False,-36.482,-36.482,5,4
observed_main,mmke-visual,smolvlm-1.7b,1,cos,False,-0.5900000000000034,-0.5900000000000034,7,0
observed_main,mmke-visual,blip2-opt-2.7b,1,dot,False,6.82,6.82,4,0
observed_main,mmke-visual,instructblip-vicuna-7b,1,dot,True,0.0,0.0,1,1
observed_main,mmke-visual,qwen2.5-vl-3b,1,dot,True,0.0,0.0,0,0
observed_main,mmke-visual,paligemma-3b,1,dot,False,-36.482,-36.482,5,4
observed_main,mmke-visual,smolvlm-1.7b,1,dot,True,0.0,0.0,0,0
observed_main,mmke-visual,blip2-opt-2.7b,1,depth2_norm,False,9.000000000000007,9.000000000000007,19,0
observed_main,mmke-visual,instructblip-vicuna-7b,1,depth2_norm,False,-19.689999999999998,-19.689999999999998,27,1
observed_main,mmke-visual,minigpt-4-vicuna-7b,1,depth2_norm,False,-1.6219999999999999,-1.6219999999999999,27,0
observed_main,mmke-visual,qwen2.5-vl-3b,1,depth2_norm,False,-0.01999999999999602,-0.01999999999999602,20,0
observed_main,mmke-visual,paligemma-3b,1,depth2_norm,False,-5.616,-5.616,7,4
observed_main,mmke-visual,smolvlm-1.7b,1,depth2_norm,False,-1.7399999999999949,-1.7399999999999949,11,0
observed_main,mmke-visual,blip2-opt-2.7b,1,negative_cos_norm,False,3.3999999999999986,3.3999999999999986,30,0
observed_main,mmke-visual,minigpt-4-vicuna-7b,1,negative_cos_norm,False,0.769999999999996,0.769999999999996,9,0
observed_main,mmke-visual,blip2-opt-2.7b,3,norm,True,0.0,0.0,"0,1,2","0,1,2"
observed_main,mmke-visual,instructblip-vicuna-7b,3,norm,True,0.0,0.0,"1,0,3","1,0,3"
observed_main,mmke-visual,minigpt-4-vicuna-7b,3,norm,True,0.0,0.0,"0,1,2","0,1,2"
observed_main,mmke-visual,qwen2.5-vl-3b,3,norm,True,0.0,0.0,"0,1,2","0,1,2"
observed_main,mmke-visual,paligemma-3b,3,norm,True,0.0,0.0,"4,5,3","4,5,3"
observed_main,mmke-visual,smolvlm-1.7b,3,norm,True,0.0,0.0,"0,1,2","0,1,2"
observed_main,mmke-visual,blip2-opt-2.7b,3,abs_cos_norm,True,0.0,0.0,"0,1,2","0,1,2"
observed_main,mmke-visual,instructblip-vicuna-7b,3,abs_cos_norm,True,0.0,0.0,"1,0,3","1,0,3"
observed_main,mmke-visual,minigpt-4-vicuna-7b,3,abs_cos_norm,False,0.7660000000000053,0.7806666666666615,"9,10,11","0,1,2"
observed_main,mmke-visual,qwen2.5-vl-3b,3,abs_cos_norm,True,0.0,0.0,"0,1,2","0,1,2"
observed_main,mmke-visual,paligemma-3b,3,abs_cos_norm,True,0.0,0.0,"5,4,3","4,5,3"
observed_main,mmke-visual,smolvlm-1.7b,3,abs_cos_norm,True,0.0,0.0,"0,1,2","0,1,2"
observed_main,mmke-visual,blip2-opt-2.7b,3,one_minus_cos_norm,True,0.0,0.0,"0,1,2","0,1,2"
observed_main,mmke-visual,instructblip-vicuna-7b,3,one_minus_cos_norm,False,-20.13000000000001,-13.676666666666662,"3,2,4","1,0,3"
observed_main,mmke-visual,minigpt-4-vicuna-7b,3,one_minus_cos_norm,True,0.0,0.0,"0,1,2","0,1,2"
observed_main,mmke-visual,qwen2.5-vl-3b,3,one_minus_cos_norm,True,0.0,0.0,"0,1,2","0,1,2"
observed_main,mmke-visual,paligemma-3b,3,one_minus_cos_norm,True,0.0,0.0,"4,5,3","4,5,3"
observed_main,mmke-visual,smolvlm-1.7b,3,one_minus_cos_norm,True,0.0,0.0,"0,1,2","0,1,2"
observed_main,mmke-visual,blip2-opt-2.7b,3,signed_cos_norm,True,0.0,0.0,"0,1,2","0,1,2"
observed_main,mmke-visual,instructblip-vicuna-7b,3,signed_cos_norm,True,0.0,0.0,"1,0,3","1,0,3"
observed_main,mmke-visual,qwen2.5-vl-3b,3,signed_cos_norm,True,0.0,0.0,"0,1,2","0,1,2"
observed_main,mmke-visual,paligemma-3b,3,signed_cos_norm,True,0.0,0.0,"5,4,3","4,5,3"
observed_main,mmke-visual,smolvlm-1.7b,3,signed_cos_norm,True,0.0,0.0,"0,1,2","0,1,2"
observed_main,mmke-visual,minigpt-4-vicuna-7b,3,cos,True,0.0,0.0,"0,1,2","0,1,2"
observed_main,mmke-visual,smolvlm-1.7b,3,cos,False,-0.5900000000000034,-0.36333333333334394,"7,6,5","0,1,2"
observed_main,mmke-visual,blip2-opt-2.7b,3,dot,False,0.0,1.9566666666666634,"4,3,2","0,1,2"
observed_main,mmke-visual,instructblip-vicuna-7b,3,dot,True,0.0,0.0,"1,0,3","1,0,3"
observed_main,mmke-visual,qwen2.5-vl-3b,3,dot,True,0.0,0.0,"0,1,2","0,1,2"
observed_main,mmke-visual,paligemma-3b,3,dot,True,0.0,0.0,"5,4,3","4,5,3"
observed_main,mmke-visual,smolvlm-1.7b,3,dot,True,0.0,0.0,"0,1,2","0,1,2"
observed_main,mmke-visual,blip2-opt-2.7b,3,depth2_norm,False,1.9399999999999977,4.180000000000007,"19,20,18","0,1,2"
observed_main,mmke-visual,instructblip-vicuna-7b,3,depth2_norm,False,-20.700000000000003,-14.053333333333327,"27,26,25","1,0,3"
observed_main,mmke-visual,minigpt-4-vicuna-7b,3,depth2_norm,False,-1.6239999999999952,-1.713333333333324,"27,26,28","0,1,2"
observed_main,mmke-visual,qwen2.5-vl-3b,3,depth2_norm,False,0.23000000000000398,0.38333333333332575,"20,18,19","0,1,2"
observed_main,mmke-visual,paligemma-3b,3,depth2_norm,False,-5.616,18.37733333333334,"7,5,8","4,5,3"
observed_main,mmke-visual,smolvlm-1.7b,3,depth2_norm,False,-1.7399999999999949,-1.217333333333329,"11,10,9","0,1,2"
observed_main,mmke-visual,minigpt-4-vicuna-7b,3,negative_cos_norm,False,0.7660000000000053,0.7806666666666615,"9,10,11","0,1,2"
observed_main,mmke-entity,instructblip-vicuna-7b,1,norm,True,0.0,0.0,1,1
observed_main,mmke-entity,minigpt-4-vicuna-7b,1,norm,True,0.0,0.0,0,0
observed_main,mmke-entity,qwen2.5-vl-3b,1,norm,True,0.0,0.0,0,0
observed_main,mmke-entity,paligemma-3b,1,norm,True,0.0,0.0,5,5
observed_main,mmke-entity,smolvlm-1.7b,1,norm,True,0.0,0.0,0,0
observed_main,mmke-entity,instructblip-vicuna-7b,1,abs_cos_norm,True,0.0,0.0,1,1
observed_main,mmke-entity,minigpt-4-vicuna-7b,1,abs_cos_norm,False,0.48799999999999955,0.48799999999999955,27,0
observed_main,mmke-entity,qwen2.5-vl-3b,1,abs_cos_norm,True,0.0,0.0,0,0
observed_main,mmke-entity,paligemma-3b,1,abs_cos_norm,True,0.0,0.0,5,5
observed_main,mmke-entity,smolvlm-1.7b,1,abs_cos_norm,True,0.0,0.0,0,0
observed_main,mmke-entity,instructblip-vicuna-7b,1,one_minus_cos_norm,False,-19.160000000000004,-19.160000000000004,3,1
observed_main,mmke-entity,minigpt-4-vicuna-7b,1,one_minus_cos_norm,True,0.0,0.0,0,0
observed_main,mmke-entity,qwen2.5-vl-3b,1,one_minus_cos_norm,True,0.0,0.0,0,0
observed_main,mmke-entity,paligemma-3b,1,one_minus_cos_norm,False,5.325999999999993,5.325999999999993,4,5
observed_main,mmke-entity,smolvlm-1.7b,1,one_minus_cos_norm,True,0.0,0.0,0,0
observed_main,mmke-entity,instructblip-vicuna-7b,1,signed_cos_norm,True,0.0,0.0,1,1
observed_main,mmke-entity,minigpt-4-vicuna-7b,1,signed_cos_norm,True,0.0,0.0,0,0
observed_main,mmke-entity,qwen2.5-vl-3b,1,signed_cos_norm,True,0.0,0.0,0,0
observed_main,mmke-entity,paligemma-3b,1,signed_cos_norm,True,0.0,0.0,5,5
observed_main,mmke-entity,smolvlm-1.7b,1,signed_cos_norm,True,0.0,0.0,0,0
observed_main,mmke-entity,instructblip-vicuna-7b,1,cos,False,-22.480000000000004,-22.480000000000004,29,1
observed_main,mmke-entity,minigpt-4-vicuna-7b,1,cos,True,0.0,0.0,0,0
observed_main,mmke-entity,paligemma-3b,1,cos,True,0.0,0.0,5,5
observed_main,mmke-entity,smolvlm-1.7b,1,cos,False,0.01999999999999602,0.01999999999999602,6,0
observed_main,mmke-entity,instructblip-vicuna-7b,1,dot,True,0.0,0.0,1,1
observed_main,mmke-entity,qwen2.5-vl-3b,1,dot,True,0.0,0.0,0,0
observed_main,mmke-entity,paligemma-3b,1,dot,True,0.0,0.0,5,5
observed_main,mmke-entity,smolvlm-1.7b,1,dot,True,0.0,0.0,0,0
observed_main,mmke-entity,instructblip-vicuna-7b,1,depth2_norm,False,-22.24000000000001,-22.24000000000001,27,1
observed_main,mmke-entity,minigpt-4-vicuna-7b,1,depth2_norm,False,0.48799999999999955,0.48799999999999955,27,0
observed_main,mmke-entity,qwen2.5-vl-3b,1,depth2_norm,False,-0.9200000000000017,-0.9200000000000017,22,0
observed_main,mmke-entity,paligemma-3b,1,depth2_norm,False,-0.6899999999999977,-0.6899999999999977,7,5
observed_main,mmke-entity,smolvlm-1.7b,1,depth2_norm,False,-0.9200000000000017,-0.9200000000000017,11,0
observed_main,mmke-entity,minigpt-4-vicuna-7b,1,negative_cos_norm,False,0.48799999999999955,0.48799999999999955,27,0
observed_main,mmke-entity,instructblip-vicuna-7b,3,norm,True,0.0,0.0,"1,0,3","1,0,3"
observed_main,mmke-entity,minigpt-4-vicuna-7b,3,norm,True,0.0,0.0,"0,1,2","0,1,2"
observed_main,mmke-entity,qwen2.5-vl-3b,3,norm,True,0.0,0.0,"0,1,2","0,1,2"
observed_main,mmke-entity,paligemma-3b,3,norm,True,0.0,0.0,"5,4,3","5,4,3"
observed_main,mmke-entity,smolvlm-1.7b,3,norm,True,0.0,0.0,"0,1,2","0,1,2"
observed_main,mmke-entity,instructblip-vicuna-7b,3,abs_cos_norm,True,0.0,0.0,"1,0,3","1,0,3"
observed_main,mmke-entity,minigpt-4-vicuna-7b,3,abs_cos_norm,False,0.4900000000000091,0.4453333333333376,"27,28,26","0,1,2"
observed_main,mmke-entity,qwen2.5-vl-3b,3,abs_cos_norm,True,0.0,0.0,"0,1,2","0,1,2"
observed_main,mmke-entity,paligemma-3b,3,abs_cos_norm,True,0.0,0.0,"5,4,3","5,4,3"
observed_main,mmke-entity,smolvlm-1.7b,3,abs_cos_norm,True,0.0,0.0,"0,1,2","0,1,2"
observed_main,mmke-entity,instructblip-vicuna-7b,3,one_minus_cos_norm,False,-19.160000000000004,-13.469999999999999,"3,4,5","1,0,3"
observed_main,mmke-entity,minigpt-4-vicuna-7b,3,one_minus_cos_norm,True,0.0,0.0,"0,1,2","0,1,2"
observed_main,mmke-entity,qwen2.5-vl-3b,3,one_minus_cos_norm,True,0.0,0.0,"0,1,2","0,1,2"
observed_main,mmke-entity,paligemma-3b,3,one_minus_cos_norm,True,0.0,0.0,"4,5,3","5,4,3"
observed_main,mmke-entity,smolvlm-1.7b,3,one_minus_cos_norm,True,0.0,0.0,"0,1,2","0,1,2"
observed_main,mmke-entity,instructblip-vicuna-7b,3,signed_cos_norm,True,0.0,0.0,"1,0,3","1,0,3"
observed_main,mmke-entity,qwen2.5-vl-3b,3,signed_cos_norm,True,0.0,0.0,"0,1,2","0,1,2"
observed_main,mmke-entity,paligemma-3b,3,signed_cos_norm,True,0.0,0.0,"5,4,3","5,4,3"
observed_main,mmke-entity,smolvlm-1.7b,3,signed_cos_norm,True,0.0,0.0,"0,1,2","0,1,2"
observed_main,mmke-entity,instructblip-vicuna-7b,3,cos,False,-22.24000000000001,-15.799999999999997,"29,30,27","1,0,3"
observed_main,mmke-entity,minigpt-4-vicuna-7b,3,cos,True,0.0,0.0,"0,1,2","0,1,2"
observed_main,mmke-entity,paligemma-3b,3,cos,False,0.0,-15.310000000000002,"5,4,16","5,4,3"
observed_main,mmke-entity,instructblip-vicuna-7b,3,dot,True,0.0,0.0,"1,0,3","1,0,3"
observed_main,mmke-entity,qwen2.5-vl-3b,3,dot,True,0.0,0.0,"0,1,2","0,1,2"
observed_main,mmke-entity,paligemma-3b,3,dot,True,0.0,0.0,"5,4,3","5,4,3"
observed_main,mmke-entity,smolvlm-1.7b,3,dot,True,0.0,0.0,"0,1,2","0,1,2"
observed_main,mmke-entity,instructblip-vicuna-7b,3,depth2_norm,False,-21.60000000000001,-15.159999999999997,"27,26,25","1,0,3"
observed_main,mmke-entity,minigpt-4-vicuna-7b,3,depth2_norm,False,0.4900000000000091,0.4453333333333376,"27,26,28","0,1,2"
observed_main,mmke-entity,qwen2.5-vl-3b,3,depth2_norm,False,-0.980000000000004,-1.123333333333349,"22,20,21","0,1,2"
observed_main,mmke-entity,paligemma-3b,3,depth2_norm,False,0.16400000000000148,-0.8953333333333262,"7,5,8","5,4,3"
observed_main,mmke-entity,smolvlm-1.7b,3,depth2_norm,False,-0.5,-0.6766666666666623,"11,10,9","0,1,2"
observed_main,mmke-entity,minigpt-4-vicuna-7b,3,negative_cos_norm,False,0.4900000000000091,0.4453333333333376,"27,28,26","0,1,2"
frozen_clean,evqa-pilot500,blip2-opt-2.7b,1,norm,True,0.0,0.0,0,0
frozen_clean,evqa-pilot500,instructblip-vicuna-7b,1,norm,True,0.0,0.0,1,1
frozen_clean,evqa-pilot500,minigpt-4-vicuna-7b,1,norm,True,0.0,0.0,0,0
frozen_clean,evqa-pilot500,llava-v1.5-7b,1,norm,True,0.0,0.0,0,0
frozen_clean,evqa-pilot500,qwen2.5-vl-3b,1,norm,True,0.0,0.0,0,0
frozen_clean,evqa-pilot500,paligemma-3b,1,norm,True,0.0,0.0,5,5
frozen_clean,evqa-pilot500,smolvlm-1.7b,1,norm,True,0.0,0.0,0,0
frozen_clean,evqa-pilot500,blip2-opt-2.7b,1,abs_cos_norm,True,0.0,0.0,0,0
frozen_clean,evqa-pilot500,instructblip-vicuna-7b,1,abs_cos_norm,True,0.0,0.0,1,1
frozen_clean,evqa-pilot500,minigpt-4-vicuna-7b,1,abs_cos_norm,False,1.730000000000004,1.730000000000004,18,0
frozen_clean,evqa-pilot500,llava-v1.5-7b,1,abs_cos_norm,True,0.0,0.0,0,0
frozen_clean,evqa-pilot500,qwen2.5-vl-3b,1,abs_cos_norm,False,0.8500000000000014,0.8500000000000014,21,0
frozen_clean,evqa-pilot500,paligemma-3b,1,abs_cos_norm,True,0.0,0.0,5,5
frozen_clean,evqa-pilot500,smolvlm-1.7b,1,abs_cos_norm,True,0.0,0.0,0,0
frozen_clean,evqa-pilot500,blip2-opt-2.7b,1,one_minus_cos_norm,True,0.0,0.0,0,0
frozen_clean,evqa-pilot500,instructblip-vicuna-7b,1,one_minus_cos_norm,True,0.0,0.0,1,1
frozen_clean,evqa-pilot500,minigpt-4-vicuna-7b,1,one_minus_cos_norm,True,0.0,0.0,0,0
frozen_clean,evqa-pilot500,llava-v1.5-7b,1,one_minus_cos_norm,True,0.0,0.0,0,0
frozen_clean,evqa-pilot500,qwen2.5-vl-3b,1,one_minus_cos_norm,True,0.0,0.0,0,0
frozen_clean,evqa-pilot500,paligemma-3b,1,one_minus_cos_norm,False,-7.040000000000006,-7.040000000000006,4,5
frozen_clean,evqa-pilot500,smolvlm-1.7b,1,one_minus_cos_norm,True,0.0,0.0,0,0
frozen_clean,evqa-pilot500,blip2-opt-2.7b,1,signed_cos_norm,True,0.0,0.0,0,0
frozen_clean,evqa-pilot500,instructblip-vicuna-7b,1,signed_cos_norm,True,0.0,0.0,1,1
frozen_clean,evqa-pilot500,minigpt-4-vicuna-7b,1,signed_cos_norm,False,1.730000000000004,1.730000000000004,18,0
frozen_clean,evqa-pilot500,llava-v1.5-7b,1,signed_cos_norm,False,-3.2479999999999976,-3.2479999999999976,30,0
frozen_clean,evqa-pilot500,qwen2.5-vl-3b,1,signed_cos_norm,False,0.8500000000000014,0.8500000000000014,21,0
frozen_clean,evqa-pilot500,paligemma-3b,1,signed_cos_norm,True,0.0,0.0,5,5
frozen_clean,evqa-pilot500,smolvlm-1.7b,1,signed_cos_norm,False,-14.100000000000001,-14.100000000000001,22,0
frozen_clean,evqa-pilot500,blip2-opt-2.7b,1,cos,True,0.0,0.0,0,0
frozen_clean,evqa-pilot500,instructblip-vicuna-7b,1,cos,True,0.0,0.0,1,1
frozen_clean,evqa-pilot500,minigpt-4-vicuna-7b,1,cos,False,1.730000000000004,1.730000000000004,18,0
frozen_clean,evqa-pilot500,qwen2.5-vl-3b,1,cos,False,-0.10000000000000142,-0.10000000000000142,24,0
frozen_clean,evqa-pilot500,smolvlm-1.7b,1,cos,False,-13.600000000000001,-13.600000000000001,21,0
frozen_clean,evqa-pilot500,blip2-opt-2.7b,1,dot,True,0.0,0.0,0,0
frozen_clean,evqa-pilot500,instructblip-vicuna-7b,1,dot,True,0.0,0.0,1,1
frozen_clean,evqa-pilot500,minigpt-4-vicuna-7b,1,dot,False,11.204000000000008,11.204000000000008,8,0
frozen_clean,evqa-pilot500,llava-v1.5-7b,1,dot,False,-3.2479999999999976,-3.2479999999999976,30,0
frozen_clean,evqa-pilot500,paligemma-3b,1,dot,True,0.0,0.0,5,5
frozen_clean,evqa-pilot500,smolvlm-1.7b,1,dot,False,-14.100000000000001,-14.100000000000001,22,0
frozen_clean,evqa-pilot500,blip2-opt-2.7b,1,depth2_norm,False,17.439999999999998,17.439999999999998,17,0
frozen_clean,evqa-pilot500,minigpt-4-vicuna-7b,1,depth2_norm,False,0.7240000000000038,0.7240000000000038,22,0
frozen_clean,evqa-pilot500,qwen2.5-vl-3b,1,depth2_norm,False,-0.7800000000000011,-0.7800000000000011,20,0
frozen_clean,evqa-pilot500,paligemma-3b,1,depth2_norm,False,-2.519999999999996,-2.519999999999996,7,5
frozen_clean,evqa-pilot500,smolvlm-1.7b,1,depth2_norm,False,-1.75,-1.75,14,0
frozen_clean,evqa-pilot500,minigpt-4-vicuna-7b,1,negative_cos_norm,False,0.5300000000000011,0.5300000000000011,28,0
frozen_clean,evqa-pilot500,llava-v1.5-7b,1,negative_cos_norm,True,0.0,0.0,0,0
frozen_clean,evqa-pilot500,qwen2.5-vl-3b,1,negative_cos_norm,False,-0.11999999999999744,-0.11999999999999744,34,0
frozen_clean,evqa-pilot500,smolvlm-1.7b,1,negative_cos_norm,True,0.0,0.0,0,0
frozen_clean,evqa-pilot500,blip2-opt-2.7b,3,norm,True,0.0,0.0,"0,1,2","0,1,2"
frozen_clean,evqa-pilot500,minigpt-4-vicuna-7b,3,norm,True,0.0,0.0,"0,1,2","0,1,2"
frozen_clean,evqa-pilot500,qwen2.5-vl-3b,3,norm,True,0.0,0.0,"0,1,2","0,1,2"
frozen_clean,evqa-pilot500,paligemma-3b,3,norm,True,0.0,0.0,"5,4,3","5,4,3"
frozen_clean,evqa-pilot500,smolvlm-1.7b,3,norm,True,0.0,0.0,"0,1,2","0,1,2"
frozen_clean,evqa-pilot500,blip2-opt-2.7b,3,abs_cos_norm,True,0.0,0.0,"0,1,2","0,1,2"
frozen_clean,evqa-pilot500,minigpt-4-vicuna-7b,3,abs_cos_norm,False,-6.1640000000000015,-3.1840000000000046,"18,19,16","0,1,2"
frozen_clean,evqa-pilot500,qwen2.5-vl-3b,3,abs_cos_norm,False,0.8500000000000014,0.9833333333333414,"21,19,17","0,1,2"
frozen_clean,evqa-pilot500,paligemma-3b,3,abs_cos_norm,True,0.0,0.0,"5,4,3","5,4,3"
frozen_clean,evqa-pilot500,smolvlm-1.7b,3,abs_cos_norm,True,0.0,0.0,"0,1,2","0,1,2"
frozen_clean,evqa-pilot500,blip2-opt-2.7b,3,one_minus_cos_norm,True,0.0,0.0,"0,1,2","0,1,2"
frozen_clean,evqa-pilot500,minigpt-4-vicuna-7b,3,one_minus_cos_norm,True,0.0,0.0,"0,1,2","0,1,2"
frozen_clean,evqa-pilot500,qwen2.5-vl-3b,3,one_minus_cos_norm,True,0.0,0.0,"0,1,2","0,1,2"
frozen_clean,evqa-pilot500,paligemma-3b,3,one_minus_cos_norm,True,0.0,0.0,"4,5,3","5,4,3"
frozen_clean,evqa-pilot500,smolvlm-1.7b,3,one_minus_cos_norm,True,0.0,0.0,"0,1,2","0,1,2"
frozen_clean,evqa-pilot500,blip2-opt-2.7b,3,signed_cos_norm,True,0.0,0.0,"0,1,2","0,1,2"
frozen_clean,evqa-pilot500,minigpt-4-vicuna-7b,3,signed_cos_norm,False,-6.1640000000000015,-3.1840000000000046,"18,19,16","0,1,2"
frozen_clean,evqa-pilot500,qwen2.5-vl-3b,3,signed_cos_norm,False,0.8500000000000014,0.9833333333333414,"21,19,17","0,1,2"
frozen_clean,evqa-pilot500,paligemma-3b,3,signed_cos_norm,True,0.0,0.0,"5,4,3","5,4,3"
frozen_clean,evqa-pilot500,smolvlm-1.7b,3,signed_cos_norm,False,-12.82,-7.920000000000009,"22,21,20","0,1,2"
frozen_clean,evqa-pilot500,blip2-opt-2.7b,3,cos,True,0.0,0.0,"0,1,2","0,1,2"
frozen_clean,evqa-pilot500,smolvlm-1.7b,3,cos,False,-12.82,-7.920000000000009,"21,22,20","0,1,2"
frozen_clean,evqa-pilot500,blip2-opt-2.7b,3,dot,True,0.0,0.0,"0,1,2","0,1,2"
frozen_clean,evqa-pilot500,minigpt-4-vicuna-7b,3,dot,False,-2.069999999999993,0.367999999999995,"8,18,16","0,1,2"
frozen_clean,evqa-pilot500,paligemma-3b,3,dot,True,0.0,0.0,"5,4,3","5,4,3"
frozen_clean,evqa-pilot500,smolvlm-1.7b,3,dot,False,-12.82,-7.920000000000009,"22,21,20","0,1,2"
frozen_clean,evqa-pilot500,blip2-opt-2.7b,3,depth2_norm,False,17.093999999999994,18.268666666666682,"17,18,16","0,1,2"
frozen_clean,evqa-pilot500,qwen2.5-vl-3b,3,depth2_norm,False,0.6599999999999966,0.7566666666666748,"20,18,19","0,1,2"
frozen_clean,evqa-pilot500,smolvlm-1.7b,3,depth2_norm,False,-1.75,0.5866666666666447,"14,11,13","0,1,2"
frozen_clean,evqa-pilot500,minigpt-4-vicuna-7b,3,negative_cos_norm,False,-12.577999999999996,-5.947999999999993,"28,24,29","0,1,2"
frozen_clean,evqa-pilot500,smolvlm-1.7b,3,negative_cos_norm,True,0.0,0.0,"0,1,2","0,1,2"
frozen_clean,mmke-visual,blip2-opt-2.7b,1,norm,True,0.0,0.0,0,0
frozen_clean,mmke-visual,instructblip-vicuna-7b,1,norm,True,0.0,0.0,1,1
frozen_clean,mmke-visual,minigpt-4-vicuna-7b,1,norm,True,0.0,0.0,0,0
frozen_clean,mmke-visual,qwen2.5-vl-3b,1,norm,True,0.0,0.0,0,0
frozen_clean,mmke-visual,smolvlm-1.7b,1,norm,True,0.0,0.0,0,0
frozen_clean,mmke-visual,blip2-opt-2.7b,1,abs_cos_norm,True,0.0,0.0,0,0
frozen_clean,mmke-visual,instructblip-vicuna-7b,1,abs_cos_norm,True,0.0,0.0,1,1
frozen_clean,mmke-visual,minigpt-4-vicuna-7b,1,abs_cos_norm,False,0.769999999999996,0.769999999999996,9,0
frozen_clean,mmke-visual,qwen2.5-vl-3b,1,abs_cos_norm,True,0.0,0.0,0,0
frozen_clean,mmke-visual,smolvlm-1.7b,1,abs_cos_norm,True,0.0,0.0,0,0
frozen_clean,mmke-visual,blip2-opt-2.7b,1,one_minus_cos_norm,True,0.0,0.0,0,0
frozen_clean,mmke-visual,instructblip-vicuna-7b,1,one_minus_cos_norm,False,-19.120000000000005,-19.120000000000005,3,1
frozen_clean,mmke-visual,minigpt-4-vicuna-7b,1,one_minus_cos_norm,True,0.0,0.0,0,0
frozen_clean,mmke-visual,qwen2.5-vl-3b,1,one_minus_cos_norm,True,0.0,0.0,0,0
frozen_clean,mmke-visual,smolvlm-1.7b,1,one_minus_cos_norm,True,0.0,0.0,0,0
frozen_clean,mmke-visual,blip2-opt-2.7b,1,signed_cos_norm,True,0.0,0.0,0,0
frozen_clean,mmke-visual,instructblip-vicuna-7b,1,signed_cos_norm,True,0.0,0.0,1,1
frozen_clean,mmke-visual,qwen2.5-vl-3b,1,signed_cos_norm,True,0.0,0.0,0,0
frozen_clean,mmke-visual,smolvlm-1.7b,1,signed_cos_norm,True,0.0,0.0,0,0
frozen_clean,mmke-visual,instructblip-vicuna-7b,1,cos,False,-23.53,-23.53,30,1
frozen_clean,mmke-visual,minigpt-4-vicuna-7b,1,cos,True,0.0,0.0,0,0
frozen_clean,mmke-visual,qwen2.5-vl-3b,1,cos,False,0.5799999999999983,0.5799999999999983,12,0
frozen_clean,mmke-visual,smolvlm-1.7b,1,cos,False,-0.5900000000000034,-0.5900000000000034,7,0
frozen_clean,mmke-visual,blip2-opt-2.7b,1,dot,False,6.82,6.82,4,0
frozen_clean,mmke-visual,instructblip-vicuna-7b,1,dot,True,0.0,0.0,1,1
frozen_clean,mmke-visual,qwen2.5-vl-3b,1,dot,True,0.0,0.0,0,0
frozen_clean,mmke-visual,smolvlm-1.7b,1,dot,True,0.0,0.0,0,0
frozen_clean,mmke-visual,blip2-opt-2.7b,1,depth2_norm,False,9.000000000000007,9.000000000000007,19,0
frozen_clean,mmke-visual,instructblip-vicuna-7b,1,depth2_norm,False,-19.689999999999998,-19.689999999999998,27,1
frozen_clean,mmke-visual,minigpt-4-vicuna-7b,1,depth2_norm,False,-1.6219999999999999,-1.6219999999999999,27,0
frozen_clean,mmke-visual,qwen2.5-vl-3b,1,depth2_norm,False,-0.01999999999999602,-0.01999999999999602,20,0
frozen_clean,mmke-visual,smolvlm-1.7b,1,depth2_norm,False,-1.7399999999999949,-1.7399999999999949,11,0
frozen_clean,mmke-visual,blip2-opt-2.7b,1,negative_cos_norm,False,3.3999999999999986,3.3999999999999986,30,0
frozen_clean,mmke-visual,minigpt-4-vicuna-7b,1,negative_cos_norm,False,0.769999999999996,0.769999999999996,9,0
frozen_clean,mmke-visual,blip2-opt-2.7b,3,norm,True,0.0,0.0,"0,1,2","0,1,2"
frozen_clean,mmke-visual,instructblip-vicuna-7b,3,norm,True,0.0,0.0,"1,0,3","1,0,3"
frozen_clean,mmke-visual,minigpt-4-vicuna-7b,3,norm,True,0.0,0.0,"0,1,2","0,1,2"
frozen_clean,mmke-visual,qwen2.5-vl-3b,3,norm,True,0.0,0.0,"0,1,2","0,1,2"
frozen_clean,mmke-visual,smolvlm-1.7b,3,norm,True,0.0,0.0,"0,1,2","0,1,2"
frozen_clean,mmke-visual,blip2-opt-2.7b,3,abs_cos_norm,True,0.0,0.0,"0,1,2","0,1,2"
frozen_clean,mmke-visual,instructblip-vicuna-7b,3,abs_cos_norm,True,0.0,0.0,"1,0,3","1,0,3"
frozen_clean,mmke-visual,minigpt-4-vicuna-7b,3,abs_cos_norm,False,0.7660000000000053,0.7806666666666615,"9,10,11","0,1,2"
frozen_clean,mmke-visual,qwen2.5-vl-3b,3,abs_cos_norm,True,0.0,0.0,"0,1,2","0,1,2"
frozen_clean,mmke-visual,smolvlm-1.7b,3,abs_cos_norm,True,0.0,0.0,"0,1,2","0,1,2"
frozen_clean,mmke-visual,blip2-opt-2.7b,3,one_minus_cos_norm,True,0.0,0.0,"0,1,2","0,1,2"
frozen_clean,mmke-visual,instructblip-vicuna-7b,3,one_minus_cos_norm,False,-20.13000000000001,-13.676666666666662,"3,2,4","1,0,3"
frozen_clean,mmke-visual,minigpt-4-vicuna-7b,3,one_minus_cos_norm,True,0.0,0.0,"0,1,2","0,1,2"
frozen_clean,mmke-visual,qwen2.5-vl-3b,3,one_minus_cos_norm,True,0.0,0.0,"0,1,2","0,1,2"
frozen_clean,mmke-visual,smolvlm-1.7b,3,one_minus_cos_norm,True,0.0,0.0,"0,1,2","0,1,2"
frozen_clean,mmke-visual,blip2-opt-2.7b,3,signed_cos_norm,True,0.0,0.0,"0,1,2","0,1,2"
frozen_clean,mmke-visual,instructblip-vicuna-7b,3,signed_cos_norm,True,0.0,0.0,"1,0,3","1,0,3"
frozen_clean,mmke-visual,qwen2.5-vl-3b,3,signed_cos_norm,True,0.0,0.0,"0,1,2","0,1,2"
frozen_clean,mmke-visual,smolvlm-1.7b,3,signed_cos_norm,True,0.0,0.0,"0,1,2","0,1,2"
frozen_clean,mmke-visual,minigpt-4-vicuna-7b,3,cos,True,0.0,0.0,"0,1,2","0,1,2"
frozen_clean,mmke-visual,smolvlm-1.7b,3,cos,False,-0.5900000000000034,-0.36333333333334394,"7,6,5","0,1,2"
frozen_clean,mmke-visual,blip2-opt-2.7b,3,dot,False,0.0,1.9566666666666634,"4,3,2","0,1,2"
frozen_clean,mmke-visual,instructblip-vicuna-7b,3,dot,True,0.0,0.0,"1,0,3","1,0,3"
frozen_clean,mmke-visual,qwen2.5-vl-3b,3,dot,True,0.0,0.0,"0,1,2","0,1,2"
frozen_clean,mmke-visual,smolvlm-1.7b,3,dot,True,0.0,0.0,"0,1,2","0,1,2"
frozen_clean,mmke-visual,blip2-opt-2.7b,3,depth2_norm,False,1.9399999999999977,4.180000000000007,"19,20,18","0,1,2"
frozen_clean,mmke-visual,instructblip-vicuna-7b,3,depth2_norm,False,-20.700000000000003,-14.053333333333327,"27,26,25","1,0,3"
frozen_clean,mmke-visual,minigpt-4-vicuna-7b,3,depth2_norm,False,-1.6239999999999952,-1.713333333333324,"27,26,28","0,1,2"
frozen_clean,mmke-visual,qwen2.5-vl-3b,3,depth2_norm,False,0.23000000000000398,0.38333333333332575,"20,18,19","0,1,2"
frozen_clean,mmke-visual,smolvlm-1.7b,3,depth2_norm,False,-1.7399999999999949,-1.217333333333329,"11,10,9","0,1,2"
frozen_clean,mmke-visual,minigpt-4-vicuna-7b,3,negative_cos_norm,False,0.7660000000000053,0.7806666666666615,"9,10,11","0,1,2"
frozen_clean,mmke-entity,instructblip-vicuna-7b,1,norm,True,0.0,0.0,1,1
frozen_clean,mmke-entity,minigpt-4-vicuna-7b,1,norm,True,0.0,0.0,0,0
frozen_clean,mmke-entity,qwen2.5-vl-3b,1,norm,True,0.0,0.0,0,0
frozen_clean,mmke-entity,paligemma-3b,1,norm,True,0.0,0.0,5,5
frozen_clean,mmke-entity,smolvlm-1.7b,1,norm,True,0.0,0.0,0,0
frozen_clean,mmke-entity,instructblip-vicuna-7b,1,abs_cos_norm,True,0.0,0.0,1,1
frozen_clean,mmke-entity,minigpt-4-vicuna-7b,1,abs_cos_norm,False,0.48799999999999955,0.48799999999999955,27,0
frozen_clean,mmke-entity,qwen2.5-vl-3b,1,abs_cos_norm,True,0.0,0.0,0,0
frozen_clean,mmke-entity,paligemma-3b,1,abs_cos_norm,True,0.0,0.0,5,5
frozen_clean,mmke-entity,smolvlm-1.7b,1,abs_cos_norm,True,0.0,0.0,0,0
frozen_clean,mmke-entity,instructblip-vicuna-7b,1,one_minus_cos_norm,False,-19.160000000000004,-19.160000000000004,3,1
frozen_clean,mmke-entity,minigpt-4-vicuna-7b,1,one_minus_cos_norm,True,0.0,0.0,0,0
frozen_clean,mmke-entity,qwen2.5-vl-3b,1,one_minus_cos_norm,True,0.0,0.0,0,0
frozen_clean,mmke-entity,paligemma-3b,1,one_minus_cos_norm,False,5.325999999999993,5.325999999999993,4,5
frozen_clean,mmke-entity,smolvlm-1.7b,1,one_minus_cos_norm,True,0.0,0.0,0,0
frozen_clean,mmke-entity,instructblip-vicuna-7b,1,signed_cos_norm,True,0.0,0.0,1,1
frozen_clean,mmke-entity,minigpt-4-vicuna-7b,1,signed_cos_norm,True,0.0,0.0,0,0
frozen_clean,mmke-entity,qwen2.5-vl-3b,1,signed_cos_norm,True,0.0,0.0,0,0
frozen_clean,mmke-entity,paligemma-3b,1,signed_cos_norm,True,0.0,0.0,5,5
frozen_clean,mmke-entity,smolvlm-1.7b,1,signed_cos_norm,True,0.0,0.0,0,0
frozen_clean,mmke-entity,instructblip-vicuna-7b,1,cos,False,-22.480000000000004,-22.480000000000004,29,1
frozen_clean,mmke-entity,minigpt-4-vicuna-7b,1,cos,True,0.0,0.0,0,0
frozen_clean,mmke-entity,paligemma-3b,1,cos,True,0.0,0.0,5,5
frozen_clean,mmke-entity,smolvlm-1.7b,1,cos,False,0.01999999999999602,0.01999999999999602,6,0
frozen_clean,mmke-entity,instructblip-vicuna-7b,1,dot,True,0.0,0.0,1,1
frozen_clean,mmke-entity,qwen2.5-vl-3b,1,dot,True,0.0,0.0,0,0
frozen_clean,mmke-entity,paligemma-3b,1,dot,True,0.0,0.0,5,5
frozen_clean,mmke-entity,smolvlm-1.7b,1,dot,True,0.0,0.0,0,0
frozen_clean,mmke-entity,instructblip-vicuna-7b,1,depth2_norm,False,-22.24000000000001,-22.24000000000001,27,1
frozen_clean,mmke-entity,minigpt-4-vicuna-7b,1,depth2_norm,False,0.48799999999999955,0.48799999999999955,27,0
frozen_clean,mmke-entity,qwen2.5-vl-3b,1,depth2_norm,False,-0.9200000000000017,-0.9200000000000017,22,0
frozen_clean,mmke-entity,paligemma-3b,1,depth2_norm,False,-0.6899999999999977,-0.6899999999999977,7,5
frozen_clean,mmke-entity,smolvlm-1.7b,1,depth2_norm,False,-0.9200000000000017,-0.9200000000000017,11,0
frozen_clean,mmke-entity,minigpt-4-vicuna-7b,1,negative_cos_norm,False,0.48799999999999955,0.48799999999999955,27,0
frozen_clean,mmke-entity,instructblip-vicuna-7b,3,norm,True,0.0,0.0,"1,0,3","1,0,3"
frozen_clean,mmke-entity,minigpt-4-vicuna-7b,3,norm,True,0.0,0.0,"0,1,2","0,1,2"
frozen_clean,mmke-entity,qwen2.5-vl-3b,3,norm,True,0.0,0.0,"0,1,2","0,1,2"
frozen_clean,mmke-entity,paligemma-3b,3,norm,True,0.0,0.0,"5,4,3","5,4,3"
frozen_clean,mmke-entity,smolvlm-1.7b,3,norm,True,0.0,0.0,"0,1,2","0,1,2"
frozen_clean,mmke-entity,instructblip-vicuna-7b,3,abs_cos_norm,True,0.0,0.0,"1,0,3","1,0,3"
frozen_clean,mmke-entity,minigpt-4-vicuna-7b,3,abs_cos_norm,False,0.4900000000000091,0.4453333333333376,"27,28,26","0,1,2"
frozen_clean,mmke-entity,qwen2.5-vl-3b,3,abs_cos_norm,True,0.0,0.0,"0,1,2","0,1,2"
frozen_clean,mmke-entity,paligemma-3b,3,abs_cos_norm,True,0.0,0.0,"5,4,3","5,4,3"
frozen_clean,mmke-entity,smolvlm-1.7b,3,abs_cos_norm,True,0.0,0.0,"0,1,2","0,1,2"
frozen_clean,mmke-entity,instructblip-vicuna-7b,3,one_minus_cos_norm,False,-19.160000000000004,-13.469999999999999,"3,4,5","1,0,3"
frozen_clean,mmke-entity,minigpt-4-vicuna-7b,3,one_minus_cos_norm,True,0.0,0.0,"0,1,2","0,1,2"
frozen_clean,mmke-entity,qwen2.5-vl-3b,3,one_minus_cos_norm,True,0.0,0.0,"0,1,2","0,1,2"
frozen_clean,mmke-entity,paligemma-3b,3,one_minus_cos_norm,True,0.0,0.0,"4,5,3","5,4,3"
frozen_clean,mmke-entity,smolvlm-1.7b,3,one_minus_cos_norm,True,0.0,0.0,"0,1,2","0,1,2"
frozen_clean,mmke-entity,instructblip-vicuna-7b,3,signed_cos_norm,True,0.0,0.0,"1,0,3","1,0,3"
frozen_clean,mmke-entity,qwen2.5-vl-3b,3,signed_cos_norm,True,0.0,0.0,"0,1,2","0,1,2"
frozen_clean,mmke-entity,paligemma-3b,3,signed_cos_norm,True,0.0,0.0,"5,4,3","5,4,3"
frozen_clean,mmke-entity,smolvlm-1.7b,3,signed_cos_norm,True,0.0,0.0,"0,1,2","0,1,2"
frozen_clean,mmke-entity,instructblip-vicuna-7b,3,cos,False,-22.24000000000001,-15.799999999999997,"29,30,27","1,0,3"
frozen_clean,mmke-entity,minigpt-4-vicuna-7b,3,cos,True,0.0,0.0,"0,1,2","0,1,2"
frozen_clean,mmke-entity,instructblip-vicuna-7b,3,dot,True,0.0,0.0,"1,0,3","1,0,3"
frozen_clean,mmke-entity,qwen2.5-vl-3b,3,dot,True,0.0,0.0,"0,1,2","0,1,2"
frozen_clean,mmke-entity,paligemma-3b,3,dot,True,0.0,0.0,"5,4,3","5,4,3"
frozen_clean,mmke-entity,smolvlm-1.7b,3,dot,True,0.0,0.0,"0,1,2","0,1,2"
frozen_clean,mmke-entity,instructblip-vicuna-7b,3,depth2_norm,False,-21.60000000000001,-15.159999999999997,"27,26,25","1,0,3"
frozen_clean,mmke-entity,minigpt-4-vicuna-7b,3,depth2_norm,False,0.4900000000000091,0.4453333333333376,"27,26,28","0,1,2"
frozen_clean,mmke-entity,qwen2.5-vl-3b,3,depth2_norm,False,-0.980000000000004,-1.123333333333349,"22,20,21","0,1,2"
frozen_clean,mmke-entity,paligemma-3b,3,depth2_norm,False,0.16400000000000148,-0.8953333333333262,"7,5,8","5,4,3"
frozen_clean,mmke-entity,smolvlm-1.7b,3,depth2_norm,False,-0.5,-0.6766666666666623,"11,10,9","0,1,2"
frozen_clean,mmke-entity,minigpt-4-vicuna-7b,3,negative_cos_norm,False,0.4900000000000091,0.4453333333333376,"27,28,26","0,1,2"
