dataset,subset,model,method,key_mode,key_token_rule,layer,attn_mean,mlp_mean,score_positive,score_signed,score_abs,score_positive_smoothed,rank_positive,rank_signed,rank_abs,total_sample_count,valid_sample_count,generic_key_token_count,generic_key_token_ratio,status,failure_reason
mmke-entity,train,smolvlm-1.7b,VisEdit-Contrib-Pre-KeyToken,dataset_key_token,dataset_specific_key_token,0,0.0,0.00030912173997652475,0.00030912173997652475,0.00030912173997652475,0.00030912173997652475,0.0005668100609894818,21,21,21,636,636,0,0.0,done,
mmke-entity,train,smolvlm-1.7b,VisEdit-Contrib-Pre-KeyToken,dataset_key_token,dataset_specific_key_token,1,0.0,0.0008244983820024388,0.0008244983820024388,0.0008244983820024388,0.0008244983820024388,0.0006657109869924873,12,12,12,636,636,0,0.0,done,
mmke-entity,train,smolvlm-1.7b,VisEdit-Contrib-Pre-KeyToken,dataset_key_token,dataset_specific_key_token,2,8.523382460310599e-07,0.0008626605007524677,0.0008635128389984988,0.0008635128389984988,0.0008635128389984988,0.0006449308115257061,11,11,11,636,636,0,0.0,done,
mmke-entity,train,smolvlm-1.7b,VisEdit-Contrib-Pre-KeyToken,dataset_key_token,dataset_specific_key_token,3,0.0,0.0002467812135761803,0.0002467812135761803,0.0002467812135761803,0.0002467812135761803,0.0007451117257536777,23,23,23,636,636,0,0.0,done,
mmke-entity,train,smolvlm-1.7b,VisEdit-Contrib-Pre-KeyToken,dataset_key_token,dataset_specific_key_token,4,0.00019298326314271091,0.0009320578615436431,0.001125041124686354,0.001125041124686354,0.001125041124686354,0.0005819029553051489,10,10,10,636,636,0,0.0,done,
mmke-entity,train,smolvlm-1.7b,VisEdit-Contrib-Pre-KeyToken,dataset_key_token,dataset_specific_key_token,5,4.503752574895277e-06,0.0003693827750780172,0.0003738865276529125,0.0003738865276529125,0.0003738865276529125,0.0006123783662679028,18,18,18,636,636,0,0.0,done,
mmke-entity,train,smolvlm-1.7b,VisEdit-Contrib-Pre-KeyToken,dataset_key_token,dataset_specific_key_token,6,3.0361022535667413e-05,0.00030784642392877465,0.00033820744646444206,0.00033820744646444206,0.00033820744646444206,0.00028214189470287117,19,19,19,636,636,0,0.0,done,
mmke-entity,train,smolvlm-1.7b,VisEdit-Contrib-Pre-KeyToken,dataset_key_token,dataset_specific_key_token,7,2.1797700320146927e-05,0.00011253400967111205,0.00013433170999125897,0.00013433170999125897,0.00013433170999125897,0.0005373587886703235,24,24,24,636,636,0,0.0,done,
mmke-entity,train,smolvlm-1.7b,VisEdit-Contrib-Pre-KeyToken,dataset_key_token,dataset_specific_key_token,8,0.0006446103415061441,0.0004949268680491256,0.0011395372095552698,0.0011395372095552698,0.0011395372095552698,0.0005087127971469662,9,9,9,636,636,0,0.0,done,
mmke-entity,train,smolvlm-1.7b,VisEdit-Contrib-Pre-KeyToken,dataset_key_token,dataset_specific_key_token,9,3.811104550684551e-05,0.00021415842638752418,0.00025226947189436967,0.00025226947189436967,0.00025226947189436967,0.0006849948717296625,22,22,22,636,636,0,0.0,done,
mmke-entity,train,smolvlm-1.7b,VisEdit-Contrib-Pre-KeyToken,dataset_key_token,dataset_specific_key_token,10,6.396941633397176e-05,0.0005992085174053762,0.0006631779337393479,0.0006631779337393479,0.0006631779337393479,0.0005388417323307228,15,15,15,636,636,0,0.0,done,
mmke-entity,train,smolvlm-1.7b,VisEdit-Contrib-Pre-KeyToken,dataset_key_token,dataset_specific_key_token,11,0.000421442292152106,0.0002796354992063447,0.0007010777913584507,0.0007010777913584507,0.0007010777913584507,0.0005618394165477185,14,14,14,636,636,0,0.0,done,
mmke-entity,train,smolvlm-1.7b,VisEdit-Contrib-Pre-KeyToken,dataset_key_token,dataset_specific_key_token,12,0.00013109331598809294,0.00019016920855726403,0.00032126252454535697,0.00032126252454535697,0.00032126252454535697,0.0005163845474602971,20,20,20,636,636,0,0.0,done,
mmke-entity,train,smolvlm-1.7b,VisEdit-Contrib-Pre-KeyToken,dataset_key_token,dataset_specific_key_token,13,0.0004404484591322345,8.636486734484903e-05,0.0005268133264770835,0.0005268133264770835,0.0005268133264770835,0.0009030049141297708,17,17,17,636,636,0,0.0,done,
mmke-entity,train,smolvlm-1.7b,VisEdit-Contrib-Pre-KeyToken,dataset_key_token,dataset_specific_key_token,14,0.00017041905544454554,0.001690519835922326,0.0018609388913668717,0.0018609388913668717,0.0018609388913668717,0.0010613795796616805,7,7,7,636,636,0,0.0,done,
mmke-entity,train,smolvlm-1.7b,VisEdit-Contrib-Pre-KeyToken,dataset_key_token,dataset_specific_key_token,15,0.0005343262695370559,0.00026206025160403025,0.0007963865211410861,0.0007963865211410861,0.0007963865211410861,0.0011046682114212278,13,13,13,636,636,0,0.0,done,
mmke-entity,train,smolvlm-1.7b,VisEdit-Contrib-Pre-KeyToken,dataset_key_token,dataset_specific_key_token,16,0.00019846463725672818,0.0004582145844989975,0.0006566792217557257,0.0006566792217557257,0.0006566792217557257,0.0010507005182718895,16,16,16,636,636,0,0.0,done,
mmke-entity,train,smolvlm-1.7b,VisEdit-Contrib-Pre-KeyToken,dataset_key_token,dataset_specific_key_token,17,0.0014643516616351213,0.000234684150283735,0.0016990358119188564,0.0016990358119188564,0.0016990358119188564,0.0021696140503758136,8,8,8,636,636,0,0.0,done,
mmke-entity,train,smolvlm-1.7b,VisEdit-Contrib-Pre-KeyToken,dataset_key_token,dataset_specific_key_token,18,0.0039302317777352175,0.00022289533971764136,0.004153127117452859,0.004153127117452859,0.004153127117452859,0.02254415182969236,6,6,6,636,636,0,0.0,done,
mmke-entity,train,smolvlm-1.7b,VisEdit-Contrib-Pre-KeyToken,dataset_key_token,dataset_specific_key_token,19,0.06067690303778545,0.00110338952191991,0.061780292559705366,0.061780292559705366,0.061780292559705366,0.08787578833746724,3,3,3,636,636,0,0.0,done,
mmke-entity,train,smolvlm-1.7b,VisEdit-Contrib-Pre-KeyToken,dataset_key_token,dataset_specific_key_token,20,0.19526700851388962,0.0024269368213538796,0.1976939453352435,0.1976939453352435,0.1976939453352435,0.11310055800324487,1,1,1,636,636,0,0.0,done,
mmke-entity,train,smolvlm-1.7b,VisEdit-Contrib-Pre-KeyToken,dataset_key_token,dataset_specific_key_token,21,0.07928108270911419,0.0005463534056715379,0.07982743611478572,0.07982743611478572,0.07982743611478572,0.10582385572066892,2,2,2,636,636,0,0.0,done,
mmke-entity,train,smolvlm-1.7b,VisEdit-Contrib-Pre-KeyToken,dataset_key_token,dataset_specific_key_token,22,0.03987703338252065,7.315232945687974e-05,0.03995018571197753,0.03995018571197753,0.03995018571197753,0.04141485395639398,4,4,4,636,636,0,0.0,done,
mmke-entity,train,smolvlm-1.7b,VisEdit-Contrib-Pre-KeyToken,dataset_key_token,dataset_specific_key_token,23,0.003974609608890671,0.000492330433528005,0.004466940042418676,0.004466940042418676,0.004466940042418676,0.022208562877198103,5,5,5,636,636,0,0.0,done,
