0	/tmp/ph_teacher3/mmke_visual_llava_sharedgpu_job3117562_20260730/llava-v1.5-7b/layer_08/records/vead/llava-v1.5-7b/pilot500_blip2_visedit_L08-lr-1-t-1-v-1/checkpoints/epoch-1-i-107-ema_loss-6.1294.lock
415895994	/tmp/ph_teacher3/mmke_visual_llava_sharedgpu_job3117562_20260730/llava-v1.5-7b/layer_08/records/vead/llava-v1.5-7b/pilot500_blip2_visedit_L08-lr-1-t-1-v-1/checkpoints/epoch-31-i-3317-ema_loss-0.3155
415895994	/tmp/ph_teacher3/mmke_visual_llava_sharedgpu_job3117562_20260730/llava-v1.5-7b/layer_08/records/vead/llava-v1.5-7b/pilot500_blip2_visedit_L08-lr-1-t-1-v-1/checkpoints/epoch-50-i-5350-ema_loss-0.3049
0	/tmp/ph_teacher3/mmke_visual_llava_sharedgpu_job3117562_20260730/llava-v1.5-7b/layer_08/records/vead/llava-v1.5-7b/pilot500_blip2_visedit_L08-lr-1-t-1-v-1/checkpoints/epoch-2-i-214-ema_loss-5.4483.lock
0	/tmp/ph_teacher3/mmke_visual_llava_sharedgpu_job3117562_20260730/llava-v1.5-7b/layer_08/records/vead/llava-v1.5-7b/pilot500_blip2_visedit_L08-lr-1-t-1-v-1/checkpoints/epoch-38-i-4066-ema_loss-0.8230.lock
0	/tmp/ph_teacher3/mmke_visual_llava_sharedgpu_job3117562_20260730/llava-v1.5-7b/layer_08/records/vead/llava-v1.5-7b/pilot500_blip2_visedit_L08-lr-1-t-1-v-1/checkpoints/epoch-3-i-321-ema_loss-4.8212.lock
0	/tmp/ph_teacher3/mmke_visual_llava_sharedgpu_job3117562_20260730/llava-v1.5-7b/layer_08/records/vead/llava-v1.5-7b/pilot500_blip2_visedit_L08-lr-1-t-1-v-1/checkpoints/epoch-39-i-4173-ema_loss-0.7743.lock
0	/tmp/ph_teacher3/mmke_visual_llava_sharedgpu_job3117562_20260730/llava-v1.5-7b/layer_08/records/vead/llava-v1.5-7b/pilot500_blip2_visedit_L08-lr-1-t-1-v-1/checkpoints/epoch-4-i-428-ema_loss-4.4768.lock
0	/tmp/ph_teacher3/mmke_visual_llava_sharedgpu_job3117562_20260730/llava-v1.5-7b/layer_08/records/vead/llava-v1.5-7b/pilot500_blip2_visedit_L08-lr-1-t-1-v-1/checkpoints/epoch-30-i-3210-ema_loss-0.3724.lock
0	/tmp/ph_teacher3/mmke_visual_llava_sharedgpu_job3117562_20260730/llava-v1.5-7b/layer_08/records/vead/llava-v1.5-7b/pilot500_blip2_visedit_L08-lr-1-t-1-v-1/checkpoints/epoch-5-i-535-ema_loss-3.8452.lock
0	/tmp/ph_teacher3/mmke_visual_llava_sharedgpu_job3117562_20260730/llava-v1.5-7b/layer_08/records/vead/llava-v1.5-7b/pilot500_blip2_visedit_L08-lr-1-t-1-v-1/checkpoints/epoch-33-i-3531-ema_loss-0.3474.lock
0	/tmp/ph_teacher3/mmke_visual_llava_sharedgpu_job3117562_20260730/llava-v1.5-7b/layer_08/records/vead/llava-v1.5-7b/pilot500_blip2_visedit_L08-lr-1-t-1-v-1/checkpoints/epoch-6-i-642-ema_loss-3.4540.lock
0	/tmp/ph_teacher3/mmke_visual_llava_sharedgpu_job3117562_20260730/llava-v1.5-7b/layer_08/records/vead/llava-v1.5-7b/pilot500_blip2_visedit_L08-lr-1-t-1-v-1/checkpoints/epoch-40-i-4280-ema_loss-0.6865.lock
0	/tmp/ph_teacher3/mmke_visual_llava_sharedgpu_job3117562_20260730/llava-v1.5-7b/layer_08/records/vead/llava-v1.5-7b/pilot500_blip2_visedit_L08-lr-1-t-1-v-1/checkpoints/epoch-7-i-749-ema_loss-2.5482.lock
0	/tmp/ph_teacher3/mmke_visual_llava_sharedgpu_job3117562_20260730/llava-v1.5-7b/layer_08/records/vead/llava-v1.5-7b/pilot500_blip2_visedit_L08-lr-1-t-1-v-1/checkpoints/epoch-34-i-3638-ema_loss-0.3326.lock
0	/tmp/ph_teacher3/mmke_visual_llava_sharedgpu_job3117562_20260730/llava-v1.5-7b/layer_08/records/vead/llava-v1.5-7b/pilot500_blip2_visedit_L08-lr-1-t-1-v-1/checkpoints/epoch-8-i-856-ema_loss-2.0053.lock
0	/tmp/ph_teacher3/mmke_visual_llava_sharedgpu_job3117562_20260730/llava-v1.5-7b/layer_08/records/vead/llava-v1.5-7b/pilot500_blip2_visedit_L08-lr-1-t-1-v-1/checkpoints/epoch-47-i-5029-ema_loss-0.2604.lock
0	/tmp/ph_teacher3/mmke_visual_llava_sharedgpu_job3117562_20260730/llava-v1.5-7b/layer_08/records/vead/llava-v1.5-7b/pilot500_blip2_visedit_L08-lr-1-t-1-v-1/checkpoints/epoch-9-i-963-ema_loss-1.6232.lock
0	/tmp/ph_teacher3/mmke_visual_llava_sharedgpu_job3117562_20260730/llava-v1.5-7b/layer_08/records/vead/llava-v1.5-7b/pilot500_blip2_visedit_L08-lr-1-t-1-v-1/checkpoints/epoch-41-i-4387-ema_loss-0.4736.lock
0	/tmp/ph_teacher3/mmke_visual_llava_sharedgpu_job3117562_20260730/llava-v1.5-7b/layer_08/records/vead/llava-v1.5-7b/pilot500_blip2_visedit_L08-lr-1-t-1-v-1/checkpoints/epoch-10-i-1070-ema_loss-1.5857.lock
0	/tmp/ph_teacher3/mmke_visual_llava_sharedgpu_job3117562_20260730/llava-v1.5-7b/layer_08/records/vead/llava-v1.5-7b/pilot500_blip2_visedit_L08-lr-1-t-1-v-1/checkpoints/epoch-25-i-2675-ema_loss-0.4282.lock
0	/tmp/ph_teacher3/mmke_visual_llava_sharedgpu_job3117562_20260730/llava-v1.5-7b/layer_08/records/vead/llava-v1.5-7b/pilot500_blip2_visedit_L08-lr-1-t-1-v-1/checkpoints/epoch-50-i-5350-ema_loss-0.3049.lock
0	/tmp/ph_teacher3/mmke_visual_llava_sharedgpu_job3117562_20260730/llava-v1.5-7b/layer_08/records/vead/llava-v1.5-7b/pilot500_blip2_visedit_L08-lr-1-t-1-v-1/checkpoints/epoch-11-i-1177-ema_loss-1.0750.lock
0	/tmp/ph_teacher3/mmke_visual_llava_sharedgpu_job3117562_20260730/llava-v1.5-7b/layer_08/records/vead/llava-v1.5-7b/pilot500_blip2_visedit_L08-lr-1-t-1-v-1/checkpoints/epoch-31-i-3317-ema_loss-0.3155.lock
415895994	/tmp/ph_teacher3/mmke_visual_llava_sharedgpu_job3117562_20260730/llava-v1.5-7b/layer_08/records/vead/llava-v1.5-7b/pilot500_blip2_visedit_L08-lr-1-t-1-v-1/checkpoints/epoch-47-i-5029-ema_loss-0.2604
0	/tmp/ph_teacher3/mmke_visual_llava_sharedgpu_job3117562_20260730/llava-v1.5-7b/layer_08/records/vead/llava-v1.5-7b/pilot500_blip2_visedit_L08-lr-1-t-1-v-1/checkpoints/epoch-12-i-1284-ema_loss-1.2356.lock
0	/tmp/ph_teacher3/mmke_visual_llava_sharedgpu_job3117562_20260730/llava-v1.5-7b/layer_08/records/vead/llava-v1.5-7b/pilot500_blip2_visedit_L08-lr-1-t-1-v-1/checkpoints/epoch-26-i-2782-ema_loss-0.5554.lock
0	/tmp/ph_teacher3/mmke_visual_llava_sharedgpu_job3117562_20260730/llava-v1.5-7b/layer_08/records/vead/llava-v1.5-7b/pilot500_blip2_visedit_L08-lr-1-t-1-v-1/checkpoints/epoch-13-i-1391-ema_loss-0.7375.lock
0	/tmp/ph_teacher3/mmke_visual_llava_sharedgpu_job3117562_20260730/llava-v1.5-7b/layer_08/records/vead/llava-v1.5-7b/pilot500_blip2_visedit_L08-lr-1-t-1-v-1/checkpoints/epoch-22-i-2354-ema_loss-0.3731.lock
0	/tmp/ph_teacher3/mmke_visual_llava_sharedgpu_job3117562_20260730/llava-v1.5-7b/layer_08/records/vead/llava-v1.5-7b/pilot500_blip2_visedit_L08-lr-1-t-1-v-1/checkpoints/epoch-43-i-4601-ema_loss-0.2993.lock
0	/tmp/ph_teacher3/mmke_visual_llava_sharedgpu_job3117562_20260730/llava-v1.5-7b/layer_08/records/vead/llava-v1.5-7b/pilot500_blip2_visedit_L08-lr-1-t-1-v-1/checkpoints/epoch-14-i-1498-ema_loss-0.6547.lock
0	/tmp/ph_teacher3/mmke_visual_llava_sharedgpu_job3117562_20260730/llava-v1.5-7b/layer_08/records/vead/llava-v1.5-7b/pilot500_blip2_visedit_L08-lr-1-t-1-v-1/checkpoints/epoch-23-i-2461-ema_loss-0.4592.lock
0	/tmp/ph_teacher3/mmke_visual_llava_sharedgpu_job3117562_20260730/llava-v1.5-7b/layer_08/records/vead/llava-v1.5-7b/pilot500_blip2_visedit_L08-lr-1-t-1-v-1/checkpoints/epoch-44-i-4708-ema_loss-0.2961.lock
0	/tmp/ph_teacher3/mmke_visual_llava_sharedgpu_job3117562_20260730/llava-v1.5-7b/layer_08/records/vead/llava-v1.5-7b/pilot500_blip2_visedit_L08-lr-1-t-1-v-1/checkpoints/epoch-15-i-1605-ema_loss-0.5356.lock
0	/tmp/ph_teacher3/mmke_visual_llava_sharedgpu_job3117562_20260730/llava-v1.5-7b/layer_08/records/vead/llava-v1.5-7b/pilot500_blip2_visedit_L08-lr-1-t-1-v-1/checkpoints/epoch-24-i-2568-ema_loss-0.6186.lock
0	/tmp/ph_teacher3/mmke_visual_llava_sharedgpu_job3117562_20260730/llava-v1.5-7b/layer_08/records/vead/llava-v1.5-7b/pilot500_blip2_visedit_L08-lr-1-t-1-v-1/checkpoints/epoch-45-i-4815-ema_loss-0.2996.lock
0	/tmp/ph_teacher3/mmke_visual_llava_sharedgpu_job3117562_20260730/llava-v1.5-7b/layer_08/records/vead/llava-v1.5-7b/pilot500_blip2_visedit_L08-lr-1-t-1-v-1/checkpoints/epoch-16-i-1712-ema_loss-0.5177.lock
0	/tmp/ph_teacher3/mmke_visual_llava_sharedgpu_job3117562_20260730/llava-v1.5-7b/layer_08/records/vead/llava-v1.5-7b/pilot500_blip2_visedit_L08-lr-1-t-1-v-1/checkpoints/epoch-27-i-2889-ema_loss-0.4587.lock
0	/tmp/ph_teacher3/mmke_visual_llava_sharedgpu_job3117562_20260730/llava-v1.5-7b/layer_08/records/vead/llava-v1.5-7b/pilot500_blip2_visedit_L08-lr-1-t-1-v-1/checkpoints/epoch-46-i-4922-ema_loss-0.2666.lock
0	/tmp/ph_teacher3/mmke_visual_llava_sharedgpu_job3117562_20260730/llava-v1.5-7b/layer_08/records/vead/llava-v1.5-7b/pilot500_blip2_visedit_L08-lr-1-t-1-v-1/checkpoints/epoch-17-i-1819-ema_loss-0.4799.lock
0	/tmp/ph_teacher3/mmke_visual_llava_sharedgpu_job3117562_20260730/llava-v1.5-7b/layer_08/records/vead/llava-v1.5-7b/pilot500_blip2_visedit_L08-lr-1-t-1-v-1/checkpoints/epoch-28-i-2996-ema_loss-0.4171.lock
0	/tmp/ph_teacher3/mmke_visual_llava_sharedgpu_job3117562_20260730/llava-v1.5-7b/layer_08/records/vead/llava-v1.5-7b/pilot500_blip2_visedit_L08-lr-1-t-1-v-1/checkpoints/epoch-48-i-5136-ema_loss-0.2988.lock
0	/tmp/ph_teacher3/mmke_visual_llava_sharedgpu_job3117562_20260730/llava-v1.5-7b/layer_08/records/vead/llava-v1.5-7b/pilot500_blip2_visedit_L08-lr-1-t-1-v-1/checkpoints/epoch-18-i-1926-ema_loss-0.4422.lock
0	/tmp/ph_teacher3/mmke_visual_llava_sharedgpu_job3117562_20260730/llava-v1.5-7b/layer_08/records/vead/llava-v1.5-7b/pilot500_blip2_visedit_L08-lr-1-t-1-v-1/checkpoints/epoch-32-i-3424-ema_loss-0.2981.lock
0	/tmp/ph_teacher3/mmke_visual_llava_sharedgpu_job3117562_20260730/llava-v1.5-7b/layer_08/records/vead/llava-v1.5-7b/pilot500_blip2_visedit_L08-lr-1-t-1-v-1/checkpoints/epoch-49-i-5243-ema_loss-0.3108.lock
0	/tmp/ph_teacher3/mmke_visual_llava_sharedgpu_job3117562_20260730/llava-v1.5-7b/layer_08/records/vead/llava-v1.5-7b/pilot500_blip2_visedit_L08-lr-1-t-1-v-1/checkpoints/epoch-19-i-2033-ema_loss-0.4411.lock
0	/tmp/ph_teacher3/mmke_visual_llava_sharedgpu_job3117562_20260730/llava-v1.5-7b/layer_08/records/vead/llava-v1.5-7b/pilot500_blip2_visedit_L08-lr-1-t-1-v-1/checkpoints/epoch-29-i-3103-ema_loss-0.4055.lock
0	/tmp/ph_teacher3/mmke_visual_llava_sharedgpu_job3117562_20260730/llava-v1.5-7b/layer_08/records/vead/llava-v1.5-7b/pilot500_blip2_visedit_L08-lr-1-t-1-v-1/checkpoints/epoch-20-i-2140-ema_loss-0.5006.lock
0	/tmp/ph_teacher3/mmke_visual_llava_sharedgpu_job3117562_20260730/llava-v1.5-7b/layer_08/records/vead/llava-v1.5-7b/pilot500_blip2_visedit_L08-lr-1-t-1-v-1/checkpoints/epoch-21-i-2247-ema_loss-0.4155.lock
0	/tmp/ph_teacher3/mmke_visual_llava_sharedgpu_job3117562_20260730/llava-v1.5-7b/layer_08/records/vead/llava-v1.5-7b/pilot500_blip2_visedit_L08-lr-1-t-1-v-1/checkpoints/epoch-35-i-3745-ema_loss-0.3232.lock
0	/tmp/ph_teacher3/mmke_visual_llava_sharedgpu_job3117562_20260730/llava-v1.5-7b/layer_08/records/vead/llava-v1.5-7b/pilot500_blip2_visedit_L08-lr-1-t-1-v-1/checkpoints/epoch-36-i-3852-ema_loss-0.2986.lock
0	/tmp/ph_teacher3/mmke_visual_llava_sharedgpu_job3117562_20260730/llava-v1.5-7b/layer_08/records/vead/llava-v1.5-7b/pilot500_blip2_visedit_L08-lr-1-t-1-v-1/checkpoints/epoch-37-i-3959-ema_loss-0.2903.lock
0	/tmp/ph_teacher3/mmke_visual_llava_sharedgpu_job3117562_20260730/llava-v1.5-7b/layer_08/records/vead/llava-v1.5-7b/pilot500_blip2_visedit_L08-lr-1-t-1-v-1/checkpoints/epoch-42-i-4494-ema_loss-0.3409.lock
