layer,valid_pair_count,valid_unique_sample_count,cr_mean,cr_std,kcr_mean,sample_balanced_cr_mean,rank
0,5283,636,1.0542542956974048,0.19451468716785222,0.9687852130524993,1.0584114129841196,1
1,5283,636,0.9619587629569257,0.2969450451262858,0.8962777066372938,0.9707806625508095,2
4,5283,636,0.8540857791111071,0.3908508165580321,0.6796191599324718,0.8525806671567832,3
3,5283,636,0.8454423822976395,0.40282899434271874,0.7191713762066916,0.8430765168860491,4
2,5283,636,0.777340897737102,0.4874044564567455,0.779068556120896,0.7816273884198881,5
5,5283,636,0.7066389942223839,0.4164240018334719,0.6039310831084167,0.7054574953144619,6
8,5283,636,0.6116347091440167,0.3618825407341368,0.5194840396324254,0.6121524866776935,7
7,5283,636,0.5988741446642483,0.4081110363423763,0.5179041857993933,0.597518113376998,8
9,5283,636,0.5894758683007092,0.35532155252856645,0.4770264424013319,0.5896423331671515,9
10,5283,636,0.5668648548937992,0.36778470338504693,0.4495738055067335,0.5652098233079678,10
6,5283,636,0.5632504539155596,0.41402330678972116,0.5198649565688466,0.562425397118437,11
11,5283,636,0.4645721236671348,0.32615581485932077,0.3887545972293116,0.4639190099784752,12
12,5283,636,0.4609008573861489,0.3276627109668714,0.3835932096802411,0.46250452431770456,13
13,5283,636,0.4439841968300255,0.3169498200272876,0.3645240486081032,0.44481786583635147,14
14,5283,636,0.42406148801472415,0.3208929310475952,0.31592305848892643,0.42549715313509134,15
15,5283,636,0.3895541575615755,0.33408771294112827,0.26087761920128777,0.3892480114346673,16
16,5283,636,0.3609022133568063,0.3038628785298364,0.25575502778921316,0.3626146942212682,17
17,5283,636,0.3151800566738168,0.29292667092140406,0.22708166318804326,0.3164301364215806,18
18,5283,636,0.27580919589571073,0.28275812112615795,0.1998246762176315,0.27652315131549254,19
19,5283,636,0.22814149796524885,0.2653246488868332,0.16696054390637385,0.22892255620777835,20
20,5283,636,0.1666161960438421,0.21233225661006674,0.1299596842548975,0.1680521733871405,21
21,5283,636,0.14159849315060224,0.19366542637945292,0.11191376501813516,0.14240216221707913,22
22,5283,636,0.1194536236207314,0.17577125862541643,0.08826303888850279,0.12062575134676011,23
23,5283,636,0.1101235656843612,0.1713723045093206,0.0860766827014762,0.11120447381906315,24
24,5283,636,0.08845217253643861,0.1468624884529054,0.06636519953347962,0.0898760762948933,25
25,5283,636,0.07438652022963717,0.13804101403516786,0.05911144757766654,0.07590361713200197,26
27,5283,636,0.05292241678068769,0.10339129182616552,0.04406786040276204,0.053621995929468556,27
26,5283,636,0.05123798666413814,0.10466421703881933,0.040951900332545775,0.05176456667584496,28
28,5283,636,0.03921149935453277,0.08442177078965253,0.03039041236113993,0.03971439410238191,29
29,5283,636,0.004191993409362012,0.04217437443031339,0.01029027858397615,0.004270724004529539,30
31,5283,636,0.0,0.0,0.0,0.0,31
30,5283,636,-0.006673508088765486,0.022152191415226754,0.003106832675107859,-0.006639117272764571,32
