dataset,model,layer,layer_name,layer_score,samples_used,total_samples,module_path,param_count,grad_param_count_sum,rank
MMKE-visual,SmolVLM-Instruct-1.7B,9,L9,0.0001424901834481456,214,214,model.text_model.layers.9.mlp,50331648,10770972672,1
MMKE-visual,SmolVLM-Instruct-1.7B,8,L8,0.00013956697628917855,214,214,model.text_model.layers.8.mlp,50331648,10770972672,2
MMKE-visual,SmolVLM-Instruct-1.7B,0,L0,0.0001362396320824966,214,214,model.text_model.layers.0.mlp,50331648,10770972672,3
MMKE-visual,SmolVLM-Instruct-1.7B,10,L10,0.00013571496446192807,214,214,model.text_model.layers.10.mlp,50331648,10770972672,4
MMKE-visual,SmolVLM-Instruct-1.7B,7,L7,0.00013530153284869165,214,214,model.text_model.layers.7.mlp,50331648,10770972672,5
MMKE-visual,SmolVLM-Instruct-1.7B,4,L4,0.00013191801059927297,214,214,model.text_model.layers.4.mlp,50331648,10770972672,6
MMKE-visual,SmolVLM-Instruct-1.7B,6,L6,0.00013132965921335845,214,214,model.text_model.layers.6.mlp,50331648,10770972672,7
MMKE-visual,SmolVLM-Instruct-1.7B,5,L5,0.00012988339360185748,214,214,model.text_model.layers.5.mlp,50331648,10770972672,8
MMKE-visual,SmolVLM-Instruct-1.7B,3,L3,0.00012723429946472206,214,214,model.text_model.layers.3.mlp,50331648,10770972672,9
MMKE-visual,SmolVLM-Instruct-1.7B,11,L11,0.00012694363129899856,214,214,model.text_model.layers.11.mlp,50331648,10770972672,10
MMKE-visual,SmolVLM-Instruct-1.7B,1,L1,0.00012663180140721843,214,214,model.text_model.layers.1.mlp,50331648,10770972672,11
MMKE-visual,SmolVLM-Instruct-1.7B,2,L2,0.00012299952637289955,214,214,model.text_model.layers.2.mlp,50331648,10770972672,12
MMKE-visual,SmolVLM-Instruct-1.7B,12,L12,0.00011907628110161689,214,214,model.text_model.layers.12.mlp,50331648,10770972672,13
MMKE-visual,SmolVLM-Instruct-1.7B,23,L23,0.0001142186975639532,214,214,model.text_model.layers.23.mlp,50331648,10770972672,14
MMKE-visual,SmolVLM-Instruct-1.7B,13,L13,0.00011295398279150143,214,214,model.text_model.layers.13.mlp,50331648,10770972672,15
MMKE-visual,SmolVLM-Instruct-1.7B,14,L14,0.00010681117524552835,214,214,model.text_model.layers.14.mlp,50331648,10770972672,16
MMKE-visual,SmolVLM-Instruct-1.7B,15,L15,0.00010042116578162076,214,214,model.text_model.layers.15.mlp,50331648,10770972672,17
MMKE-visual,SmolVLM-Instruct-1.7B,16,L16,9.730043141267439e-05,214,214,model.text_model.layers.16.mlp,50331648,10770972672,18
MMKE-visual,SmolVLM-Instruct-1.7B,18,L18,9.560235550475158e-05,214,214,model.text_model.layers.18.mlp,50331648,10770972672,19
MMKE-visual,SmolVLM-Instruct-1.7B,17,L17,9.534766851908762e-05,214,214,model.text_model.layers.17.mlp,50331648,10770972672,20
MMKE-visual,SmolVLM-Instruct-1.7B,19,L19,8.95042670992688e-05,214,214,model.text_model.layers.19.mlp,50331648,10770972672,21
MMKE-visual,SmolVLM-Instruct-1.7B,22,L22,8.408424477340439e-05,214,214,model.text_model.layers.22.mlp,50331648,10770972672,22
MMKE-visual,SmolVLM-Instruct-1.7B,20,L20,8.338456782467942e-05,214,214,model.text_model.layers.20.mlp,50331648,10770972672,23
MMKE-visual,SmolVLM-Instruct-1.7B,21,L21,8.117794314895484e-05,214,214,model.text_model.layers.21.mlp,50331648,10770972672,24
