k,target,comparison,all_paired_n,all_regret_improvement_mean,all_regret_improvement_ci95_low,all_regret_improvement_ci95_high,all_mean_perf_improvement,all_mean_perf_improvement_ci95_low,all_mean_perf_improvement_ci95_high,all_best_perf_improvement,all_regret_wins,all_regret_ties,all_regret_losses,all_sign_test_p_two_sided,all_shared_combos,strict_paired_n,strict_regret_improvement_mean,strict_regret_improvement_ci95_low,strict_regret_improvement_ci95_high,strict_mean_perf_improvement,strict_mean_perf_improvement_ci95_low,strict_mean_perf_improvement_ci95_high,strict_best_perf_improvement,strict_regret_wins,strict_regret_ties,strict_regret_losses,strict_sign_test_p_two_sided,strict_shared_combos
3,M_abscos_x_newn,Middle-Prior-Direct,9,2.661555555555557,-3.864666666666663,9.41488888888889,0.6008148148148157,-5.3494074074074085,6.280000000000001,2.661555555555557,6,0,3,0.5078125,evqa-pilot500/blip2-opt-2.7b;evqa-pilot500/qwen2.5-vl-3b;evqa-pilot500/smolvlm-1.7b;mmke-entity/instructblip-vicuna-7b;mmke-entity/qwen2.5-vl-3b;mmke-entity/smolvlm-1.7b;mmke-visual/blip2-opt-2.7b;mmke-visual/instructblip-vicuna-7b;mmke-visual/qwen2.5-vl-3b,9,2.661555555555557,-3.894666666666665,9.60266666666667,0.6008148148148157,-5.312740740740743,6.15962962962963,2.661555555555557,6,0,3,0.5078125,evqa-pilot500/blip2-opt-2.7b;evqa-pilot500/qwen2.5-vl-3b;evqa-pilot500/smolvlm-1.7b;mmke-entity/instructblip-vicuna-7b;mmke-entity/qwen2.5-vl-3b;mmke-entity/smolvlm-1.7b;mmke-visual/blip2-opt-2.7b;mmke-visual/instructblip-vicuna-7b;mmke-visual/qwen2.5-vl-3b
3,M_abscos_x_newn,VisEdit-Contrib-Pre-KeyToken,9,4.132888888888893,-3.122444444444442,11.590000000000003,1.7949629629629642,-4.3611851851851835,7.719259259259263,4.132888888888893,5,0,4,1.0,evqa-pilot500/blip2-opt-2.7b;evqa-pilot500/qwen2.5-vl-3b;evqa-pilot500/smolvlm-1.7b;mmke-entity/instructblip-vicuna-7b;mmke-entity/qwen2.5-vl-3b;mmke-entity/smolvlm-1.7b;mmke-visual/blip2-opt-2.7b;mmke-visual/instructblip-vicuna-7b;mmke-visual/qwen2.5-vl-3b,6,7.016666666666672,-0.37333333333332774,14.561666666666671,4.623888888888892,-0.8972222222222186,10.366666666666669,7.016666666666672,3,0,3,1.0,mmke-entity/instructblip-vicuna-7b;mmke-entity/qwen2.5-vl-3b;mmke-entity/smolvlm-1.7b;mmke-visual/blip2-opt-2.7b;mmke-visual/instructblip-vicuna-7b;mmke-visual/qwen2.5-vl-3b
3,M_abscos_x_newn,SaLEM-Alt-Direct,9,2.7917777777777806,-3.6964444444444444,9.591111111111115,1.3405185185185193,-3.5385925925925923,6.210148148148149,2.7917777777777806,6,0,3,0.5078125,evqa-pilot500/blip2-opt-2.7b;evqa-pilot500/qwen2.5-vl-3b;evqa-pilot500/smolvlm-1.7b;mmke-entity/instructblip-vicuna-7b;mmke-entity/qwen2.5-vl-3b;mmke-entity/smolvlm-1.7b;mmke-visual/blip2-opt-2.7b;mmke-visual/instructblip-vicuna-7b;mmke-visual/qwen2.5-vl-3b,9,2.7917777777777806,-3.7619999999999956,9.518888888888892,1.3405185185185193,-3.3911851851851864,6.119629629629633,2.7917777777777806,6,0,3,0.5078125,evqa-pilot500/blip2-opt-2.7b;evqa-pilot500/qwen2.5-vl-3b;evqa-pilot500/smolvlm-1.7b;mmke-entity/instructblip-vicuna-7b;mmke-entity/qwen2.5-vl-3b;mmke-entity/smolvlm-1.7b;mmke-visual/blip2-opt-2.7b;mmke-visual/instructblip-vicuna-7b;mmke-visual/qwen2.5-vl-3b
3,M_abscos_x_newn,LGA-Param-Direct-AltModelPred,9,1.284000000000003,-1.0046666666666644,4.530000000000002,2.3451111111111107,-0.17348148148148035,5.018148148148148,1.284000000000003,6,1,2,0.2890625,evqa-pilot500/blip2-opt-2.7b;evqa-pilot500/qwen2.5-vl-3b;evqa-pilot500/smolvlm-1.7b;mmke-entity/instructblip-vicuna-7b;mmke-entity/qwen2.5-vl-3b;mmke-entity/smolvlm-1.7b;mmke-visual/blip2-opt-2.7b;mmke-visual/instructblip-vicuna-7b;mmke-visual/qwen2.5-vl-3b,9,1.284000000000003,-0.997999999999996,4.542222222222227,2.3451111111111107,-0.17540740740740782,4.968888888888889,1.284000000000003,6,1,2,0.2890625,evqa-pilot500/blip2-opt-2.7b;evqa-pilot500/qwen2.5-vl-3b;evqa-pilot500/smolvlm-1.7b;mmke-entity/instructblip-vicuna-7b;mmke-entity/qwen2.5-vl-3b;mmke-entity/smolvlm-1.7b;mmke-visual/blip2-opt-2.7b;mmke-visual/instructblip-vicuna-7b;mmke-visual/qwen2.5-vl-3b
3,M_abscos_x_newn,Perturb-KL-Direct-AltSeq,9,4.020666666666668,-0.7842222222222222,10.312888888888892,2.771185185185187,-0.5429629629629618,7.293333333333338,4.020666666666668,3,5,1,0.625,evqa-pilot500/blip2-opt-2.7b;evqa-pilot500/qwen2.5-vl-3b;evqa-pilot500/smolvlm-1.7b;mmke-entity/instructblip-vicuna-7b;mmke-entity/qwen2.5-vl-3b;mmke-entity/smolvlm-1.7b;mmke-visual/blip2-opt-2.7b;mmke-visual/instructblip-vicuna-7b;mmke-visual/qwen2.5-vl-3b,9,4.020666666666668,-0.7842222222222222,10.42066666666667,2.771185185185187,-0.53281481481481,7.2644444444444485,4.020666666666668,3,5,1,0.625,evqa-pilot500/blip2-opt-2.7b;evqa-pilot500/qwen2.5-vl-3b;evqa-pilot500/smolvlm-1.7b;mmke-entity/instructblip-vicuna-7b;mmke-entity/qwen2.5-vl-3b;mmke-entity/smolvlm-1.7b;mmke-visual/blip2-opt-2.7b;mmke-visual/instructblip-vicuna-7b;mmke-visual/qwen2.5-vl-3b
3,M_abscos_x_newn,CMA-Direct,9,3.538444444444447,-2.267555555555554,10.402888888888892,2.960074074074074,-0.5528148148148154,7.495629629629634,3.538444444444447,4,3,2,0.6875,evqa-pilot500/blip2-opt-2.7b;evqa-pilot500/qwen2.5-vl-3b;evqa-pilot500/smolvlm-1.7b;mmke-entity/instructblip-vicuna-7b;mmke-entity/qwen2.5-vl-3b;mmke-entity/smolvlm-1.7b;mmke-visual/blip2-opt-2.7b;mmke-visual/instructblip-vicuna-7b;mmke-visual/qwen2.5-vl-3b,4,10.345000000000006,-0.08499999999999375,20.775000000000006,7.347499999999998,0.529999999999994,14.165000000000003,10.345000000000006,3,0,1,0.625,mmke-entity/instructblip-vicuna-7b;mmke-entity/smolvlm-1.7b;mmke-visual/blip2-opt-2.7b;mmke-visual/instructblip-vicuna-7b
5,M_abscos_x_newn,Middle-Prior-Direct,0,,,,,,,,0,0,0,,,0,,,,,,,,0,0,0,,
5,M_abscos_x_newn,VisEdit-Contrib-Pre-KeyToken,3,9.720000000000006,-13.139999999999993,21.60000000000001,0.6232000000000042,-16.562399999999997,10.004000000000005,9.720000000000006,2,0,1,1.0,evqa-pilot500/blip2-opt-2.7b;mmke-entity/instructblip-vicuna-7b;mmke-visual/instructblip-vicuna-7b,2,21.150000000000006,20.700000000000003,21.60000000000001,9.216000000000005,8.428000000000004,10.004000000000005,21.150000000000006,2,0,0,0.5,mmke-entity/instructblip-vicuna-7b;mmke-visual/instructblip-vicuna-7b
5,M_abscos_x_newn,SaLEM-Alt-Direct,2,-7.539999999999996,-13.139999999999993,-1.9399999999999977,-7.382199999999997,-13.124399999999994,-1.6400000000000006,-7.539999999999996,0,0,2,0.5,evqa-pilot500/blip2-opt-2.7b;mmke-visual/blip2-opt-2.7b,2,-7.539999999999996,-13.139999999999993,-1.9399999999999977,-7.382199999999997,-13.124399999999994,-1.6400000000000006,-7.539999999999996,0,0,2,0.5,evqa-pilot500/blip2-opt-2.7b;mmke-visual/blip2-opt-2.7b
5,M_abscos_x_newn,LGA-Param-Direct-AltModelPred,4,-2.6199999999999957,-8.504999999999997,0.6450000000000102,0.16840000000000188,-3.4912999999999954,3.8775000000000013,-2.6199999999999957,1,2,1,1.0,evqa-pilot500/blip2-opt-2.7b;mmke-entity/instructblip-vicuna-7b;mmke-visual/blip2-opt-2.7b;mmke-visual/instructblip-vicuna-7b,4,-2.6199999999999957,-8.504999999999997,0.6450000000000102,0.16840000000000188,-3.4912999999999954,3.8775000000000013,-2.6199999999999957,1,2,1,1.0,evqa-pilot500/blip2-opt-2.7b;mmke-entity/instructblip-vicuna-7b;mmke-visual/blip2-opt-2.7b;mmke-visual/instructblip-vicuna-7b
5,M_abscos_x_newn,Perturb-KL-Direct-AltSeq,1,-6.43,-6.43,-6.43,-2.146000000000001,-2.146000000000001,-2.146000000000001,-6.43,0,0,1,1.0,evqa-pilot500/blip2-opt-2.7b,1,-6.43,-6.43,-6.43,-2.146000000000001,-2.146000000000001,-2.146000000000001,-6.43,0,0,1,1.0,evqa-pilot500/blip2-opt-2.7b
5,M_abscos_x_newn,CMA-Direct,4,8.595000000000004,-3.215,20.40500000000001,3.7295,-1.0730000000000004,8.532,8.595000000000004,2,1,1,1.0,evqa-pilot500/blip2-opt-2.7b;mmke-entity/instructblip-vicuna-7b;mmke-visual/blip2-opt-2.7b;mmke-visual/instructblip-vicuna-7b,3,13.603333333333339,0.0,20.56000000000001,5.688,0.0,8.988,13.603333333333339,2,1,0,0.5,mmke-entity/instructblip-vicuna-7b;mmke-visual/blip2-opt-2.7b;mmke-visual/instructblip-vicuna-7b
