comparison,k,combo_n,identical_ordered_n,identical_ordered_rate,jaccard_mean
M_dot,1,21,11,0.5238095238095238,0.5238095238095238
M_dot,3,21,11,0.5238095238095238,0.5666666666666667
M_dot,5,21,10,0.47619047619047616,0.5804988662131519
M_cos,1,21,6,0.2857142857142857,0.2857142857142857
M_cos,3,21,2,0.09523809523809523,0.21428571428571427
M_cos,5,21,1,0.047619047619047616,0.20143613000755858
M_new_norm,1,21,14,0.6666666666666666,0.6666666666666666
M_new_norm,3,21,12,0.5714285714285714,0.6761904761904762
M_new_norm,5,21,10,0.47619047619047616,0.6870748299319728
M_pos_ratio,1,21,1,0.047619047619047616,0.047619047619047616
M_pos_ratio,3,21,0,0.0,0.11428571428571428
M_pos_ratio,5,21,0,0.0,0.2214663643235072
M_conflict,1,21,4,0.19047619047619047,0.19047619047619047
M_conflict,3,21,2,0.09523809523809523,0.1380952380952381
M_conflict,5,21,2,0.09523809523809523,0.15608465608465608
M_newn_x_1mcos,1,21,11,0.5238095238095238,0.5238095238095238
M_newn_x_1mcos,3,21,8,0.38095238095238093,0.6
M_newn_x_1mcos,5,21,6,0.2857142857142857,0.5924036281179138
Ours-Direct-Conflict,1,21,1,0.047619047619047616,0.047619047619047616
Ours-Direct-Conflict,3,21,0,0.0,0.047619047619047616
Ours-Direct-Conflict,5,21,0,0.0,0.05952380952380952
Ours-AbsDirection-Direct,1,21,2,0.09523809523809523,0.09523809523809523
Ours-AbsDirection-Direct,3,21,0,0.0,0.08571428571428572
Ours-AbsDirection-Direct,5,21,0,0.0,0.1379440665154951
Ours-NoDirection-Direct,1,21,1,0.047619047619047616,0.047619047619047616
Ours-NoDirection-Direct,3,21,0,0.0,0.08571428571428572
Ours-NoDirection-Direct,5,21,0,0.0,0.13416477702191987
Ours-1MinusCos-Direct,1,21,1,0.047619047619047616,0.047619047619047616
Ours-1MinusCos-Direct,3,21,1,0.047619047619047616,0.0761904761904762
Ours-1MinusCos-Direct,5,21,0,0.0,0.1349206349206349
