method,model,candidate_output_complete_combos,candidate_combo_total,formal_candidate_complete_combos,eligible_combos,top3_complete_dataset_combos,top3_dataset_combo_total,top3_completed_layers,top3_layer_total,top3_remaining_layers
Middle-Prior-Direct,blip2-opt-2.7b,3,3,3,3,3,3,9,9,0
Middle-Prior-Direct,instructblip-vicuna-7b,3,3,3,3,2,3,6,9,3
Middle-Prior-Direct,llava-v1.5-7b,3,3,3,3,0,3,0,9,9
Middle-Prior-Direct,minigpt-4-vicuna-7b,3,3,3,3,1,3,5,9,4
Middle-Prior-Direct,paligemma-3b,3,3,3,3,2,3,8,9,1
Middle-Prior-Direct,qwen2.5-vl-3b,3,3,3,3,3,3,9,9,0
Middle-Prior-Direct,smolvlm-1.7b,3,3,3,3,3,3,9,9,0
VisEdit-Contrib-Pre-KeyToken,blip2-opt-2.7b,3,3,2,2,3,3,9,9,0
VisEdit-Contrib-Pre-KeyToken,instructblip-vicuna-7b,3,3,2,2,3,3,9,9,0
VisEdit-Contrib-Pre-KeyToken,llava-v1.5-7b,3,3,2,2,1,3,4,9,5
VisEdit-Contrib-Pre-KeyToken,minigpt-4-vicuna-7b,3,3,2,2,3,3,9,9,0
VisEdit-Contrib-Pre-KeyToken,paligemma-3b,3,3,2,2,2,3,8,9,1
VisEdit-Contrib-Pre-KeyToken,qwen2.5-vl-3b,3,3,2,2,3,3,9,9,0
VisEdit-Contrib-Pre-KeyToken,smolvlm-1.7b,3,3,2,2,3,3,9,9,0
SaLEM-Alt-Direct,blip2-opt-2.7b,3,3,3,3,3,3,9,9,0
SaLEM-Alt-Direct,instructblip-vicuna-7b,3,3,3,3,2,3,6,9,3
SaLEM-Alt-Direct,llava-v1.5-7b,3,3,3,3,0,3,0,9,9
SaLEM-Alt-Direct,minigpt-4-vicuna-7b,3,3,3,3,1,3,5,9,4
SaLEM-Alt-Direct,paligemma-3b,3,3,3,3,3,3,9,9,0
SaLEM-Alt-Direct,qwen2.5-vl-3b,3,3,3,3,3,3,9,9,0
SaLEM-Alt-Direct,smolvlm-1.7b,3,3,3,3,3,3,9,9,0
LGA-Param-Direct-AltModelPred,blip2-opt-2.7b,3,3,3,2,3,3,9,9,0
LGA-Param-Direct-AltModelPred,instructblip-vicuna-7b,3,3,3,2,2,3,6,9,3
LGA-Param-Direct-AltModelPred,llava-v1.5-7b,3,3,3,2,0,3,1,9,8
LGA-Param-Direct-AltModelPred,minigpt-4-vicuna-7b,3,3,3,3,1,3,4,9,5
LGA-Param-Direct-AltModelPred,paligemma-3b,3,3,3,2,1,3,6,9,3
LGA-Param-Direct-AltModelPred,qwen2.5-vl-3b,3,3,3,3,3,3,9,9,0
LGA-Param-Direct-AltModelPred,smolvlm-1.7b,3,3,3,3,3,3,9,9,0
Perturb-KL-Direct-AltSeq,blip2-opt-2.7b,3,3,3,3,3,3,9,9,0
Perturb-KL-Direct-AltSeq,instructblip-vicuna-7b,3,3,3,3,2,3,6,9,3
Perturb-KL-Direct-AltSeq,llava-v1.5-7b,3,3,3,3,0,3,1,9,8
Perturb-KL-Direct-AltSeq,minigpt-4-vicuna-7b,3,3,3,3,1,3,4,9,5
Perturb-KL-Direct-AltSeq,paligemma-3b,3,3,3,3,2,3,6,9,3
Perturb-KL-Direct-AltSeq,qwen2.5-vl-3b,3,3,3,3,3,3,9,9,0
Perturb-KL-Direct-AltSeq,smolvlm-1.7b,3,3,3,3,3,3,9,9,0
CMA-Direct,blip2-opt-2.7b,3,3,3,2,3,3,9,9,0
CMA-Direct,instructblip-vicuna-7b,3,3,3,3,2,3,6,9,3
CMA-Direct,llava-v1.5-7b,3,3,3,2,0,3,1,9,8
CMA-Direct,minigpt-4-vicuna-7b,3,3,3,0,1,3,4,9,5
CMA-Direct,paligemma-3b,3,3,3,0,1,3,5,9,4
CMA-Direct,qwen2.5-vl-3b,3,3,3,0,3,3,9,9,0
CMA-Direct,smolvlm-1.7b,3,3,3,1,3,3,9,9,0
Ours-Direct (M_abscos_x_newn),blip2-opt-2.7b,3,3,3,3,2,3,8,9,1
Ours-Direct (M_abscos_x_newn),instructblip-vicuna-7b,3,3,3,3,2,3,6,9,3
Ours-Direct (M_abscos_x_newn),llava-v1.5-7b,3,3,3,3,0,3,1,9,8
Ours-Direct (M_abscos_x_newn),minigpt-4-vicuna-7b,3,3,3,3,0,3,3,9,6
Ours-Direct (M_abscos_x_newn),paligemma-3b,3,3,3,3,0,3,4,9,5
Ours-Direct (M_abscos_x_newn),qwen2.5-vl-3b,3,3,3,3,3,3,9,9,0
Ours-Direct (M_abscos_x_newn),smolvlm-1.7b,3,3,3,3,2,3,8,9,1
