method,dataset,model,candidate_output,formal_candidate_complete,reliability,candidate_status,top3,top3_evaluated,top3_missing,top3_evaluated_count,top3_complete,top5,top5_evaluated,top5_missing,top5_evaluated_count,top5_complete,evaluation_profile
Middle-Prior-Direct,evqa-pilot500,blip2-opt-2.7b,已生成,是,eligible,done; dataset-independent,"L15,L16,L14","L15,L16,L14",,3,是,"L15,L16,L14,L17,L13","L15,L16,L14,L17",L13,4,否,main（PaliGemma stable 不并入主统计）
Middle-Prior-Direct,evqa-pilot500,instructblip-vicuna-7b,已生成,是,eligible,done; dataset-independent,"L15,L16,L14",,"L15,L16,L14",0,否,"L15,L16,L14,L17,L13",,"L15,L16,L14,L17,L13",0,否,main（PaliGemma stable 不并入主统计）
Middle-Prior-Direct,evqa-pilot500,llava-v1.5-7b,已生成,是,eligible,done; dataset-independent,"L15,L16,L14",,"L15,L16,L14",0,否,"L15,L16,L14,L17,L13",,"L15,L16,L14,L17,L13",0,否,main（PaliGemma stable 不并入主统计）
Middle-Prior-Direct,evqa-pilot500,minigpt-4-vicuna-7b,已生成,是,eligible,done; dataset-independent,"L15,L16,L14",L16,"L15,L14",1,否,"L15,L16,L14,L17,L13","L16,L17","L15,L14,L13",2,否,main（PaliGemma stable 不并入主统计）
Middle-Prior-Direct,evqa-pilot500,paligemma-3b,已生成,是,eligible,done; dataset-independent,"L8,L9,L7","L8,L9,L7",,3,是,"L8,L9,L7,L10,L6","L8,L9,L7,L10,L6",,5,是,main（PaliGemma stable 不并入主统计）
Middle-Prior-Direct,evqa-pilot500,qwen2.5-vl-3b,已生成,是,eligible,done; dataset-independent,"L17,L18,L16","L17,L18,L16",,3,是,"L17,L18,L16,L19,L15","L17,L18,L16,L19",L15,4,否,main（PaliGemma stable 不并入主统计）
Middle-Prior-Direct,evqa-pilot500,smolvlm-1.7b,已生成,是,eligible,done; dataset-independent,"L11,L12,L10","L11,L12,L10",,3,是,"L11,L12,L10,L13,L9","L11,L12,L10,L13,L9",,5,是,main（PaliGemma stable 不并入主统计）
Middle-Prior-Direct,mmke-visual,blip2-opt-2.7b,已生成,是,eligible,done; dataset-independent,"L15,L16,L14","L15,L16,L14",,3,是,"L15,L16,L14,L17,L13","L15,L16,L14,L17",L13,4,否,main（PaliGemma stable 不并入主统计）
Middle-Prior-Direct,mmke-visual,instructblip-vicuna-7b,已生成,是,eligible,done; dataset-independent,"L15,L16,L14","L15,L16,L14",,3,是,"L15,L16,L14,L17,L13","L15,L16,L14,L17",L13,4,否,main（PaliGemma stable 不并入主统计）
Middle-Prior-Direct,mmke-visual,llava-v1.5-7b,已生成,是,eligible,done; dataset-independent,"L15,L16,L14",,"L15,L16,L14",0,否,"L15,L16,L14,L17,L13",,"L15,L16,L14,L17,L13",0,否,main（PaliGemma stable 不并入主统计）
Middle-Prior-Direct,mmke-visual,minigpt-4-vicuna-7b,已生成,是,eligible,done; dataset-independent,"L15,L16,L14","L15,L16,L14",,3,是,"L15,L16,L14,L17,L13","L15,L16,L14,L17",L13,4,否,main（PaliGemma stable 不并入主统计）
Middle-Prior-Direct,mmke-visual,paligemma-3b,已生成,是,eligible,done; dataset-independent,"L8,L9,L7","L8,L9",L7,2,否,"L8,L9,L7,L10,L6","L8,L9,L10","L7,L6",3,否,main（PaliGemma stable 不并入主统计）
Middle-Prior-Direct,mmke-visual,qwen2.5-vl-3b,已生成,是,eligible,done; dataset-independent,"L17,L18,L16","L17,L18,L16",,3,是,"L17,L18,L16,L19,L15","L17,L18,L16,L19",L15,4,否,main（PaliGemma stable 不并入主统计）
Middle-Prior-Direct,mmke-visual,smolvlm-1.7b,已生成,是,eligible,done; dataset-independent,"L11,L12,L10","L11,L12,L10",,3,是,"L11,L12,L10,L13,L9","L11,L12,L10,L13,L9",,5,是,main（PaliGemma stable 不并入主统计）
Middle-Prior-Direct,mmke-entity,blip2-opt-2.7b,已生成,是,eligible,done; dataset-independent,"L15,L16,L14","L15,L16,L14",,3,是,"L15,L16,L14,L17,L13","L15,L16,L14,L17,L13",,5,是,main（PaliGemma stable 不并入主统计）
Middle-Prior-Direct,mmke-entity,instructblip-vicuna-7b,已生成,是,eligible,done; dataset-independent,"L15,L16,L14","L15,L16,L14",,3,是,"L15,L16,L14,L17,L13","L15,L16,L14,L17",L13,4,否,main（PaliGemma stable 不并入主统计）
Middle-Prior-Direct,mmke-entity,llava-v1.5-7b,已生成,是,eligible,done; dataset-independent,"L15,L16,L14",,"L15,L16,L14",0,否,"L15,L16,L14,L17,L13",,"L15,L16,L14,L17,L13",0,否,main（PaliGemma stable 不并入主统计）
Middle-Prior-Direct,mmke-entity,minigpt-4-vicuna-7b,已生成,是,eligible,done; dataset-independent,"L15,L16,L14",L15,"L16,L14",1,否,"L15,L16,L14,L17,L13",L15,"L16,L14,L17,L13",1,否,main（PaliGemma stable 不并入主统计）
Middle-Prior-Direct,mmke-entity,paligemma-3b,已生成,是,eligible,done; dataset-independent,"L8,L9,L7","L8,L9,L7",,3,是,"L8,L9,L7,L10,L6","L8,L9,L7,L10,L6",,5,是,main（PaliGemma stable 不并入主统计）
Middle-Prior-Direct,mmke-entity,qwen2.5-vl-3b,已生成,是,eligible,done; dataset-independent,"L17,L18,L16","L17,L18,L16",,3,是,"L17,L18,L16,L19,L15","L17,L18,L16,L15",L19,4,否,main（PaliGemma stable 不并入主统计）
Middle-Prior-Direct,mmke-entity,smolvlm-1.7b,已生成,是,eligible,done; dataset-independent,"L11,L12,L10","L11,L12,L10",,3,是,"L11,L12,L10,L13,L9","L11,L12,L10,L13,L9",,5,是,main（PaliGemma stable 不并入主统计）
VisEdit-Contrib-Pre-KeyToken,evqa-pilot500,blip2-opt-2.7b,已生成,否,historical_firsttoken_not_strict_keytoken,original pilot500 result; KeyToken table row,"L20,L19,L18","L20,L19,L18",,3,是,"L20,L19,L18,L17,L16","L20,L19,L18,L17,L16",,5,是,main（PaliGemma stable 不并入主统计）
VisEdit-Contrib-Pre-KeyToken,evqa-pilot500,instructblip-vicuna-7b,已生成,否,historical_firsttoken_not_strict_keytoken,original pilot500 result; KeyToken table row,"L28,L27,L26","L28,L27,L26",,3,是,"L28,L27,L26,L25,L24","L28,L27,L26","L25,L24",3,否,main（PaliGemma stable 不并入主统计）
VisEdit-Contrib-Pre-KeyToken,evqa-pilot500,llava-v1.5-7b,已生成,否,historical_firsttoken_not_strict_keytoken,original pilot500 result; KeyToken table row,"L28,L27,L26","L28,L27,L26",,3,是,"L28,L27,L26,L25,L24","L28,L27,L26","L25,L24",3,否,main（PaliGemma stable 不并入主统计）
VisEdit-Contrib-Pre-KeyToken,evqa-pilot500,minigpt-4-vicuna-7b,已生成,否,historical_firsttoken_not_strict_keytoken,original pilot500 result; KeyToken table row,"L26,L25,L24","L26,L25,L24",,3,是,"L26,L25,L24,L23,L22","L26,L25,L24","L23,L22",3,否,main（PaliGemma stable 不并入主统计）
VisEdit-Contrib-Pre-KeyToken,evqa-pilot500,paligemma-3b,已生成,否,historical_firsttoken_not_strict_keytoken,original pilot500 result; KeyToken table row,"L12,L11,L10","L12,L11,L10",,3,是,"L12,L11,L10,L9,L8","L12,L11,L10,L9,L8",,5,是,main（PaliGemma stable 不并入主统计）
VisEdit-Contrib-Pre-KeyToken,evqa-pilot500,qwen2.5-vl-3b,已生成,否,historical_firsttoken_not_strict_keytoken,original pilot500 result; KeyToken table row,"L29,L28,L27","L29,L28,L27",,3,是,"L29,L28,L27,L26,L25","L29,L28,L27,L26",L25,4,否,main（PaliGemma stable 不并入主统计）
VisEdit-Contrib-Pre-KeyToken,evqa-pilot500,smolvlm-1.7b,已生成,否,historical_firsttoken_not_strict_keytoken,original pilot500 result; KeyToken table row,"L17,L16,L15","L17,L16,L15",,3,是,"L17,L16,L15,L14,L13","L17,L16,L15,L14,L13",,5,是,main（PaliGemma stable 不并入主统计）
VisEdit-Contrib-Pre-KeyToken,mmke-visual,blip2-opt-2.7b,已生成,是,eligible,strict KeyToken done; n=214/214,"L26,L25,L24","L26,L25,L24",,3,是,"L26,L25,L24,L23,L22","L26,L25,L24,L22",L23,4,否,main（PaliGemma stable 不并入主统计）
VisEdit-Contrib-Pre-KeyToken,mmke-visual,instructblip-vicuna-7b,已生成,是,eligible,strict KeyToken done; n=214/214,"L28,L27,L26","L28,L27,L26",,3,是,"L28,L27,L26,L25,L24","L28,L27,L26,L25,L24",,5,是,main（PaliGemma stable 不并入主统计）
VisEdit-Contrib-Pre-KeyToken,mmke-visual,llava-v1.5-7b,已生成,是,eligible,strict KeyToken done; n=214/214,"L28,L27,L26",L28,"L27,L26",1,否,"L28,L27,L26,L25,L24",L28,"L27,L26,L25,L24",1,否,main（PaliGemma stable 不并入主统计）
VisEdit-Contrib-Pre-KeyToken,mmke-visual,minigpt-4-vicuna-7b,已生成,是,eligible,strict KeyToken done; n=214/214,"L26,L25,L24","L26,L25,L24",,3,是,"L26,L25,L24,L23,L22","L26,L25,L24","L23,L22",3,否,main（PaliGemma stable 不并入主统计）
VisEdit-Contrib-Pre-KeyToken,mmke-visual,paligemma-3b,已生成,是,eligible,strict KeyToken done; n=214/214,"L14,L13,L12","L14,L12",L13,2,否,"L14,L13,L12,L11,L10","L14,L12,L11,L10",L13,4,否,main（PaliGemma stable 不并入主统计）
VisEdit-Contrib-Pre-KeyToken,mmke-visual,qwen2.5-vl-3b,已生成,是,eligible,strict KeyToken done; n=214/214,"L28,L27,L26","L28,L27,L26",,3,是,"L28,L27,L26,L25,L24","L28,L27,L26","L25,L24",3,否,main（PaliGemma stable 不并入主统计）
VisEdit-Contrib-Pre-KeyToken,mmke-visual,smolvlm-1.7b,已生成,是,eligible,strict KeyToken done; n=214/214,"L18,L17,L16","L18,L17,L16",,3,是,"L18,L17,L16,L15,L14","L18,L17,L16,L15,L14",,5,是,main（PaliGemma stable 不并入主统计）
VisEdit-Contrib-Pre-KeyToken,mmke-entity,blip2-opt-2.7b,已生成,是,eligible,strict KeyToken done; n=636/636,"L22,L21,L20","L22,L21,L20",,3,是,"L22,L21,L20,L19,L18","L22,L21,L20,L19,L18",,5,是,main（PaliGemma stable 不并入主统计）
VisEdit-Contrib-Pre-KeyToken,mmke-entity,instructblip-vicuna-7b,已生成,是,eligible,strict KeyToken done; n=636/636,"L28,L27,L26","L28,L27,L26",,3,是,"L28,L27,L26,L25,L24","L28,L27,L26,L25,L24",,5,是,main（PaliGemma stable 不并入主统计）
VisEdit-Contrib-Pre-KeyToken,mmke-entity,llava-v1.5-7b,已生成,是,eligible,strict KeyToken done; n=636/636,"L28,L27,L26",,"L28,L27,L26",0,否,"L28,L27,L26,L25,L24",,"L28,L27,L26,L25,L24",0,否,main（PaliGemma stable 不并入主统计）
VisEdit-Contrib-Pre-KeyToken,mmke-entity,minigpt-4-vicuna-7b,已生成,是,eligible,strict KeyToken done; n=636/636,"L25,L24,L23","L25,L24,L23",,3,是,"L25,L24,L23,L22,L21","L25,L24,L23","L22,L21",3,否,main（PaliGemma stable 不并入主统计）
VisEdit-Contrib-Pre-KeyToken,mmke-entity,paligemma-3b,已生成,是,eligible,strict KeyToken done; n=636/636,"L12,L11,L10","L12,L11,L10",,3,是,"L12,L11,L10,L9,L8","L12,L11,L10,L9,L8",,5,是,main（PaliGemma stable 不并入主统计）
VisEdit-Contrib-Pre-KeyToken,mmke-entity,qwen2.5-vl-3b,已生成,是,eligible,strict KeyToken done; n=636/636,"L29,L28,L27","L29,L28,L27",,3,是,"L29,L28,L27,L26,L25","L29,L28,L27,L26,L25",,5,是,main（PaliGemma stable 不并入主统计）
VisEdit-Contrib-Pre-KeyToken,mmke-entity,smolvlm-1.7b,已生成,是,eligible,strict KeyToken done; n=636/636,"L18,L17,L16","L18,L17,L16",,3,是,"L18,L17,L16,L15,L14","L18,L17,L16,L15,L14",,5,是,main（PaliGemma stable 不并入主统计）
SaLEM-Alt-Direct,evqa-pilot500,blip2-opt-2.7b,已生成,是,eligible,done; n=500/500,"L0,L18,L19","L0,L18,L19",,3,是,"L0,L18,L19,L17,L21","L0,L18,L19,L17,L21",,5,是,main（PaliGemma stable 不并入主统计）
SaLEM-Alt-Direct,evqa-pilot500,instructblip-vicuna-7b,已生成,是,eligible,done; n=500/500,"L0,L18,L19",,"L0,L18,L19",0,否,"L0,L18,L19,L20,L17",,"L0,L18,L19,L20,L17",0,否,main（PaliGemma stable 不并入主统计）
SaLEM-Alt-Direct,evqa-pilot500,llava-v1.5-7b,已生成,是,eligible,done; n=500/500,"L7,L6,L5",,"L7,L6,L5",0,否,"L7,L6,L5,L8,L9",,"L7,L6,L5,L8,L9",0,否,main（PaliGemma stable 不并入主统计）
SaLEM-Alt-Direct,evqa-pilot500,minigpt-4-vicuna-7b,已生成,是,eligible,done; n=500/500,"L8,L9,L10",,"L8,L9,L10",0,否,"L8,L9,L10,L5,L6",,"L8,L9,L10,L5,L6",0,否,main（PaliGemma stable 不并入主统计）
SaLEM-Alt-Direct,evqa-pilot500,paligemma-3b,已生成,是,eligible,done; n=500/500,"L8,L7,L9","L8,L7,L9",,3,是,"L8,L7,L9,L10,L6","L8,L7,L9,L10,L6",,5,是,main（PaliGemma stable 不并入主统计）
SaLEM-Alt-Direct,evqa-pilot500,qwen2.5-vl-3b,已生成,是,eligible,done; n=500/500,"L11,L14,L12","L11,L14,L12",,3,是,"L11,L14,L12,L13,L15","L11,L14,L12","L13,L15",3,否,main（PaliGemma stable 不并入主统计）
SaLEM-Alt-Direct,evqa-pilot500,smolvlm-1.7b,已生成,是,eligible,done; n=500/500,"L9,L8,L7","L9,L8,L7",,3,是,"L9,L8,L7,L6,L10","L9,L8,L7,L10",L6,4,否,main（PaliGemma stable 不并入主统计）
SaLEM-Alt-Direct,mmke-visual,blip2-opt-2.7b,已生成,是,eligible,done; n=214/214,"L0,L18,L19","L0,L18,L19",,3,是,"L0,L18,L19,L17,L20","L0,L18,L19,L17,L20",,5,是,main（PaliGemma stable 不并入主统计）
SaLEM-Alt-Direct,mmke-visual,instructblip-vicuna-7b,已生成,是,eligible,done; n=214/214,"L18,L17,L19","L18,L17,L19",,3,是,"L18,L17,L19,L20,L16","L18,L17,L19,L16",L20,4,否,main（PaliGemma stable 不并入主统计）
SaLEM-Alt-Direct,mmke-visual,llava-v1.5-7b,已生成,是,eligible,done; n=214/214,"L7,L8,L9",,"L7,L8,L9",0,否,"L7,L8,L9,L6,L10",,"L7,L8,L9,L6,L10",0,否,main（PaliGemma stable 不并入主统计）
SaLEM-Alt-Direct,mmke-visual,minigpt-4-vicuna-7b,已生成,是,eligible,done; n=214/214,"L31,L5,L8","L31,L5,L8",,3,是,"L31,L5,L8,L6,L9","L31,L5,L8","L6,L9",3,否,main（PaliGemma stable 不并入主统计）
SaLEM-Alt-Direct,mmke-visual,paligemma-3b,已生成,是,eligible,done; n=214/214,"L10,L8,L9","L10,L8,L9",,3,是,"L10,L8,L9,L7,L5","L10,L8,L9","L7,L5",3,否,main（PaliGemma stable 不并入主统计）
SaLEM-Alt-Direct,mmke-visual,qwen2.5-vl-3b,已生成,是,eligible,done; n=214/214,"L12,L11,L14","L12,L11,L14",,3,是,"L12,L11,L14,L15,L13","L12,L11,L14,L13",L15,4,否,main（PaliGemma stable 不并入主统计）
SaLEM-Alt-Direct,mmke-visual,smolvlm-1.7b,已生成,是,eligible,done; n=214/214,"L9,L8,L0","L9,L8,L0",,3,是,"L9,L8,L0,L10,L7","L9,L8,L0,L10,L7",,5,是,main（PaliGemma stable 不并入主统计）
SaLEM-Alt-Direct,mmke-entity,blip2-opt-2.7b,已生成,是,eligible,done; n=636/636,"L0,L18,L30","L0,L18,L30",,3,是,"L0,L18,L30,L19,L17","L0,L18,L30,L19,L17",,5,是,main（PaliGemma stable 不并入主统计）
SaLEM-Alt-Direct,mmke-entity,instructblip-vicuna-7b,已生成,是,eligible,done; n=636/636,"L18,L17,L19","L18,L17,L19",,3,是,"L18,L17,L19,L16,L20","L18,L17,L19,L16",L20,4,否,main（PaliGemma stable 不并入主统计）
SaLEM-Alt-Direct,mmke-entity,llava-v1.5-7b,已生成,是,eligible,done; n=636/636,"L23,L22,L24",,"L23,L22,L24",0,否,"L23,L22,L24,L25,L21",,"L23,L22,L24,L25,L21",0,否,main（PaliGemma stable 不并入主统计）
SaLEM-Alt-Direct,mmke-entity,minigpt-4-vicuna-7b,已生成,是,eligible,done; n=636/636,"L31,L22,L24","L31,L24",L22,2,否,"L31,L22,L24,L21,L23","L31,L24,L23","L22,L21",3,否,main（PaliGemma stable 不并入主统计）
SaLEM-Alt-Direct,mmke-entity,paligemma-3b,已生成,是,eligible,done; n=636/636,"L17,L16,L13","L17,L16,L13",,3,是,"L17,L16,L13,L0,L10","L17,L16,L13,L0,L10",,5,是,main（PaliGemma stable 不并入主统计）
SaLEM-Alt-Direct,mmke-entity,qwen2.5-vl-3b,已生成,是,eligible,done; n=636/636,"L15,L14,L13","L15,L14,L13",,3,是,"L15,L14,L13,L16,L12","L15,L14,L13,L16",L12,4,否,main（PaliGemma stable 不并入主统计）
SaLEM-Alt-Direct,mmke-entity,smolvlm-1.7b,已生成,是,eligible,done; n=636/636,"L0,L1,L6","L0,L1,L6",,3,是,"L0,L1,L6,L7,L5","L0,L1,L6,L7",L5,4,否,main（PaliGemma stable 不并入主统计）
LGA-Param-Direct-AltModelPred,evqa-pilot500,blip2-opt-2.7b,已生成,是,eligible,done; n=404/500,"L0,L1,L3","L0,L1,L3",,3,是,"L0,L1,L3,L4,L16","L0,L1,L3,L4,L16",,5,是,main（PaliGemma stable 不并入主统计）
LGA-Param-Direct-AltModelPred,evqa-pilot500,instructblip-vicuna-7b,已生成,是,low_candidate_coverage,done; n=345/500,"L2,L0,L1",,"L2,L0,L1",0,否,"L2,L0,L1,L4,L17",,"L2,L0,L1,L4,L17",0,否,main（PaliGemma stable 不并入主统计）
LGA-Param-Direct-AltModelPred,evqa-pilot500,llava-v1.5-7b,已生成,是,low_candidate_coverage,done; n=374/500,"L24,L25,L26",L26,"L24,L25",1,否,"L24,L25,L26,L23,L27","L26,L27","L24,L25,L23",2,否,main（PaliGemma stable 不并入主统计）
LGA-Param-Direct-AltModelPred,evqa-pilot500,minigpt-4-vicuna-7b,已生成,是,eligible,done; n=499/500,"L29,L25,L22",L25,"L29,L22",1,否,"L29,L25,L22,L26,L21","L25,L26","L29,L22,L21",2,否,main（PaliGemma stable 不并入主统计）
LGA-Param-Direct-AltModelPred,evqa-pilot500,paligemma-3b,已生成,是,low_candidate_coverage,done; n=286/500,"L17,L7,L0","L17,L7",L0,2,否,"L17,L7,L0,L8,L13","L17,L7,L8","L0,L13",3,否,main（PaliGemma stable 不并入主统计）
LGA-Param-Direct-AltModelPred,evqa-pilot500,qwen2.5-vl-3b,已生成,是,eligible,done; n=493/500,"L2,L30,L1","L2,L30,L1",,3,是,"L2,L30,L1,L3,L10","L2,L30,L1,L3",L10,4,否,main（PaliGemma stable 不并入主统计）
LGA-Param-Direct-AltModelPred,evqa-pilot500,smolvlm-1.7b,已生成,是,eligible,done; n=499/500,"L22,L21,L20","L22,L21,L20",,3,是,"L22,L21,L20,L19,L18","L22,L21,L20,L19",L18,4,否,main（PaliGemma stable 不并入主统计）
LGA-Param-Direct-AltModelPred,mmke-visual,blip2-opt-2.7b,已生成,是,eligible,done; n=172/214,"L0,L1,L3","L0,L1,L3",,3,是,"L0,L1,L3,L4,L2","L0,L1,L3,L4,L2",,5,是,main（PaliGemma stable 不并入主统计）
LGA-Param-Direct-AltModelPred,mmke-visual,instructblip-vicuna-7b,已生成,是,eligible,done; n=214/214,"L2,L0,L4","L2,L0,L4",,3,是,"L2,L0,L4,L28,L1","L2,L0,L4,L28,L1",,5,是,main（PaliGemma stable 不并入主统计）
LGA-Param-Direct-AltModelPred,mmke-visual,llava-v1.5-7b,已生成,是,eligible,done; n=214/214,"L24,L22,L27",,"L24,L22,L27",0,否,"L24,L22,L27,L25,L23",,"L24,L22,L27,L25,L23",0,否,main（PaliGemma stable 不并入主统计）
LGA-Param-Direct-AltModelPred,mmke-visual,minigpt-4-vicuna-7b,已生成,是,eligible,done; n=214/214,"L0,L1,L3","L0,L1,L3",,3,是,"L0,L1,L3,L4,L25","L0,L1,L3,L25",L4,4,否,main（PaliGemma stable 不并入主统计）
LGA-Param-Direct-AltModelPred,mmke-visual,paligemma-3b,已生成,是,eligible,done; n=214/214,"L17,L0,L7",L17,"L0,L7",1,否,"L17,L0,L7,L8,L10","L17,L8,L10","L0,L7",3,否,main（PaliGemma stable 不并入主统计）
LGA-Param-Direct-AltModelPred,mmke-visual,qwen2.5-vl-3b,已生成,是,eligible,done; n=214/214,"L2,L30,L1","L2,L30,L1",,3,是,"L2,L30,L1,L3,L6","L2,L30,L1,L6",L3,4,否,main（PaliGemma stable 不并入主统计）
LGA-Param-Direct-AltModelPred,mmke-visual,smolvlm-1.7b,已生成,是,eligible,done; n=214/214,"L1,L7,L6","L1,L7,L6",,3,是,"L1,L7,L6,L8,L5","L1,L7,L6,L8",L5,4,否,main（PaliGemma stable 不并入主统计）
LGA-Param-Direct-AltModelPred,mmke-entity,blip2-opt-2.7b,已生成,是,low_candidate_coverage,done; n=289/636,"L16,L13,L18","L16,L13,L18",,3,是,"L16,L13,L18,L17,L15","L16,L13,L18,L17,L15",,5,是,main（PaliGemma stable 不并入主统计）
LGA-Param-Direct-AltModelPred,mmke-entity,instructblip-vicuna-7b,已生成,是,eligible,done; n=636/636,"L2,L28,L0","L2,L28,L0",,3,是,"L2,L28,L0,L4,L30","L2,L28,L0,L4,L30",,5,是,main（PaliGemma stable 不并入主统计）
LGA-Param-Direct-AltModelPred,mmke-entity,llava-v1.5-7b,已生成,是,eligible,done; n=636/636,"L1,L9,L7",,"L1,L9,L7",0,否,"L1,L9,L7,L8,L6",,"L1,L9,L7,L8,L6",0,否,main（PaliGemma stable 不并入主统计）
LGA-Param-Direct-AltModelPred,mmke-entity,minigpt-4-vicuna-7b,已生成,是,eligible,done; n=636/636,"L4,L3,L6",,"L4,L3,L6",0,否,"L4,L3,L6,L0,L1",,"L4,L3,L6,L0,L1",0,否,main（PaliGemma stable 不并入主统计）
LGA-Param-Direct-AltModelPred,mmke-entity,paligemma-3b,已生成,是,eligible,done; n=636/636,"L17,L16,L7","L17,L16,L7",,3,是,"L17,L16,L7,L8,L13","L17,L16,L7,L8,L13",,5,是,main（PaliGemma stable 不并入主统计）
LGA-Param-Direct-AltModelPred,mmke-entity,qwen2.5-vl-3b,已生成,是,eligible,done; n=636/636,"L2,L30,L1","L2,L30,L1",,3,是,"L2,L30,L1,L6,L3","L2,L30,L1","L6,L3",3,否,main（PaliGemma stable 不并入主统计）
LGA-Param-Direct-AltModelPred,mmke-entity,smolvlm-1.7b,已生成,是,eligible,done; n=636/636,"L1,L7,L0","L1,L7,L0",,3,是,"L1,L7,L0,L6,L8","L1,L7,L0,L6",L8,4,否,main（PaliGemma stable 不并入主统计）
Perturb-KL-Direct-AltSeq,evqa-pilot500,blip2-opt-2.7b,已生成,是,eligible,done; n=500/500; valid_groups=12,"L3,L4,L2","L3,L4,L2",,3,是,"L3,L4,L2,L1,L5","L3,L4,L2,L1,L5",,5,是,main（PaliGemma stable 不并入主统计）
Perturb-KL-Direct-AltSeq,evqa-pilot500,instructblip-vicuna-7b,已生成,是,eligible,done; n=500/500; valid_groups=12,"L2,L3,L4",,"L2,L3,L4",0,否,"L2,L3,L4,L5,L6",,"L2,L3,L4,L5,L6",0,否,main（PaliGemma stable 不并入主统计）
Perturb-KL-Direct-AltSeq,evqa-pilot500,llava-v1.5-7b,已生成,是,eligible,done; n=500/500; valid_groups=12,"L0,L1,L2",,"L0,L1,L2",0,否,"L0,L1,L2,L3,L4",,"L0,L1,L2,L3,L4",0,否,main（PaliGemma stable 不并入主统计）
Perturb-KL-Direct-AltSeq,evqa-pilot500,minigpt-4-vicuna-7b,已生成,是,eligible,done; n=500/500; valid_groups=12,"L0,L1,L2",,"L0,L1,L2",0,否,"L0,L1,L2,L3,L4",,"L0,L1,L2,L3,L4",0,否,main（PaliGemma stable 不并入主统计）
Perturb-KL-Direct-AltSeq,evqa-pilot500,paligemma-3b,已生成,是,eligible,done; n=500/500; valid_groups=12,"L5,L7,L6","L5,L7,L6",,3,是,"L5,L7,L6,L3,L4","L5,L7,L6,L4",L3,4,否,main（PaliGemma stable 不并入主统计）
Perturb-KL-Direct-AltSeq,evqa-pilot500,qwen2.5-vl-3b,已生成,是,eligible,done; n=500/500; valid_groups=12,"L0,L1,L2","L0,L1,L2",,3,是,"L0,L1,L2,L3,L4","L0,L1,L2,L3",L4,4,否,main（PaliGemma stable 不并入主统计）
Perturb-KL-Direct-AltSeq,evqa-pilot500,smolvlm-1.7b,已生成,是,eligible,done; n=500/500; valid_groups=12,"L1,L2,L0","L1,L2,L0",,3,是,"L1,L2,L0,L4,L3","L1,L2,L0,L3",L4,4,否,main（PaliGemma stable 不并入主统计）
Perturb-KL-Direct-AltSeq,mmke-visual,blip2-opt-2.7b,已生成,是,eligible,done; n=214/214; valid_groups=12,"L3,L4,L2","L3,L4,L2",,3,是,"L3,L4,L2,L1,L5","L3,L4,L2,L1",L5,4,否,main（PaliGemma stable 不并入主统计）
Perturb-KL-Direct-AltSeq,mmke-visual,instructblip-vicuna-7b,已生成,是,eligible,done; n=214/214; valid_groups=12,"L2,L3,L5","L2,L3,L5",,3,是,"L2,L3,L5,L4,L8","L2,L3,L5,L4",L8,4,否,main（PaliGemma stable 不并入主统计）
Perturb-KL-Direct-AltSeq,mmke-visual,llava-v1.5-7b,已生成,是,eligible,done; n=214/214; valid_groups=12,"L0,L1,L2",L0,"L1,L2",1,否,"L0,L1,L2,L3,L4",L0,"L1,L2,L3,L4",1,否,main（PaliGemma stable 不并入主统计）
Perturb-KL-Direct-AltSeq,mmke-visual,minigpt-4-vicuna-7b,已生成,是,eligible,done; n=214/214; valid_groups=12,"L0,L1,L2","L0,L1,L2",,3,是,"L0,L1,L2,L3,L4","L0,L1,L2,L3",L4,4,否,main（PaliGemma stable 不并入主统计）
Perturb-KL-Direct-AltSeq,mmke-visual,paligemma-3b,已生成,是,eligible,done; n=214/214; valid_groups=12,"L7,L5,L6",,"L7,L5,L6",0,否,"L7,L5,L6,L8,L9","L8,L9","L7,L5,L6",2,否,main（PaliGemma stable 不并入主统计）
Perturb-KL-Direct-AltSeq,mmke-visual,qwen2.5-vl-3b,已生成,是,eligible,done; n=214/214; valid_groups=12,"L0,L13,L14","L0,L13,L14",,3,是,"L0,L13,L14,L12,L15","L0,L13,L14,L12",L15,4,否,main（PaliGemma stable 不并入主统计）
Perturb-KL-Direct-AltSeq,mmke-visual,smolvlm-1.7b,已生成,是,eligible,done; n=214/214; valid_groups=12,"L1,L4,L0","L1,L4,L0",,3,是,"L1,L4,L0,L2,L5","L1,L4,L0","L2,L5",3,否,main（PaliGemma stable 不并入主统计）
Perturb-KL-Direct-AltSeq,mmke-entity,blip2-opt-2.7b,已生成,是,eligible,done; n=636/636; valid_groups=12,"L3,L2,L4","L3,L2,L4",,3,是,"L3,L2,L4,L1,L0","L3,L2,L4,L0",L1,4,否,main（PaliGemma stable 不并入主统计）
Perturb-KL-Direct-AltSeq,mmke-entity,instructblip-vicuna-7b,已生成,是,eligible,done; n=636/636; valid_groups=12,"L5,L4,L3","L5,L4,L3",,3,是,"L5,L4,L3,L2,L8","L5,L4,L3,L2",L8,4,否,main（PaliGemma stable 不并入主统计）
Perturb-KL-Direct-AltSeq,mmke-entity,llava-v1.5-7b,已生成,是,eligible,done; n=636/636; valid_groups=12,"L0,L1,L2",,"L0,L1,L2",0,否,"L0,L1,L2,L3,L4",,"L0,L1,L2,L3,L4",0,否,main（PaliGemma stable 不并入主统计）
Perturb-KL-Direct-AltSeq,mmke-entity,minigpt-4-vicuna-7b,已生成,是,eligible,done; n=636/636; valid_groups=12,"L0,L1,L2",L2,"L0,L1",1,否,"L0,L1,L2,L3,L4",L2,"L0,L1,L3,L4",1,否,main（PaliGemma stable 不并入主统计）
Perturb-KL-Direct-AltSeq,mmke-entity,paligemma-3b,已生成,是,eligible,done; n=636/636; valid_groups=12,"L7,L5,L6","L7,L5,L6",,3,是,"L7,L5,L6,L8,L9","L7,L5,L6,L8,L9",,5,是,main（PaliGemma stable 不并入主统计）
Perturb-KL-Direct-AltSeq,mmke-entity,qwen2.5-vl-3b,已生成,是,eligible,done; n=636/636; valid_groups=12,"L0,L1,L2","L0,L1,L2",,3,是,"L0,L1,L2,L3,L14","L0,L1,L2,L14",L3,4,否,main（PaliGemma stable 不并入主统计）
Perturb-KL-Direct-AltSeq,mmke-entity,smolvlm-1.7b,已生成,是,eligible,done; n=636/636; valid_groups=12,"L0,L1,L2","L0,L1,L2",,3,是,"L0,L1,L2,L3,L4","L0,L1,L2","L3,L4",3,否,main（PaliGemma stable 不并入主统计）
CMA-Direct,evqa-pilot500,blip2-opt-2.7b,已生成,是,low_candidate_coverage,done; n=389/500; coverage=0.7780,"L4,L2,L5","L4,L2,L5",,3,是,"L4,L2,L5,L3,L1","L4,L2,L5,L3,L1",,5,是,main（PaliGemma stable 不并入主统计）
CMA-Direct,evqa-pilot500,instructblip-vicuna-7b,已生成,是,eligible,done; n=421/500; coverage=0.8420,"L1,L0,L25",,"L1,L0,L25",0,否,"L1,L0,L25,L22,L2",,"L1,L0,L25,L22,L2",0,否,main（PaliGemma stable 不并入主统计）
CMA-Direct,evqa-pilot500,llava-v1.5-7b,已生成,是,low_candidate_coverage,done; n=397/500; coverage=0.7940,"L0,L1,L4",,"L0,L1,L4",0,否,"L0,L1,L4,L6,L10",,"L0,L1,L4,L6,L10",0,否,main（PaliGemma stable 不并入主统计）
CMA-Direct,evqa-pilot500,minigpt-4-vicuna-7b,已生成,是,low_candidate_coverage,done; n=285/500; coverage=0.5700,"L7,L1,L0",,"L7,L1,L0",0,否,"L7,L1,L0,L2,L8",,"L7,L1,L0,L2,L8",0,否,main（PaliGemma stable 不并入主统计）
CMA-Direct,evqa-pilot500,paligemma-3b,已生成,是,low_candidate_coverage,done; n=215/500; coverage=0.4300,"L5,L4,L0","L5,L4",L0,2,否,"L5,L4,L0,L3,L2","L5,L4","L0,L3,L2",2,否,main（PaliGemma stable 不并入主统计）
CMA-Direct,evqa-pilot500,qwen2.5-vl-3b,已生成,是,low_candidate_coverage,done; n=239/500; coverage=0.4780,"L1,L0,L3","L1,L0,L3",,3,是,"L1,L0,L3,L6,L4","L1,L0,L3","L6,L4",3,否,main（PaliGemma stable 不并入主统计）
CMA-Direct,evqa-pilot500,smolvlm-1.7b,已生成,是,low_candidate_coverage,done; n=293/500; coverage=0.5860,"L0,L1,L3","L0,L1,L3",,3,是,"L0,L1,L3,L2,L6","L0,L1,L3,L2",L6,4,否,main（PaliGemma stable 不并入主统计）
CMA-Direct,mmke-visual,blip2-opt-2.7b,已生成,是,eligible,done; n=212/214; coverage=0.9907,"L3,L0,L1","L3,L0,L1",,3,是,"L3,L0,L1,L2,L4","L3,L0,L1,L2,L4",,5,是,main（PaliGemma stable 不并入主统计）
CMA-Direct,mmke-visual,instructblip-vicuna-7b,已生成,是,eligible,done; n=212/214; coverage=0.9907,"L23,L22,L24","L23,L22,L24",,3,是,"L23,L22,L24,L19,L17","L23,L22,L24,L19,L17",,5,是,main（PaliGemma stable 不并入主统计）
CMA-Direct,mmke-visual,llava-v1.5-7b,已生成,是,eligible,done; n=207/214; coverage=0.9673,"L0,L1,L2",L0,"L1,L2",1,否,"L0,L1,L2,L3,L4",L0,"L1,L2,L3,L4",1,否,main（PaliGemma stable 不并入主统计）
CMA-Direct,mmke-visual,minigpt-4-vicuna-7b,已生成,是,low_candidate_coverage,done; n=50/214; coverage=0.2336,"L0,L1,L2","L0,L1,L2",,3,是,"L0,L1,L2,L3,L4","L0,L1,L2,L3",L4,4,否,main（PaliGemma stable 不并入主统计）
CMA-Direct,mmke-visual,paligemma-3b,已生成,是,low_candidate_coverage,done; n=76/214; coverage=0.3551,"L1,L2,L0",,"L1,L2,L0",0,否,"L1,L2,L0,L3,L5",,"L1,L2,L0,L3,L5",0,否,main（PaliGemma stable 不并入主统计）
CMA-Direct,mmke-visual,qwen2.5-vl-3b,已生成,是,low_candidate_coverage,done; n=31/214; coverage=0.1449,"L1,L0,L6","L1,L0,L6",,3,是,"L1,L0,L6,L7,L3","L1,L0,L6,L7",L3,4,否,main（PaliGemma stable 不并入主统计）
CMA-Direct,mmke-visual,smolvlm-1.7b,已生成,是,low_candidate_coverage,done; n=140/214; coverage=0.6542,"L0,L1,L15","L0,L1,L15",,3,是,"L0,L1,L15,L2,L7","L0,L1,L15,L7",L2,4,否,main（PaliGemma stable 不并入主统计）
CMA-Direct,mmke-entity,blip2-opt-2.7b,已生成,是,eligible,done; n=634/636; coverage=0.9969,"L3,L0,L2","L3,L0,L2",,3,是,"L3,L0,L2,L4,L1","L3,L0,L2,L4",L1,4,否,main（PaliGemma stable 不并入主统计）
CMA-Direct,mmke-entity,instructblip-vicuna-7b,已生成,是,eligible,done; n=630/636; coverage=0.9906,"L23,L24,L22","L23,L24,L22",,3,是,"L23,L24,L22,L19,L17","L23,L24,L22,L19,L17",,5,是,main（PaliGemma stable 不并入主统计）
CMA-Direct,mmke-entity,llava-v1.5-7b,已生成,是,eligible,done; n=632/636; coverage=0.9937,"L0,L1,L2",,"L0,L1,L2",0,否,"L0,L1,L2,L3,L4",,"L0,L1,L2,L3,L4",0,否,main（PaliGemma stable 不并入主统计）
CMA-Direct,mmke-entity,minigpt-4-vicuna-7b,已生成,是,low_candidate_coverage,done; n=97/636; coverage=0.1525,"L0,L1,L2",L2,"L0,L1",1,否,"L0,L1,L2,L3,L4",L2,"L0,L1,L3,L4",1,否,main（PaliGemma stable 不并入主统计）
CMA-Direct,mmke-entity,paligemma-3b,已生成,是,low_candidate_coverage,done; n=125/636; coverage=0.1965,"L0,L2,L1","L0,L2,L1",,3,是,"L0,L2,L1,L3,L7","L0,L2,L1,L3,L7",,5,是,main（PaliGemma stable 不并入主统计）
CMA-Direct,mmke-entity,qwen2.5-vl-3b,已生成,是,low_candidate_coverage,low_confidence; n=9/636; coverage=0.0142,"L1,L0,L2","L1,L0,L2",,3,是,"L1,L0,L2,L3,L6","L1,L0,L2","L3,L6",3,否,main（PaliGemma stable 不并入主统计）
CMA-Direct,mmke-entity,smolvlm-1.7b,已生成,是,eligible,done; n=544/636; coverage=0.8553,"L15,L18,L16","L15,L18,L16",,3,是,"L15,L18,L16,L19,L14","L15,L18,L16,L14",L19,4,否,main（PaliGemma stable 不并入主统计）
Ours-Direct (M_abscos_x_newn),evqa-pilot500,blip2-opt-2.7b,已生成,是,eligible,done; valid=465/500; coverage=0.9300,"L0,L1,L2","L0,L1,L2",,3,是,"L0,L1,L2,L3,L4","L0,L1,L2,L3,L4",,5,是,main（PaliGemma stable 不并入主统计）
Ours-Direct (M_abscos_x_newn),evqa-pilot500,instructblip-vicuna-7b,已生成,是,eligible,done; valid=500/500; coverage=1.0000,"L1,L0,L11",,"L1,L0,L11",0,否,"L1,L0,L11,L9,L10",,"L1,L0,L11,L9,L10",0,否,main（PaliGemma stable 不并入主统计）
Ours-Direct (M_abscos_x_newn),evqa-pilot500,llava-v1.5-7b,已生成,是,eligible,done; valid=500/500; coverage=1.0000,"L0,L1,L2",,"L0,L1,L2",0,否,"L0,L1,L2,L3,L4",,"L0,L1,L2,L3,L4",0,否,main（PaliGemma stable 不并入主统计）
Ours-Direct (M_abscos_x_newn),evqa-pilot500,minigpt-4-vicuna-7b,已生成,是,eligible,done; valid=499/500; coverage=0.9980,"L18,L19,L16","L18,L16",L19,2,否,"L18,L19,L16,L17,L21","L18,L16,L17","L19,L21",3,否,main（PaliGemma stable 不并入主统计）
Ours-Direct (M_abscos_x_newn),evqa-pilot500,paligemma-3b,已生成,是,eligible,done; valid=500/500; coverage=1.0000,"L5,L4,L3","L5,L4",L3,2,否,"L5,L4,L3,L6,L7","L5,L4,L6,L7",L3,4,否,main（PaliGemma stable 不并入主统计）
Ours-Direct (M_abscos_x_newn),evqa-pilot500,qwen2.5-vl-3b,已生成,是,eligible,done; valid=500/500; coverage=1.0000,"L21,L19,L17","L21,L19,L17",,3,是,"L21,L19,L17,L20,L18","L21,L19,L17,L20,L18",,5,是,main（PaliGemma stable 不并入主统计）
Ours-Direct (M_abscos_x_newn),evqa-pilot500,smolvlm-1.7b,已生成,是,eligible,done; valid=500/500; coverage=1.0000,"L0,L1,L2","L0,L1,L2",,3,是,"L0,L1,L2,L3,L4","L0,L1,L2,L3",L4,4,否,main（PaliGemma stable 不并入主统计）
Ours-Direct (M_abscos_x_newn),mmke-visual,blip2-opt-2.7b,已生成,是,eligible,done; valid=175/214; coverage=0.8178,"L0,L1,L2","L0,L1,L2",,3,是,"L0,L1,L2,L4,L3","L0,L1,L2,L4,L3",,5,是,main（PaliGemma stable 不并入主统计）
Ours-Direct (M_abscos_x_newn),mmke-visual,instructblip-vicuna-7b,已生成,是,eligible,done; valid=214/214; coverage=1.0000,"L1,L0,L3","L1,L0,L3",,3,是,"L1,L0,L3,L2,L4","L1,L0,L3,L2,L4",,5,是,main（PaliGemma stable 不并入主统计）
Ours-Direct (M_abscos_x_newn),mmke-visual,llava-v1.5-7b,已生成,是,eligible,done; valid=214/214; coverage=1.0000,"L0,L3,L1",L0,"L3,L1",1,否,"L0,L3,L1,L2,L5",L0,"L3,L1,L2,L5",1,否,main（PaliGemma stable 不并入主统计）
Ours-Direct (M_abscos_x_newn),mmke-visual,minigpt-4-vicuna-7b,已生成,是,eligible,done; valid=214/214; coverage=1.0000,"L9,L10,L11",,"L9,L10,L11",0,否,"L9,L10,L11,L15,L14","L15,L14","L9,L10,L11",2,否,main（PaliGemma stable 不并入主统计）
Ours-Direct (M_abscos_x_newn),mmke-visual,paligemma-3b,已生成,是,eligible,done; valid=214/214; coverage=1.0000,"L5,L4,L3",,"L5,L4,L3",0,否,"L5,L4,L3,L2,L1",,"L5,L4,L3,L2,L1",0,否,main（PaliGemma stable 不并入主统计）
Ours-Direct (M_abscos_x_newn),mmke-visual,qwen2.5-vl-3b,已生成,是,eligible,done; valid=214/214; coverage=1.0000,"L0,L1,L2","L0,L1,L2",,3,是,"L0,L1,L2,L3,L4","L0,L1,L2","L3,L4",3,否,main（PaliGemma stable 不并入主统计）
Ours-Direct (M_abscos_x_newn),mmke-visual,smolvlm-1.7b,已生成,是,eligible,done; valid=214/214; coverage=1.0000,"L0,L1,L2","L0,L1",L2,2,否,"L0,L1,L2,L3,L4","L0,L1,L4","L2,L3",3,否,main（PaliGemma stable 不并入主统计）
Ours-Direct (M_abscos_x_newn),mmke-entity,blip2-opt-2.7b,已生成,是,eligible,done; valid=284/636; coverage=0.4465,"L0,L1,L2","L0,L2",L1,2,否,"L0,L1,L2,L3,L4","L0,L2,L3,L4",L1,4,否,main（PaliGemma stable 不并入主统计）
Ours-Direct (M_abscos_x_newn),mmke-entity,instructblip-vicuna-7b,已生成,是,eligible,done; valid=636/636; coverage=1.0000,"L1,L0,L3","L1,L0,L3",,3,是,"L1,L0,L3,L2,L4","L1,L0,L3,L2,L4",,5,是,main（PaliGemma stable 不并入主统计）
Ours-Direct (M_abscos_x_newn),mmke-entity,llava-v1.5-7b,已生成,是,eligible,done; valid=636/636; coverage=1.0000,"L13,L11,L12",,"L13,L11,L12",0,否,"L13,L11,L12,L10,L9",,"L13,L11,L12,L10,L9",0,否,main（PaliGemma stable 不并入主统计）
Ours-Direct (M_abscos_x_newn),mmke-entity,minigpt-4-vicuna-7b,已生成,是,eligible,done; valid=636/636; coverage=1.0000,"L27,L28,L26",L28,"L27,L26",1,否,"L27,L28,L26,L25,L29","L28,L25","L27,L26,L29",2,否,main（PaliGemma stable 不并入主统计）
Ours-Direct (M_abscos_x_newn),mmke-entity,paligemma-3b,已生成,是,eligible,done; valid=636/636; coverage=1.0000,"L5,L4,L3","L5,L3",L4,2,否,"L5,L4,L3,L2,L6","L5,L3,L2,L6",L4,4,否,main（PaliGemma stable 不并入主统计）
Ours-Direct (M_abscos_x_newn),mmke-entity,qwen2.5-vl-3b,已生成,是,eligible,done; valid=636/636; coverage=1.0000,"L0,L1,L2","L0,L1,L2",,3,是,"L0,L1,L2,L3,L6","L0,L1,L2","L3,L6",3,否,main（PaliGemma stable 不并入主统计）
Ours-Direct (M_abscos_x_newn),mmke-entity,smolvlm-1.7b,已生成,是,eligible,done; valid=636/636; coverage=1.0000,"L0,L1,L2","L0,L1,L2",,3,是,"L0,L1,L2,L3,L4","L0,L1,L2","L3,L4",3,否,main（PaliGemma stable 不并入主统计）
