layer,attn_mean,mlp_mean,score_positive,score_signed,score_abs,rank_positive,rank_signed,rank_abs
0,0.005102995653461597,0.003848143065923706,0.008951138719385304,0.008951138719385304,0.008951138719385304,17,17,17
1,0.00044165655423945377,0.002323577752731785,0.002765234306971239,0.002765234306971239,0.002765234306971239,26,26,26
2,0.0001523159915612484,0.00013956648518651356,0.00029188247674776196,0.00029188247674776196,0.00029188247674776196,32,32,32
3,0.0005546979400203808,0.0002689174953415408,0.0008236154353619216,0.0008236154353619216,0.0008236154353619216,30,30,31
4,0.002125594352012097,0.002269487095043193,0.004395081447055291,0.004395081447055291,0.004395081447055291,21,21,21
5,0.0014495591480856416,0.00011177478214506636,0.001561333930230708,0.001561333930230708,0.001561333930230708,27,27,27
6,0.0014497781782638855,-6.971507099979551e-05,0.0014497781782638855,0.00138006310726409,0.0015194932492636811,28,28,28
7,0.002865477453524141,0.0006600011078621016,0.0035254785613862425,0.0035254785613862425,0.0035254785613862425,24,24,24
8,0.001280847526110314,-0.00015357175795345022,0.001280847526110314,0.001127275768156864,0.0014344192840637642,29,29,29
9,0.005868021889448339,1.3020744902046161e-05,0.005881042634350385,0.005881042634350385,0.005881042634350385,19,19,19
10,0.002357758452959319,0.001307756438700837,0.0036655148916601562,0.0036655148916601562,0.0036655148916601562,23,23,23
11,-0.00016754356853714586,0.0007311434728039609,0.0007311434728039609,0.000563599904266815,0.0008986870413411068,31,31,30
12,0.0006026201896710646,0.0022554391177057364,0.0028580593073768007,0.0028580593073768007,0.0028580593073768007,25,25,25
13,0.003187988712034457,0.0015647371724460482,0.0047527258844805055,0.0047527258844805055,0.0047527258844805055,20,20,20
14,0.015099160493236367,0.003289032781438959,0.018388193274675325,0.018388193274675325,0.018388193274675325,13,13,13
15,0.00252646762273652,0.01210996558623854,0.01463643320897506,0.01463643320897506,0.01463643320897506,15,15,15
16,0.010493182994982059,0.00724701655224675,0.01774019954722881,0.01774019954722881,0.01774019954722881,14,14,14
17,0.0014966881964212425,0.0024912283661367523,0.003987916562557994,0.003987916562557994,0.003987916562557994,22,22,22
18,0.0030870158159345138,0.053213687576509267,0.05630070339244378,0.05630070339244378,0.05630070339244378,2,2,2
19,0.029147129946149136,0.009430446280265608,0.03857757622641474,0.03857757622641474,0.03857757622641474,5,5,5
20,0.010700431288062445,0.03833488046714031,0.04903531175520275,0.04903531175520275,0.04903531175520275,3,3,3
21,0.007866280262920796,0.01820911488433835,0.026075395147259147,0.026075395147259147,0.026075395147259147,11,11,11
22,0.011827100986032351,0.025457053896440193,0.037284154882472546,0.037284154882472546,0.037284154882472546,6,6,6
23,0.004245154526288764,0.022763124631150194,0.027008279157438957,0.027008279157438957,0.027008279157438957,9,9,9
24,0.009122373152040019,0.019094387641540585,0.028216760793580604,0.028216760793580604,0.028216760793580604,8,8,8
25,0.0041266877760377,0.003132851343546205,0.007259539119583904,0.007259539119583904,0.007259539119583904,18,18,18
26,0.031217382918619852,0.0026959032091110153,0.03391328612773087,0.03391328612773087,0.03391328612773087,7,7,7
27,0.0008251167944754523,0.025976753710568314,0.026801870505043766,0.026801870505043766,0.026801870505043766,10,10,10
28,0.009172449187066833,0.01683261186196771,0.026005061049034543,0.026005061049034543,0.026005061049034543,12,12,12
29,0.011287144023459907,0.04881045105544538,0.06009759507890529,0.06009759507890529,0.06009759507890529,1,1,1
30,0.026096863872857933,0.01527526245031743,0.041372126323175364,0.041372126323175364,0.041372126323175364,4,4,4
31,0.006604357223878166,0.006275622221271532,0.012879979445149698,0.012879979445149698,0.012879979445149698,16,16,16
